Hard_Word,Frequency
এহন,4
গতকাল,4
গ্রহণের,4
ব্যাবস্তা,4
উন্নতির,4
নরসিংদী,4
ধারের,4
ফানি,4
আমদের,4
বলগ,4
হয়না,4
রিটার্ন,4
পরিণত,4
চুদির,4
জানানো,4
টস,4
পিটাইয়া,4
ডালটা,4
ত্যাগ,4
যানতে,4
৪৫,4
তুলশি,4
দিস,4
লাগছিল,4
17,4
সাধীন,4
সিন্ডিকেট,4
চামুচ,4
ফুটেজে,4
বিভাগ,4
হ্যান্ড,4
মিশিয়ে,4
অব,4
লুকমান,4
উ,4
চেংরাবান্দা,4
ফর,4
অাসছে,4
আলম,4
হোম,4
শিবিরের,4
হইতাছে,4
২৭,4
চাঁদের,4
পর্দায়,4
হেটার্সরা,4
পারল,4
গোশত,4
যমদূত,4
মাদারের,4
ভিজিট,4
বস্তি,4
সংঘটিত,4
এতোটা,4
হিন্দুরা,4
সাইকেল,4
চৌধুরী,4
কায়েস,4
বেবসতা,4
হেদায়েত,4
জন্মায়,4
বিরত,4
হৈ,4
চৈ,4
নহে,4
বয়েজ,4
ফেলেছেন,4
আপ্নারা,4
হেই,4
র‍্যাগ,4
কষ্টে,4
ধনী,4
ধন্য,4
গরুকে,4
থাকতেই,4
সন্মান,4
2500,4
বেনাপোল,4
মাহাবুব,4
এইটুকু,4
ধর্ষক,4
ভয়েস,4
মালাউনের,4
ক্রিকেটে,4
বিড়ালের,4
শোক,4
মেয়েটা,4
খা‌লি,4
ধান্দাবাজ,4
চলচ্চিত্র,4
চালাতে,4
লেক,4
মেলে,4
দোষ,4
প‌রের,4
মানুষই,4
দৈনিক,4
সেপ্টেম্বর,4
লুটে,4
সাইজের,4
নিছেন,4
শুনেছিলাম,4
ছোটলোকের,4
দলকে,4
মিঠা,4
গরমে,4
বিচারকের,4
ওইগুলা,4
তথাকথিত,4
নীলা,4
চিনিগুড়া,4
হাড়ি,4
ট্যুরে,4
নিয়েছিল,4
নিকটে,4
টাউন,4
মানুষগুলো,4
নির্বাচনে,4
বিধান,4
40,4
খাংকি,4
দিতি,4
ওখান,4
প্রচেষ্টা,4
পাপনও,4
খোদার,4
সল্প,4
ব্যাবসায়ী,4
বক,4
প্রাধান্য,4
কর্মকর্তাকে,4
২০০,4
ইনফো,4
মেবি,4
জানাতে,4
রিমান্ড,4
শান্তির,4
হৃদয়,4
চাকুরি,4
গাইলে,4
অত্যাচারের,4
মাদারি,4
যাপন,4
আবর্জনা,4
বলায়,4
কোরাল,4
চাইই,4
পাশ,4
ইনশাআল্লাহ্,4
কুত্তাকে,4
ওদিকে,4
লজ্জিত,4
লাগতেছে,4
কেই,4
ছাত্রলিগের,4
যামু,4
রাজনীতিবিদ,4
13,4
ইস্যুতে,4
মরবে,4
থানায়,4
মুহুর্তে,4
ফেলছেন,4
লইয়া,4
ফাইজলামি,4
এক্সপেরিয়েন্স,4
দুজনের,4
উঠছে,4
সবারই,4
সিলেটিরা,4
চাকরিতে,4
জানবেন,4
সবি,4
মেন,4
হুয়াওয়ে,4
শিঙাড়া,4
বিএনপির,4
ক্বারী,4
অহরহ,4
কালেক্ট,4
বলাটা,4
পড়াশোনা,4
কাফের,4
ম্যাডাম,4
বিহারি,4
ফুটুক,4
দ্রুতই,4
ভাইয়ার,4
শুক্তো,4
বাপে,4
হলোনা,4
বিভাগে,4
গেটের,4
অপজিটে,4
তোমার,4
দিয়েন,4
রহমতের,4
তথ্যবহুল,4
বেডা,4
যা‌বে,4
কন,4
তামিম,4
নাম্বারে,4
বর্ষাকাল,4
পাহাড়ের,4
নিচু,4
মাইয়া,4
দৌড়,4
করছিল,4
নিভিয়ে,4
করেছ,4
তেই,4
ভাগ্যদেবী,4
সেইম,4
এরেস্ট,4
সন্তাস,4
খানকীর,4
চুদতে,4
দরজা,4
ইন্ডিয়ানরা,4
তোরাও,4
শ্যামলী,4
ভিসি,4
এতগুলা,4
ট্রাম্প,4
সিরিজের,4
জনপ্রিয়,4
বন্ধুত্ব,4
ক্রেজি,4
ব্যাক্তিগত,4
অমৃত,4
ফয়সালা,4
চোদাও,4
বউরে,4
টেস,4
রখা,4
মারুফ,4
বয়কট,4
হেতের,4
সংগ্রহ,4
যাহোক,4
কলংক,4
হুশ,4
উপভোগ্য,4
কাপর,4
প্রসাসনের,4
হইছিলো,4
বাঁশ,4
পর্দার,4
কিছুতেই,4
ফেরেশতা,4
ওইখানে,4
চেখে,4
গিয়েছে,4
অল,4
সময়ও,4
এখনই,4
উনারা,4
আরেকবার,4
ভাবির,4
প্রকৃতির,4
রীতিমত,4
আপানার,4
বরিশাল,4
থ্যাঙ্ক,4
ধীরে,4
জিভ,4
আইসেন,4
সময়ে,4
তেও,4
মুত্র,4
তুরা,4
টারে,4
জী,4
ফিরনী,4
স্ট্যাটাস,4
তাকেও,4
মানুষরা,4
খুশী,4
ব,4
উদাহরণ,4
বলদের,4
বৈশিষ্ট্য,4
চালানোর,4
ওসাম,4
সাস্থ,4
মানুষেই,4
জান্নাতের,4
রেজা,4
ভাবিনি,4
মার্কেটিং,4
সদস্যদের,4
ডক্টর,4
পারিবারিক,4
শতভাগ,4
শখ,4
বাটন,4
মালেকের,4
দেখলেও,4
আমিই,4
থেনক্স,4
আন্তরিকতা,4
বেয়াদব,4
হায়রে,4
কাজই,4
বাস্তবতা,4
ভেঙ্গে,4
যাচ্চে,4
সর্বোপরি,4
হাউজে,4
ইউনিক,4
জানবে,4
সংস্থা,4
স্থায়ী,4
নাটের,4
খুনীদের,4
শৃঙ্খলা,4
নজিরবিহীন,4
সন্তুষ্ট,4
ফ্লপ,4
নিয়োগ,4
নাস্তিক,4
অভ্যাস,4
রোজ,4
গরিভ,4
সাহসি,4
তবীব,4
রেজালা,4
ভান,4
কাড়ি,4
জনগণকে,4
বেগুন,4
থেকেছেন,4
কতবার,4
রাখবে,4
সস্তায়,4
ওরাই,4
স্ট্রিটফুড,4
এতবার,4
নয়ন,4
১৯,4
আলাপ,4
জন্মগ্রহণ,4
সাল্লাম,4
ভূয়া,4
কোলাব,4
দর্শন,4
অদ্ভুত,4
ঘটলে,4
দরতে,4
কান্ড,4
চলেছে,4
স,4
চুতিয়া,4
নিলেন,4
মৃত্যুদণ্ড,4
কেমিকেল,4
কেপসাইসিন,4
মহিলাটা,4
কেপসাইসিনের,4
যতবেশি,4
তোলা,4
কাপাসিয়া,4
সত্যিকার,4
দুর্নীতির,4
ছেন,4
7000,4
করাতে,4
ক্রিকেটারদের,4
রান্নাঘরে,4
অরে,4
আনন্দের,4
টিকতে,4
ড্রেস,4
ভায়েরা,4
জঙ্গী,4
চলতেছে,4
খাসীর,4
মায়রে,4
চুদবো,4
ছাত্রের,4
পাখির,4
ধারণ,4
নামাযের,4
জামিন,4
ঐই,4
বুদ্ধিমান,4
বিরল,4
দেখিয়েন,4
খালেদা,4
আদেশ,4
মাপের,4
ভুইয়ার,4
আগামিতে,4
শেসে,4
ঐতিহ্যবাহি,4
খুলনার,4
লিগ,4
পাবদা,4
150,4
খাওন,4
খাওয়াই,4
অবস্তা,4
পড়ছেন,4
ভগবান,4
কৃতজ্ঞ,4
অামাকে,4
অশ্লীল,4
মাথায়,4
সেন্টারের,4
বিচ,4
19,4
শিক,4
২০০৩,4
লাখের,4
01717,4
পড়ুন,4
007719,4
ভাবতাম,4
টিমের,4
মানেনা,4
শিওর,4
হোলো,4
শিয়াল,4
পরিপূর্ণ,4
পেশায়,4
সাকিব,4
তাকাতে,4
পরিস্থিতিতে,4
সাহসিকতার,4
এলে,4
বিসমিল্লাহির,4
যৌন,4
কালি,4
মিষ্টান্ন,4
কোলকাতায়,4
মেট্রোম্যান,4
ঘরোয়ার,4
গ্যারান্টি,4
দশে,4
পাঁপড়,4
বগুড়ায়,4
মিরিক,4
অন্তর,4
কোয়ালিটি,4
কিনবো,4
খাসি,4
এখোন,4
পরিচালনা,4
ঘুগনি,4
অন্যায়ের,4
কেন্দ্র,4
প্রায়,4
ট্রেনে,4
দুনিয়ার,4
কাছের,4
ট্রেনের,4
টয়,4
মুর্খ,4
তারিখে,4
ঢোকার,4
আমাগো,4
পানির,4
সেলিনা,4
ছিড়ে,4
বিশ্ববিদ্যালয়ের,4
খেয়েই,4
প্যান্ট,4
অপূর্ব,4
পারা,4
পাঙ্গাস,4
কিমি,4
শর্মা,4
গুছিয়ে,4
কো,4
হাফেজদের,4
লখ,4
রিভিউটা,4
লিপ্ত,4
একসময়,4
বিকেল,4
সমুচা,4
নিচের,4
স্টুডেন্টদের,4
মসজিদের,4
হেফাজতে,4
ঘটনার,4
ধরেন,4
আদালতে,4
আচে,4
কম্বিনেশন,4
জিবনে,4
থাকায়,4
বুড়ি,4
যেতেই,4
বাং,4
দৃষ্টান্তমূলক,4
শেরা,4
মায়েদা,4
জনো,4
দুষ্ট,4
প্রমাণিত,4
দুনিয়াতে,4
লাশ,4
দুপুর,4
বিলুপ্ত,4
বারে,4
কেয়ার,4
চাবিয়ে,4
দুরের,4
চারটা,4
গ্রিল,4
সিওর,4
জনৌ,4
এইচ,4
সাভাবিক,4
বার্গারটা,4
নীতির,4
চালাক,4
পড়েন,4
অপেক্ষায়,4
সাহেবকে,4
আমলের,4
জানের,4
ভক্ষক,4
সবথেকে,4
একশ,4
বালাদুল,4
দরি,4
কোনদিনই,4
মর্যাদা,4
কংলাক,4
ওয়াক,4
চো,4
বানাইয়েন,4
বানাইছে,4
হেয়,4
মাজে,4
আখড়া,4
১৮,4
সেভাবেই,4
নামবার,4
সাজেস্ট,4
চিন্তায়,4
মামলার,4
নস্ট,4
বস্তির,4
ভ্যারাইটি,4
যেখান,4
খাবারও,4
রেস্তোরাঁ,4
কাবাবের,4
এরাও,4
পতিতাদের,4
মাহসান,4
গেম,4
বসা,4
অতএব,4
জিনিসটা,4
70,4
লিখা,4
মাঠে,4
একদিনের,4
মাইন্ড,4
ভ্লগার,4
রাস্ট্র,4
পোলাপান,4
বস্তা,4
চাকুম,4
ব্লগারদের,4
হাটা,4
নির্দিষ্ট,4
ক্রস,4
লিঙ্গ,4
কাকা,4
চিন্তার,4
আনছে,4
লাভার,4
000,4
সন্ত্রাসের,4
জাতিয়,4
বাঁচাও,4
কাত,4
করাটা,4
পাকিস্তানের,4
ফলাফল,4
ভন,4
প্রচন্ড,4
খাইতেছেন,4
খুলতে,4
বুঝতাম,4
বেশির,4
সত্যটা,4
ড্রোন,4
হালারপুত,4
চাও,4
কুরআন,4
দেখিনি,4
ডাকসুর,4
গলিবয়,4
গুন,4
২৮,4
ভাবতেই,4
বিরাট,4
সত্যকে,4
পালাতে,4
রোগ,4
জায়গাতে,4
রসগোল্লা,4
শোতে,4
শেয়ার,4
বেপার,4
কাজগুলো,4
স্থায়ীভাবে,4
দুর্গন্ধ,4
ভিসাতে,4
তম,4
আব্বু,4
একরকম,4
ফেইসবুক,4
নির্ধারিত,4
জানিস,4
আসছিলেন,4
লজ্জায়,4
সালাদের,4
ভাড়া,4
বল্লো,4
ওগুলো,4
রেসিপিটা,4
খতি,4
অফুরন্ত,4
আকর্শন,4
উদ্দেগ,4
গরীবদের,4
মানুষেরা,4
তেতো,4
মাতিয়ে,4
দুইটাকে,4
করছিলেন,4
বাংলাদেশর,4
ভবিষ্যত,4
বেশ্যাগিরি,4
আবহাওয়া,4
এপ্লাই,4
জামাত,4
গ্রহণযোগ্য,4
নাও,4
ভার্সিটিতে,4
ফাঁশি,4
ব্লগের,4
সত্যের,4
দারি,4
উন্নয়নের,4
ভেতর,4
এন্ডোর্স,4
কিনবেন,4
মাশ,4
শাহী,4
বন্দি,4
কৌশল,4
আবেগে,4
বাবে,4
উৎপত্তি,4
এইতো,4
ফিটনেস,4
রেগিং,4
হিংসা,4
গুরুত্বপূর্ণ,4
ঘটেছে,4
দিবি,4
জাগ্রত,4
শ,4
শারীরিক,4
আকামের,4
হ‌বে,4
ইন্ডিয়াতে,4
নিম্ন,4
২৯০,4
বুকাচুদা,4
ফেলেছে,4
লা‌গে,4
গুজব,4
সন্ত্রাসীরা,4
বেপরোয়া,4
ছত্রছায়ায়,4
আকর্ষণ,4
ছানা,4
ট্রাক,4
ফাস,4
মি‌ষ্টি,4
বিশ্রী,4
ক্যাম্পাস,4
তরকারি,4
ফিটের,4
ন্যায্য,4
নাস্তার,4
দুইজনের,4
মানবিক,4
ইসলামকে,4
ভিডিওগ্রাফাররে,4
অলস,4
কেন্দ্রিক,4
চলুন,4
যাকাত,4
দিতেই,4
মূল্যায়ন,4
হাল,4
মাওয়া,4
ম্যানেজ,4
ধার,4
ধরবে,4
মন্তব্যের,4
কাচ্ছি,4
আবুল,4
প্রব্লেম,4
শেরপুর,4
কুততার,4
শোনা,4
হায়াবুসা,4
লেখেন,4
দিয়েছিলাম,4
ছিলনা,4
লক্ষ্য,4
আনবেন,4
বটতলার,4
আদায়,4
খাবারগুলোর,4
বিক্রির,4
পাতাল,4
গুলারে,4
বড়ই,4
পরিমানে,4
এছাড়াও,4
সাড়া,4
ভাইতো,4
একান্ত,4
আল্লাহু,4
ইস্যু,4
২২০,4
নোংড়া,4
শুয়ারের,4
গুল্লু,4
মাগার,4
সবচে,4
ধান্দায়,4
দয়ালু,4
বেসি,4
কেজী,4
কিং,4
মেয়াদ,4
টপিক,4
গেও,4
ডাক্তারের,4
ধ্বংসের,4
পাপোন,4
মিরপুরে,4
দেননা,4
প্রচলন,4
স্থায়ীভাবে,4
প্রেমিক,4
রসমালাই,4
পরিবেশটা,4
গুস্ত,4
যশোরে,4
১৪০,4
ভদ্রলোক,4
পোষা,4
আকার,4
খুলনা,4
হইবে,4
আপনারাই,4
বেহায়া,4
দলে,4
খেলতে,4
উপড়,4
পাঙাশ,4
খাওয়ানো,4
ইহুদী,4
বিসর্জন,4
ঝরে,4
ক্যালকাটার,4
সর্বনিম্ন,4
কলে,4
ইসরাইলের,4
জানালেন,4
মৃত্যুর,4
পর্দাপ্রথা,4
অফিসের,4
অপেক্ষার,4
গলাকাটা,4
জিনি,4
ফহিন্নির,4
শপ,4
সর্বোচ্চ,4
বাসমতি,4
প্রথমেই,4
জেলের,4
ভ্যান,4
দুদিন,4
স্বাগতম,4
ভরতা,4
কুন,4
বাতাসে,4
কর্মকান্ডের,4
অস্তিত্ব,4
মাংসে,4
গাইডকে,4
নমিনেশন,4
পাইলেন,4
স্টাইলে,4
মনুষ্যত্ব,4
বালিশ,4
হনুমানরা,4
চরিত্রহীন,4
প্লেনে,4
দায়ে,4
প্রযুক্তির,4
কুনো,4
বিকল্প,4
মিছিল,4
ভজহরি,4
ভিতরের,4
দোস্ত,4
তাআলার,4
বাংলাদেশেই,4
ধন্যাবাদ,4
খাওয়াইতে,4
চেয়েছিল,4
বাসির,4
মেরুদন্ড,4
ভেসে,4
কাম্য,4
ভ্লগটা,4
সুনাম,4
ধরুন,4
এখানের,4
ইফতার,4
ম,4
স্পিড,4
পপুলার,4
আরোও,4
দাদারা,4
ছটফট,4
নোবেল,4
সেহেরি,4
পাচার,4
ঢাবি,4
বস্তিতে,4
কাইত,4
ছাএলীগের,4
মিলবে,4
বুঝবো,4
মানুশের,4
দেখলেন,4
র‍্যাব,4
টাইগার,4
রাখ,4
ভঙ্গি,4
সর্বদা,4
আদনানের,4
উপস্থাপক,4
ফ্যামিলির,4
অপশন,4
ব্যান,4
২৫,4
তৎপর,4
ফেললে,4
খুদের,4
অনুষ্ঠানটি,4
খুজ,4
এশিয়া,4
আনন্দে,4
মুখরোচক,4
জনতার,4
নামাজের,4
যেখানেই,4
অপারেট,4
হবি,4
মুসলমানের,4
পর্বে,4
আসসালামুআলাইকুম,4
কমেন্টগুলো,4
চ্যাম্পিয়ন,4
বটে,4
ব্যাকগ্রাউন্ডে,4
রাত্রে,4
চাঁদপুর,4
উন্মোচন,4
রেড,4
থাকত,4
পায়ের,4
হোসাইন,4
চাঁদপুরের,4
বাচচা,4
কাভার,4
টাকি,4
পাইছেন,4
চুদে,4
এক্টা,4
বিমানে,4
ভদ্রভাবে,4
রাব্বানী,4
পড়বেন,4
ভাসা,4
ঠিকমতো,4
সাথেও,4
বানিজ্যিকভাবে,4
গবেষণা,4
পানসি,4
দোষী,4
নারীর,4
সময়টা,4
ডায়রিয়া,4
শেয়ারড,4
এদিকে,4
যেগুলা,4
মিক্স,4
পাকিস্তানি,4
পায়েস,4
ক্লোজ,4
ফার্মের,4
মিডিয়া,4
হাতিয়ে,4
আলামত,4
কর্মকর্তাদের,4
মূহুর্তে,4
ন্যাচারাল,4
বানিয়েছেন,4
লজিক,4
রানাই,4
800,4
মেয়েকে,4
রসুন,4
পিপি,4
অবিচার,4
সেইরকম,4
বাড়ে,4
বিবিকিউ,4
সহায়,4
ক্রসফায়ার,4
মাশাআল্লাহ,4
কেমতে,4
চালাকি,4
কক্সবাজারে,4
অ্যাড,4
ধামাচাপা,4
কনফিউজড,4
হসপিটালে,4
সহজেই,4
পাঠার,4
প্রতিবন্ধী,4
ভর্তাও,4
ধন্নবাদ,4
ভেবেছিলাম,4
অবস্হা,4
শরম,4
ডাকে,4
অগ্রিম,4
গৌরব,4
অপরাধীর,4
বাজনা,4
খেতেই,4
এমনভাবে,4
ছাত্রলীগকে,4
হিল্লোলের,4
অস্বাভাবিক,4
দেখাই,4
হেটার,4
নির্ঘাত,4
কানা,4
ভুলভাল,4
নেয়াই,4
চাচ্ছিলাম,4
হু,4
সম্পুর্ণ,4
নবাবী,4
ওয়েট,4
দেরকে,4
হচ্ছি,4
দর্শক,4
লেনদেন,4
আওয়ামিলীগ,4
আরবের,4
সিঙ্গেল,4
শ্রেণীর,4
সনির,4
এশিয়ার,4
ভাইয়ে,4
মিডিয়ায়,4
ওপারে,4
দিবার,4
মনিরুল,4
সাধ,4
বেচা,4
সাউন্ডটা,4
জন্মদিন,4
জানতামই,4
দিয়েছিল,4
খাশির,4
কমিটি,4
পাখিদের,4
ডিটেইলস,4
মুড়িঘন্ট,4
ফেমাস,4
ওয়েট,4
কমু,4
পোড়া,4
শিখান,3
চাচ্ছিল,3
সুদূর,3
নিরপেক্ষ,3
লেট,3
চায়না,3
ভাইয়াকে,3
সনি,3
<3,3
ফেরি,3
মরবি,3
ছয়,3
গ্লাসে,3
পোলাপানের,3
কাহারো,3
সমুদ্র,3
চিনতাম,3
বেড়াতে,3
পাড়,3
ভার্সিটির,3
ভাইয়্যা,3
হোগায়,3
বোতল,3
এশিয়ান,3
ক্যাম্প,3
আনেন,3
মোহাম্মদপুর,3
দোয়ার,3
প্রাপ্তি,3
তাকিয়ে,3
ভ্রমনের,3
হঠাৎ,3
লীগে,3
একপাশে,3
৪৬,3
আদাই,3
সবখানেই,3
ডং,3
পড়লো,3
টির,3
অজীবন,3
১৩,3
বাসায়,3
সেতো,3
হিল্লল,3
কর্মসংস্থানের,3
ফালুদার,3
যুদি,3
উকিল,3
অফিসারের,3
আম্মা,3
ভ্রমনে,3
সিক্রেট,3
সাউথ,3
জগিয়ে,3
ঠাট্টা,3
বেটার,3
প্রতিভাটাকে,3
বড়া,3
পানের,3
হয়েই,3
এমনও,3
দেখাইছি,3
আপ্যায়ন,3
গোমর,3
ছিনতাই,3
নগরে,3
কাটাকাটি,3
জীবিত,3
বৃষ্টির,3
মানাবে,3
ধরছে,3
শুকর,3
কত্তবড়,3
ফুসকা,3
অন্তরে,3
জমিদারের,3
আটকে,3
খেললে,3
জান্নাত,3
অন্তিম,3
ব্যাটারি,3
পার্ল,3
মাদ্রাসায়,3
বিজ্ঞাপন,3
হাবিজাবি,3
প্রো,3
লেগ,3
পেশার,3
বিবেচনা,3
ফকিন্নির,3
কছে,3
চুরের,3
দূর্দান্ত,3
ভেদাভেদ,3
ভবিষ্যতের,3
আইডেন্টিফাই,3
দেও,3
বেকারত্বের,3
পরিজনের,3
অবদান,3
মূল্যবান,3
কঠিনতম,3
অনুভব,3
ট্রাফিক,3
এডমিন,3
প্রমো,3
পড়তে,3
বলস,3
দিদিকে,3
শাহার,3
একেকজন,3
জানতোই,3
কয়লা,3
꫰,3
লক্ষণ,3
স্পষ্টভাবে,3
তাঁরা,3
খাওয়ামু,3
পড়ি,3
কাইটা,3
পূর্ব,3
গানটির,3
ভিডিওগুলা,3
বোকাচোদা,3
নীচে,3
শক্তির,3
ছাড়,3
লুক,3
ময়দানে,3
মিসিং,3
দ্য,3
সেশ,3
লড়াই,3
গেসেন,3
বই,3
কিংবদন্তি,3
নিজেরই,3
বিরোদ্ধে,3
মোবারক,3
নৌকায়,3
সাধ্য,3
ক্ষেত,3
সেষ,3
রসাতলে,3
পেতাম,3
লিখলাম,3
একন,3
কিনলে,3
ক্যামরা,3
ভিত্তিতে,3
নেভানোর,3
হয়েগেছে,3
করছিস,3
প্রতিহত,3
এমনটাই,3
ট্যাগ,3
ক্রমশ,3
নেয়না,3
অপরাধীদের,3
অনাকে,3
সফট,3
চয়েজ,3
তাহলেতো,3
সেব,3
বর্ষণ,3
শিখিয়ে,3
রেখেছি,3
সুখে,3
শব,3
গ্রেভি,3
ষোল,3
খাইসিলাম,3
বিলিন,3
ভবিষ্যতেও,3
যুদ্ধের,3
বুড়িমারি,3
ক্যাডার,3
বন্দী,3
60,3
দাঁড়ায়,3
পিওর,3
লোল,3
করসেন,3
চোদায়,3
তৈল,3
বাজাতে,3
অন্যায়ের,3
অসম্পূর্ণ,3
সপনো,3
ইজ,3
কমকে,3
মাংশের,3
নিবার,3
❤❤,3
জাতিসংঘের,3
টিকেটের,3
আযানের,3
সেইদিন,3
ব্যাখ্যা,3
উৎকৃষ্ট,3
লাগান,3
কোটা,3
খাইতা,3
সবগুলি,3
দাঁড়াবে,3
ইচ্ছামত,3
বিতরণ,3
নাদান,3
মারমেইড,3
চামচা,3
ছাত্রীদের,3
চ্যানেলটা,3
ব্যবসায়,3
রাজাকারদের,3
জীবন্ত,3
নেটে,3
হাউজের,3
হত্যাকারী,3
কাকুর,3
যায়গায়,3
মাইয়ারে,3
আগ্রহী,3
বাংগালীর,3
প্রধানমন্ত্রি,3
রাজনীতিক,3
জাদের,3
সিসির,3
এতা,3
পরিচ্ছন্ন,3
স্টেক,3
এদিক,3
পাবলিসিটি,3
পশ্চিমবঙ্গে,3
গল্লিবয়,3
জাতী,3
কর্মীদের,3
পযর্ন্ত,3
20000,3
দেখতেও,3
কুষ্টিয়াতে,3
সামর্থ,3
আসসালাম,3
কোনটি,3
পুতে,3
আন্তর্জাতিক,3
ওবায়দুল্লাহ,3
মহামান্য,3
নীলক্ষেত,3
সভাপতির,3
বিসিসিআই,3
ডিল,3
শাহের,3
প্লেটের,3
বুরা,3
টুপি,3
গুয়া,3
রাবির,3
অন্যর,3
যতক্ষন,3
কুত্তারবাচ্ছা,3
কমানোর,3
চিকিৎসার,3
শিশুটি,3
ট্রিট,3
মোল্লা,3
স্বাগত,3
জনগনকে,3
কসম,3
শুনার,3
এক্সপ্রেস,3
রাকে,3
জুয়াড়ি,3
বাংলাবাজার,3
যেটার,3
কৃতজ্ঞতা,3
গুনাহ,3
ফেরার,3
ইউনিভার্সিটি,3
ভিউয়ারের,3
২০১০,3
মতামতের,3
এগুলাই,3
মোড়ের,3
একার,3
দুয়েকটা,3
পারলেও,3
নিত্য,3
উপ্রে,3
জালা,3
পরার,3
নর্থ,3
সিকিমের,3
অাসলে,3
ছালই,3
জামায়াত,3
মালোশিয়া,3
বেবসা,3
বলেছিলো,3
সেদিকে,3
তুমার,3
রং,3
বাদই,3
দর্শকরা,3
প্রতিবা,3
ফজলুল,3
স্টাইলটা,3
প্রজেক্টে,3
ঘুরা,3
বনশ্রী,3
যুক্ত,3
সেজে,3
উপায়,3
পলিথিন,3
রূপ,3
বেনজির,3
তিব্র,3
উৎস,3
জয়েন,3
হামিদ,3
অসহায়ের,3
প্রাপ্য,3
দৃষ্টিতে,3
ব্যালেন্স,3
গোছানো,3
তীব্র,3
গুলাকে,3
যতোটা,3
আন্দাজ,3
সদর,3
ভিসায়,3
মাধব,3
বলছিস,3
অাসতে,3
মুলত,3
ভোর,3
হাসিনাকে,3
খামাখা,3
বাহবা,3
শুয়ে,3
দুনীতি,3
ডাইট,3
কথাটার,3
ভাবিকি,3
কাপড়,3
2টা,3
কতই,3
বিলিয়ে,3
পিতার,3
ডিস,3
জানুন,3
দর্শকদের,3
পারলো,3
গেছিলেন,3
হওয়ায়,3
নীচের,3
ফ্যাক্টরি,3
করবেই,3
প্রবাসি,3
ডায়েরি,3
কর্মরত,3
২০০২,3
কুনু,3
গেসি,3
দেখলুম,3
মিনিটে,3
পরলেই,3
ছোলা,3
ঘটছে,3
যাইনা,3
হাঁসের,3
ক্ষুদা,3
বলছ,3
সরম,3
টুরের,3
পাকনার,3
ব্যতীত,3
গরমের,3
বাবুর,3
ঢাকাই,3
চুম্মা,3
থাকিস,3
পোলাটারে,3
বানাইয়া,3
পিক,3
টেপার,3
ফুরুত্,3
71,3
রাষ্ট্রে,3
ফ্রীতে,3
স্যামসাং,3
শপের,3
হিরু,3
উপায়ে,3
স্বপ্নে,3
ফেনীতে,3
মিডিয়ার,3
চিরো,3
দেইনা,3
দাড়ি,3
রুজা,3
জোশের,3
গণ,3
ভাগের,3
যেয়ে,3
ধোলাই,3
জানোয়ার,3
পোষাতে,3
সয়তান,3
চালায়,3
এসমস্ত,3
সালাত,3
ত‌বে,3
ছড়ানোর,3
লিজেন্ড,3
বিলিভ,3
উগ্রতা,3
দায়ভার,3
নামাজই,3
দমন,3
গামলা,3
আপনের,3
মুখি,3
থ্যাংকস,3
দিবেনা,3
ফালাই,3
ইস্তাম্বুল,3
ঘুরার,3
সারাবছর,3
মোড়,3
দাঁড়ানোর,3
কলকাতাকে,3
পুলাপাইন,3
স্পন্সর,3
চিরন্তন,3
ছাল,3
ততো,3
ভালোবাসার,3
কস্তুরী,3
পোলাউ,3
মোরগ,3
ভাষাটা,3
পায়খানা,3
ভিজিয়ে,3
বলুক,3
পুরষ্কার,3
বল্লেন,3
পর্যটন,3
অনুপ্রাণিত,3
তোমারা,3
তাকার,3
নিলো,3
জঙ্গি,3
প্রচলিত,3
সরানোর,3
থালা,3
নামিয়ে,3
টেক্কা,3
মির,3
হেদায়েত,3
চলাফেরা,3
চাইছি,3
আমারই,3
গুগোল,3
সংস্কৃত,3
হোটেলও,3
সুষ্ঠ,3
সীতাভোগ,3
ওটাকে,3
লুটেরা,3
উত্তরোত্তর,3
তুলসী,3
অভাক,3
ঢাবিতে,3
বাটার,3
সিদ্ধ,3
দিয়েছি,3
একবছর,3
জাফরান,3
চাউলের,3
যাইনি,3
সুলতানস,3
সরিয়ে,3
জনপ্রতি,3
লুচ্চা,3
শুনিয়ে,3
ভালোভালো,3
খেলোয়াড়রা,3
ওভাবে,3
জাবি,3
বীর,3
লেনের,3
আরেকজনের,3
করাও,3
পড়ালেখা,3
প্রধানমন্তী,3
ডুবিয়ে,3
পাঞ্জাবি,3
চরিত্র,3
ধান্ধাবাজ,3
ফেজবুকে,3
দিতেছে,3
সংস্কৃতি,3
ফেনীর,3
হায়দ্রাবাদ,3
কতা,3
অনুষ্ঠানের,3
নৌকা,3
এখানেই,3
আঁধার,3
রেষ্টুরেন্টের,3
সুন্দরভাবে,3
আন্টিকে,3
পাও,3
ইনবক্স,3
কয়েকজন,3
পাঁউরুটি,3
ডেমরা,3
হওয়ার,3
গাজাখোর,3
পাইসে,3
পড়তাম,3
রহিম,3
তাইনা,3
সৌদী,3
বেড়েই,3
দাবিতে,3
ঢাকাইয়া,3
শবনম,3
পূজা,3
সাজেকের,3
দেখছে,3
কনফার্মেশন,3
সুপরিচিত,3
দুআ,3
নিইজ,3
স্বার্থের,3
কিপ,3
ঐতিহাসিক,3
সরায়,3
নিশ্বাস,3
রেট,3
ফাটে,3
থাকলাম,3
একসময়,3
আদা,3
সহযোগীতা,3
ভারী,3
দেখাও,3
প্রাইস,3
প্লাস্টিক,3
হত্যর,3
নিয়াজ,3
আইডিয়াটা,3
দাতা,3
বৌদিকে,3
যোগদান,3
হাসপাতালে,3
অপমানিত,3
দাড়ি,3
বিদ্যানন্দ,3
ফাউন্ডেশন,3
খুবিই,3
নাড়া,3
পিবিঅাই,3
পশুপতি,3
সরকারে,3
মাতৃভাষা,3
আরেকটি,3
সপ্তাহ,3
বাসের,3
দেশটাই,3
শুনলেই,3
মূলে,3
উগ্র,3
মনোমুগ্ধকর,3
কাউকেই,3
ইন্টারনেটের,3
আসলেন,3
বরকত,3
রিভিউর,3
কোলেবরেশনের,3
একইভাবে,3
অর্ধাঙ্গিনি,3
শুরুর,3
সাপ্তাহিক,3
এনিওয়ে,3
সবাইর,3
তাড়া,3
ইংরেজদের,3
জালায়,3
লিকুইড,3
গারী,3
জেনা,3
সিল,3
ইভেন,3
রিয়াদ,3
বাথা,3
কোনোভাবেই,3
চিল,3
খালাতো,3
সিলভার,3
রাইখেন,3
ফ্যাট,3
শুনেই,3
কুকর্মের,3
হানাহানি,3
পাকের,3
টো,3
বিয়েই,3
খাটি,3
সম্পদের,3
হুক,3
সাজ্জাদ,3
লেবুচুর,3
প্রতিদিনের,3
অনুবাদ,3
অতিদ্রুত,3
উওরটা,3
খাওয়ায়,3
দিও,3
শহীদ,3
নোট,3
লেখাপড়া,3
খেতেও,3
ক্ষেত্রেও,3
বলতেই,3
বাচতে,3
হয়েছেন,3
প্রানী,3
লালবাগের,3
উরি,3
দেচ,3
তুলুনা,3
রাখতেন,3
কোরআন,3
জাইতে,3
আল্লাহই,3
মানুষরে,3
কারের,3
বাব,3
আয়,3
সেজন্য,3
নিয়ন্ত্রণে,3
ডাউন,3
ফিল্ড,3
বাড়িটাই,3
বৈশাখ,3
পৃষ্ঠা,3
ভইড়া,3
বাটি,3
বটি,3
সেখানকার,3
হইব,3
হাসের,3
কুখ্যাত,3
কিবাবে,3
তুলবো,3
মুড়ো,3
পুলিশলীগ,3
ত্রকটা,3
সোনালী,3
অপ,3
যন্ত্রণায়,3
হিন,3
দুবাই,3
চিপায়,3
আহেলী,3
প্রদান,3
ইপসা,3
বাইন,3
51,3
তুদের,3
অন্ধকার,3
দিনদিন,3
নৈতিক,3
শুন্য,3
নিজেদেরকে,3
শ্বপ্ন,3
বাঁচে,3
<৩,3
সেক্টর,3
কসাই,3
হাইলাইট,3
পর্বটা,3
প্রকাশের,3
পোলাদের,3
চলো,3
রাখলো,3
গাঞ্জা,3
ওটাও,3
প্রধানের,3
সত্তি,3
বাঙাল,3
পার্ক,3
বিতাড়িত,3
বিদেশিরা,3
ফুরিয়ে,3
বেঞ্চের,3
টোস্ট,3
দেব,3
সাবার,3
নগ্ন,3
বাহাদুরী,3
পাইবে,3
ধসা,3
হ‌তে,3
আপনারাতো,3
মৌলভীবাজার,3
প্রিমিয়াম,3
জরিপ,3
পাপী,3
বান্ধবি,3
ঐদিকে,3
হিশাবে,3
দাড়িয়ে,3
বলবনা,3
ধাপ,3
বুঝেই,3
কাক্কু,3
বান্দা,3
চাদাবাজ,3
মোদি,3
অপরাদের,3
খাগড়াছড়ির,3
গে,3
সচরাচর,3
পাত্তা,3
দুদকের,3
স্কলারশিপ,3
হাজারও,3
আন্দলোন,3
খান্কি,3
খবিশ,3
আইনজীবী,3
ইন্ডিয়ান,3
মানিয়েছে,3
অবস্থায়,3
শেখানোর,3
ভেতরেই,3
দুর্নীতিতে,3
ক্যামেরাম্যানের,3
আপিন,3
ময়দা,3
ফেলেছি,3
ক্লিয়ার,3
মাছি,3
উত্তরে,3
সোনায়,3
অভিন্দন,3
জুনিয়র,3
গানটার,3
বাড়বে,3
দেখেছিলাম,3
মনেও,3
পেতেন,3
ব্যাস্ত,3
পাঠায়,3
বলিয়েন,3
জায়গার,3
উসুল,3
শিখলো,3
আমল,3
সহায়তায়,3
ডাইরেক্ট,3
সুজুকি,3
শিরক,3
বাচালে,3
চুপচাপ,3
নিলজ্জ,3
হলো,3
ওয়েটারটা,3
পারতা,3
ঢুক্লেই,3
খয়রাতি,3
প্রতিনিয়ত,3
শিক্ষার্থীদের,3
নিতাম,3
পালিয়ে,3
তেমনই,3
বানিতে,3
কিন্তূ,3
কোর্স,3
ছাত্রলিগ,3
টেবিলের,3
এটো,3
নেয়া,3
প্রত্যেকের,3
ছেলেটি,3
সাস্তি,3
নাকিরে,3
গণতন্ত্র,3
রাজনীতিবিদরা,3
ঝুরি,3
পড়ুক,3
চীন,3
নওগাঁ,3
নিচ্ছেন,3
কাস্টমারদের,3
বারতে,3
একবারও,3
বাজী,3
মাশরাফি,3
সংস্কৃতির,3
আার,3
সেহেরী,3
পরিকল্পিত,3
মানছে,3
ব্লেড,3
সিট,3
কেবিন,3
টাইটেল,3
হোক,3
ষড়যন্ত্র,3
চলবেনা,3
বার্তা,3
থেকো,3
ক্বারীও,3
ব্যবসার,3
সীমা,3
হানি,3
শেরে,3
পরকীয়া,3
ময়মনসিংহের,3
পাচারের,3
আলুভাজা,3
সিং,3
পিলিছ,3
টং,3
আখেরাতে,3
রক্ষাকারী,3
লাগি,3
দুর্ঘটনা,3
১টা,3
লাগ‌লো,3
পারলেই,3
শুকাইয়া,3
মুহূর্ত,3
পরই,3
কারী,3
মাত্রই,3
উছিত,3
সুদিপার,3
বিকৃত,3
ইলিয়াস,3
চেয়েছেন,3
দুনিয়া,3
ইচ্ছেটা,3
তলায়,3
মিল্কশেক,3
কমায়,3
তোরাই,3
এটিকে,3
কাপড়,3
পুরে,3
ভদ্রতা,3
স্লো,3
কমেন্টটা,3
খোব,3
বিব্রত,3
লাগিয়ে,3
কুলাঙ্গারের,3
খুলনাতে,3
ভিডীও,3
মেগা,3
এজেন্সির,3
ভিডিওগুলোর,3
জানোয়ারেরা,3
লাইনের,3
মামু,3
নূরু,3
কাটার,3
আঙুল,3
এগুলোর,3
জেলখানা,3
খুনিরা,3
কেনে,3
তাঁকে,3
ননভেজ,3
শক্তিশালি,3
ইহুদিদের,3
চ্যালেঞ্জ,3
এক্সপ্রেশনটা,3
সাইফুল্লার,3
নারিকেল,3
লাগাস,3
অত্যাচারে,3
একেকরকম,3
জিপ,3
বর্বর,3
রফিক,3
এম্বাসি,3
ভুনার,3
খমতার,3
আহে,3
দেখবা,3
সুইটস,3
চেনে,3
দাওয়ার,3
দেশটি,3
গালিবয়ের,3
অন্যদের,3
``খনি``,3
প্ল্যাটার,3
বিরিয়ানিতে,3
চাইতেও,3
আড্ডা,3
চৌরাস্তায়,3
বোঝে,3
করালে,3
বাইঞ্চদ,3
চর্চা,3
বালিশের,3
ইন্টারন্যাশনাল,3
শুদু,3
অনেকক্ষন,3
বানাবে,3
ফটোগ্রাফি,3
কইতে,3
আইনত,3
রেসিপির,3
ধনে,3
তেজপাতা,3
আহ্বান,3
নিয়েছে,3
শেস,3
হালিমে,3
যেমনটা,3
খোলামেলা,3
পরিবারে,3
ময়লা,3
চাইনা,3
বাচাইছে,3
অসম্ভবকে,3
প্রতিষ্ঠানেও,3
আদৌ,3
পর্ক,3
রিকুয়েষ্ট,3
বেসরকারি,3
চুয়াডাঙ্গা,3
ভাইয়াঃ,3
প্রফিট,3
মন্ত্রীরা,3
জমবে,3
খায়নাই,3
জেগে,3
ক্ষমতায়,3
ফাজলামি,3
জানোয়ারদের,3
কুমিরের,3
নাচের,3
পাচ্ছিনা,3
শাটার,3
একটার,3
মুডে,3
প্রাণীরা,3
মধ্যবিত্ত,3
ক্ষুধার্ত,3
চ,3
লাজুক,3
স্বাস্থ্য,3
অপরাধীকে,3
দিনমজুর,3
ব্রান্ড,3
লা,3
ইমিগ্রেশন,3
ছেয়ে,3
হারামজাদা,3
পেছনের,3
ভাইলার,3
টিপে,3
নাম্বারের,3
তুললে,3
বড়াপাও,3
গেঞ্জি,3
ক্যা,3
এইগুলি,3
রক্তের,3
পাকিস্তানী,3
গুরুর,3
রাজাকারেরা,3
1971,3
পড়েছেন,3
সখের,3
অবস্থার,3
সাজিদ,3
মাদ্রাসার,3
অপারেশন,3
পিছু,3
3য়,3
পাঞ্জাব,3
তফাত,3
কাজী,3
হায়দ্রাবাদী,3
যাস্ট,3
কাঁচা,3
কলংকিত,3
স্টিফেন,3
ভাষাকে,3
কুরান,3
ক্রিমিনাল,3
ভালে,3
দেশও,3
দাওয়ার,3
ব্লা,3
বাচ্চারাই,3
স্বার্থ,3
উপলব্ধি,3
জানুয়ারি,3
পাঞ্জাবী,3
পরিহার,3
গাইছে,3
দশটা,3
নায়,3
ভাইটি,3
প্রচণ্ড,3
ইহুদি,3
৩২,3
কনদিন,3
সুনব,3
রুমের,3
পড়াশোনায়,3
পর্যায়ের,3
সত,3
ভাগ্যের,3
অব্ধি,3
বিঃদ্রঃ,3
মক্কায়,3
যানেন,3
ফাঁকা,3
দিমু,3
প্রসেসটা,3
লাঞ্চ,3
আকাশে,3
পানসী,3
শুদ্ধি,3
পাবলিককে,3
করছিলো,3
পরিস্থিতির,3
রাব্বুল,3
শিঙাড়া,3
হসসে,3
অইদেশ,3
ভরবে,3
গল্লপই,3
হিংস্র,3
পারিসনা,3
জানুয়ার,3
গুনে,3
সঠীক,3
কানুন,3
এরসাদ,3
যতবার,3
থে‌কে,3
ডিফারেন্ট,3
ঝালমুড়ির,3
কদর,3
সালের,3
নামটাই,3
ভুলতে,3
নিউমার্কেট,3
রাখবো,3
গোয়া,3
হাজারের,3
পৌছে,3
ভুদার,3
ছাড়লেই,3
পঞ্চাশ,3
অংকের,3
গন্ধে,3
চুলকানি,3
পূর্ণ,3
যারাই,3
জীব,3
লোকদেরকে,3
পতিতাবৃত্তি,3
স্কুটার,3
থাকায়,3
লাগলেও,3
অপর,3
ডাইনের,3
দুটাই,3
তুমিই,3
করেছিস,3
মাইকেল,3
জীবনকথা,3
কম্বল,3
আসক্ত,3
আনলে,3
নেব,3
উৎসাহিত,3
ঘিরে,3
উপজেলায়,3
ব্রিজ,3
সালাগো,3
সাব,3
মাইক্রো,3
এদেশ,3
গডফাদার,3
প্লেসে,3
প্লেয়ার,3
থুতু,3
রান্নায়,3
সিরিয়াস,3
খোদা,3
ইসরায়েল,3
মালুর,3
কাছেও,3
মাত্রা,3
গ্রহের,3
চির,3
ঘাড়ে,3
নারাজ,3
কারীদের,3
সংগ্রামি,3
ক্লাব,3
সমাধানের,3
মানিক,3
বারটা,3
মিনি,3
সেকেন্ডের,3
দোষে,3
টিস্যু,3
জুয়ারী,3
গুরুত্ব,3
উন্নতমানের,3
করসিলাম,3
শুকাইলেন,3
বয়স্ক,3
বিপ্লব,3
অচল,3
বিভক্ত,3
সেখানেই,3
পেলো,3
নির্মাণ,3
ভি‌ডিওর,3
পরেই,3
পরম,3
ভাবতেও,3
হাতিগুলো,3
শিশুকে,3
সর্দারজি,3
ভিডিওই,3
পেজে,3
নিয়ম,3
কবরে,3
এগুলোকে,3
শিশুরা,3
লাউ,3
কচুরি,3
পাতায়,3
পড়বে,3
আপ্লুত,3
যন্তনায়,3
খুদার,3
বসবে,3
খরছ,3
বাবারা,3
ইজ্জত,3
স্টেশনে,3
নিরহ,3
রিপোর্টারকে,3
ইসমাইল,3
গোল,3
আমাজন,3
দোকানদারি,3
ফুর্টপাতে,3
জীবনটাকে,3
হাতেই,3
হসপিটাল,3
ভন্ডামির,3
1300,3
যন্তনা,3
বেবস্হা,3
পেরেছে,3
আসামিদের,3
পঞ্চগড়,3
ফর্ক,3
হতেন,3
প্রতিযোগিতা,3
আমাজনকে,3
বোঝেন,3
কান্ট্রি,3
ভেবেছে,3
ভার্সন,3
পির,3
শিগগির,3
আশারাখি,3
যায়ে,3
সাদামাটা,3
আনকেল,3
নিল,3
তুলুশি,3
এয়,3
বসি,3
কীভাবে,3
দেখায়েন,3
আসব,3
বিয়ের,3
বিরূদ্ধে,3
ড্রাইভার,3
সেবন,3
যুগের,3
নটির,3
লাত্থি,3
সিগারেট,3
৫-৭,3
ক্ষিদা,3
ট্রিটমেন্ট,3
মেলা,3
পারলেন,3
01,3
অভিঙ্গতা,3
র‍্যাবের,3
ক্যান্সার,3
উচ্চতায়,3
মেধা,3
হয়ত,3
হেল্পের,3
আসছিলো,3
মানসম্মত,3
রঙ,3
ভালোলাগা,3
মহল,3
ফাক,3
দেশীয়,3
ওদিক,3
পরিধান,3
খাংকির,3
পারিনাই,3
ততই,3
পরিশেষে,3
ঐটা,3
বিকেলে,3
অবকাশ,3
নস্টের,3
ইনসার,3
কেরানীগঞ্জ,3
বসায়,3
মেশানো,3
ভাইয়েরা,3
শাসক,3
ঘরেই,3
পর্যটকদের,3
ভিড়,3
অধিনায়ক,3
গড়ার,3
কাপ,3
নোংরামি,3
লাস্টে,3
সেক্ষেত্রে,3
একের,3
মাশরাফির,3
সাবান,3
ডাকছে,3
স্টু,3
খালিদ,3
চাডা,3
পশুগুলো,3
উঠেছে,3
বিদ্বেষ,3
বলতো,3
খাবেনা,3
এস্কোবার,3
খ,3
জেনেই,3
দ্বিধা,3
সাবসক্রাইব,3
দায়িত্ব,3
দাজিলিং,3
পর্ণগ্রাফি,3
মজ্জা,3
ডেকোরেশন,3
দাঁড়িয়ে,3
আসসালামুলাইকুম,3
করীম,3
পরাধীন,3
ডিটেল,3
অপসারণ,3
কান,3
বেড়াতে,3
বউকে,3
ক্যাফেটেরিয়া,3
তানিম,3
নাইট,3
দেহ,3
অগ্রীম,3
যাইয়েন,3
যখনই,3
প্রেমেণ্ট,3
হরতাল,3
সম্মানের,3
অনিয়ম,3
সখ,3
এবারের,3
লেখক,3
পুড়ে,3
বাঙালীরা,3
লাগাচ্ছেন,3
স্টারের,3
গেঞ্জিটা,3
গোলামী,3
তুলনায়,3
হয়তবা,3
গুটিয়ে,3
এলো,3
পায়নি,3
মাছটা,3
ঝালে,3
সেলিব্রেটিরা,3
নয়েজ,3
কালাভুনা,3
জলের,3
আহমেদ,3
1ম,3
চিটিং,3
পোষ্ট,3
তালিকা,3
ফটোগ্রাফির,3
পে,3
হয়তোবা,3
মানালি,3
☹️,3
জন্নে,3
তখনকার,3
কুকুরে,3
তোলে,3
দিনাজপুরের,3
পশ্চিমবঙ্গের,3
মাঠা,3
চট্টগ্রাম,3
জাতীর,3
তাঁদের,3
হনুমানকে,3
কখনই,3
এসো,3
হারামীর,3
সেগুলোতে,3
ব্যাপারই,3
সবটাই,3
সমস্য,3
মম,3
সেবায়,3
খাপ,3
বাইকের,3
খুসি,3
কাটতে,3
সিনিয়র,3
নাম্বারটা,3
কইবো,3
লোকমানকে,3
মাদা,3
ফেলছি,3
ইনবক্সে,3
পাঠিয়ে,3
2015,3
ছুয়ে,3
টিএসসি,3
দুলাভাই,3
এক্সাক্ট,3
বাচাই,3
পলিশ,3
রব,3
ক্ষুধায়,3
সৃষ্টিকর্তা,3
কর্মক্ষেত্রে,3
পিয়াজু,3
শাখার,3
এটাকি,3
শিরোনাম,3
নিউস,3
বাংলাবান্ধা,3
লে,3
জিজ্ঞাসা,3
বাবাকে,3
কলপ,3
খারাফ,3
নিয়া,3
বিশা,3
নেওয়া,3
বাংলাদেশীরাও,3
মিলিয়ে,3
হায়াত,3
নমস্কার,3
চেনেল,3
পিয়াজ,3
মাইকিং,3
গোয়েন্দা,3
বাকিটা,3
সেইসাথে,3
অনেকটাই,3
নারায়নগঞ্জের,3
রণবীর,3
হাজারে,3
হলেতো,3
কোশ্চেন,3
সিক্কিম,3
সম্মুখে,3
ওগুলা,3
নুরকে,3
হতাশা,3
বাঁচিয়ে,3
হিটলার,3
চুক্তির,3
পুরুষ্কার,3
থিম,3
মেক,3
দাড়া,3
উচ্চারণটা,3
এক্সিট,3
37,3
ব্যাড,3
এখনে,3
ব্যাপারটার,3
টোক,3
মাল্টিপল,3
খাবর,3
আলহামদুলিল্লাহ্‌,3
হারি,3
বাড়তেছে,3
বিল্ডিংয়ে,3
সাহেবরা,3
সঠিকভাবে,3
মহিষ,3
আলেম,3
চিবিয়ে,3
খাইছিলাম,3
লাজ,3
মাইক,3
আড্ডার,3
এটলিস্ট,3
সর্বপ্রথম,3
সেস,3
রিয়েক্ট,3
এক্সপ্লেইন,3
স্টুডেন্ট,3
দূর্নীতিবাজ,3
সমস্যায়,3
হুজুরের,3
তফিক,3
অবিরাম,3
ঘুরিয়ে,3
পরকালে,3
বুঝেনা,3
পামু,3
প্রেজেন্ট,3
যাতায়াত,3
বাবুল,3
বাংলাতে,3
প্রয়াস,3
লাচ্চি,3
মধ্যমনি,3
শিখায়,3
নাসির,3
বুঝিয়ে,3
দৃষ্টিকটু,3
হাগার,3
গুলাতে,3
আট,3
ভালা,3
আচরন,3
ভারতকে,3
শেক,3
অসংক,3
পাবলিকে,3
ফ্রাইড,3
এডিসি,3
সিম্পল,3
পরিবেশনের,3
কবর,3
নবীন,3
ব্যাশ্বা,3
বোম্বাই,3
চাকুরী,3
দোয়া,3
প্যাক,3
বসেছে,3
মিরপুরের,3
টুক,3
অন্ন,3
খবরটা,3
শুয়ারের,3
জিয়া,3
ফুলের,3
কামাল,3
মালিকদের,3
চেকে,3
ক্যামেরামেন,3
রমজানে,3
করসে,3
36,3
মেখে,3
যাত্রা,3
বর্তা,3
ভায়া,3
সুমনের,3
জিনিষ,3
বাংলাকে,3
কমিউনিটি,3
শিক্ষাঙ্গন,3
ফেলার,3
সেটাকে,3
নন,3
সহকারে,3
স্যাটেলাইট,3
ভীনদেশি,3
করিয়েন,3
ওয়াকিটকি,3
পর্যায়ে,3
তেহেরী,3
হ‌য়ে,3
পোস্তগোলা,3
সা‌থে,3
সোচ্চার,3
বিনাভোটের,3
চুপ,3
ওয়াক্ত,3
পরিবেশের,3
ব্যাগে,3
হাল্কা,3
চিকেনটা,3
কীসের,3
আকৃষ্ট,3
চাটনী,3
হলি,3
মনেই,3
সময়ের,3
মটর,3
বরিশালে,3
হাচিনার,3
মাইরে,3
থেমে,3
মগের,3
তন্ময়,3
খুটি,3
শাহ,3
মফিজ,3
কিয়ামতের,3
দারজিলিং,3
মাখিয়ে,3
নিয়োগ,3
বহাল,3
কল্পনাও,3
গ্রস্ত,3
দেশবাসী,3
সাংবাদিকেরা,3
মন্ত্রীদের,3
শিখ,3
ছাড়াই,3
কোনা,3
সামলানো,3
জন্ডিস,3
গরিবকে,3
এতোই,3
দাদাদের,3
এনারা,3
প্রমানিত,3
আরেকজনরে,3
আহত,3
তালি,3
বুঝেছেন,3
কাফির,3
ফেব্রুয়ারি,3
কাদবেন,3
এজেন্ট,3
পোষণ,3
65,3
কালাম,3
ইমু,3
অনলাইনে,3
এমনটা,3
চেনেলে,3
দোকানদারকে,3
38,3
এগোনো,3
বাচচাদের,3
বাক্বারা,3
ছো,3
জেন,3
হাওয়া,3
সক্ষম,3
কষে,3
হিন্দুয়ানী,3
আপনিই,3
গ্ৰহন,3
কল্যাণ,3
খুলনায়,3
ফিউচার,3
পার্ট,3
গুণী,3
সমবেদনা,3
দামটাও,3
মোকাবেলা,3
মইরা,3
কাজি,3
হাছিনাকে,3
ম্যাপের,3
এসেছিলো,3
সৌন্দর্য,3
নুরুল,3
বাবদ,3
চাহিদা,3
সেল,3
সেলিম,3
সম্প্রীতি,3
মেজাজ,3
কলকাতাতেও,3
এপিসোডটা,3
অনুসারে,3
দেননি,3
বোর্ডিংয়ের,3
এককথায়,3
দুইটাই,3
আন্টির,3
আওমীলীগ,3
সাংবাদিকতা,3
ফ্লেভার,3
দরবারে,3
কল্পনা,3
মানসিকতার,3
ভূল,3
তোমারে,3
পলকে,3
ঘুরছি,3
মাজখানে,3
ঠিকাদার,3
লাইনটা,3
উপস্থাপিকার,3
১৫০০,3
দিনটা,3
তাকাচ্ছেন,3
ওয়ার্কআউট,3
জুড়িয়ে,3
কন্ডম,3
হাসির,3
হালিমের,3
চোদেরা,3
আরেকজন,3
সাথী,3
মুঘল,3
টাইটানিকের,3
ডে,3
সাইম,3
মেরেছে,3
ওগো,3
তলা,3
পরপর,3
একশো,3
সম্বোধন,3
চশমা,3
ধোয়া,3
জমাট,3
নেবার,3
পড়,3
আওয়াজ,3
খাইলো,3
বাড়ানোর,3
প্যাকেজ,3
বুঝতেই,3
জাজমেন্ট,3
যুক্তি,3
বড্ড,3
সৌদিআরব,3
চেটেপুটে,3
ইহুদীদের,3
কিচেনে,3
ধষ,3
জাতিগত,3
সুনদর,3
41,3
এইদেশের,3
শনিবার,3
কতোটা,3
এসকল,3
লাগা,3
দিয়েই,3
পাওনা,3
ভ্যানে,3
বিজে,3
বড়ো,3
শুকে,3
এরিয়ায়,3
সার্টিফিকেট,3
বসার,3
আতিথেয়তা,3
রামেন,3
ইন্ডিয়ায়,3
পড়াশুনা,3
হইচে,3
বন্ধন,3
বাচ্চুর,3
কমিশনার,3
মাখিয়ে,3
রেফার,3
জানায়,3
রাই,3
পার্সোনাল,3
প্রতিদান,3
প্রানবন্ত,3
পরবর্তি,3
চটকে,3
বক্স,3
সেলেব্রিটি,3
চক্কর,3
নমরুদ,3
আশলে,3
জেভাবে,3
হানিমুনে,3
মালয়েশিয়া,3
ছাঙ্গু,3
হসপিটালের,3
সরবত,3
উচ্চতা,3
৭১,3
তেলে,3
রেস্টুরেন্টটা,3
বেড়ে,3
কাচে,3
নেগেটিভ,3
গেট,3
খাইতাম,3
রুনির,3
খেয়েছি,3
ডিমান্ড,3
দেখছিলাম,3
ফুলা,3
জনসমুক্ষে,3
হায়দ্রাবাদি,3
কারোন,3
রাখছি,3
বাশ,3
মানুষটাকে,3
বড়লোকের,3
ফেলি,3
হচ্চে,3
৷,3
তন্ত্র,3
পঁচা,3
মাচাং,2
হোটেলেই,2
তোমারই,2
রাও,2
র‌হিম,2
পারমেড,2
শশা,2
নিওজ,2
নাজায়েজ,2
বাবলা,2
রুড,2
আয়শা,2
জনসাধারণের,2
আইসিসি,2
মেটে,2
জিম্বাবুয়ে,2
অন্ধকারে,2
ছেয়েগেছে,2
পাছ,2
বাসাবাড়ীতে,2
তালুতেও,2
চ্যানেলকে,2
মহিলাদের,2
লঙ্গরখানা,2
স্মার্টনেস,2
সিশ,2
দুকোড়া,2
অরাজকতা,2
লক্ষন,2
বাতাসের,2
প্রশ্নটা,2
লাইফে,2
শায়েস্তা,2
দেখায়া,2
ছাএরা,2
শয়তানদের,2
আইসিসির,2
চুষে,2
আফ্রিদির,2
বেহাইয়া,2
পর্যাপ্ত,2
সবুর,2
শুনাইলেন,2
আংকেল,2
পুঞ্জি,2
রসনা,2
হাড্ডি,2
বান্দারাই,2
জাজমেন্টাল,2
জথা,2
কলকাতাতে,2
খাঁর,2
দুর্বল,2
নিসর্গ,2
পর্বেই,2
পুশিশ,2
লুব,2
বদনে,2
বিরস,2
উপকারের,2
মো,2
দিনাজপুরে,2
ইসলামই,2
সেট,2
শিক্ষিকা,2
চোখা,2
আঘাত,2
আদিবাসীরা,2
ডিশ,2
দৃষ্টিনন্দন,2
চামার,2
গানগুলো,2
ত্যাজ্য,2
নির,2
দক্ষতা,2
লিভার,2
যাহাতে,2
অাচরন,2
পাহাড়ে,2
বড়া,2
ঐজাগায়,2
অপরিষ্কার,2
যথাসাধ্য,2
রশুন,2
ব্যাংকক,2
অযৌক্তিক,2
পরিপূর্ণতা,2
মুঘলদের,2
মুশফিক,2
আপনাদে,2
আদিবাসীদের,2
সংগ্রামের,2
জিল্লুর,2
ঢোকে,2
সেখানেও,2
রির্পোট,2
আমেরিকান,2
অলিতে,2
ছুড়েফেলবে,2
রমান,2
র্যাবই,2
রেহাই,2
বলেনা,2
হতো,2
সবছে,2
অবাধ্য,2
কিলা,2
দমদম,2
চাপানোর,2
আপুটার,2
বিরুন্ধে,2
গুদারাঘাট,2
গোলবাড়ি,2
বানাথে,2
ইজ্জতের,2
আলহাদুলিল্লাহ্,2
কেঁদে,2
আপনেরা,2
এইটাও,2
ঠেকিয়েছিলেন,2
আইভি,2
আমাজানে,2
অভ্যাসটা,2
খন্ড,2
গেছিলো,2
সিলেটিদের,2
পোরানো,2
ছেপে,2
ইন্সটল,2
নিত,2
হালাকে,2
জাতিকে,2
জ্ঞানের,2
২২,2
ফারুর,2
৯০%,2
ভারি,2
খাদককে,2
বিলীন,2
ওবায়দুল,2
ভাসানী,2
বহিবিশ্ব,2
যাচ্ছেনা,2
অর্থে,2
কবি,2
দারিয়ে,2
আপনাদেকে,2
খাওয়াদাওয়া,2
এমপিরা,2
জেকোন,2
খারায়,2
আরেশালা,2
গালাজের,2
ডেস্ক্রিপশন,2
জমিদারি,2
খানিক,2
জ্ঞানও,2
বোবা,2
পুষ্টিবিদ,2
মুখটা,2
সহপাঠীদের,2
বিশুদ্ধ,2
পেইন্টস,2
রিভলবার,2
আপরাথী,2
বাধ,2
বদলি,2
উছিলায়,2
৭৫,2
দোর,2
বহুদূর,2
বিরিয়াণিতে,2
বিরিয়াণিতেও,2
উম্মত,2
জিনিষের,2
মহব্বত,2
500,2
সফর,2
অপকার,2
ডাকলো,2
কমেন্টবক্স,2
যেনতেন,2
সিদ্দিকা,2
রাঃ,2
লিখছেন,2
ডায়মন্ড,2
খিদালাগে,2
পেয়ারা,2
তিনবার,2
লোস,2
ট্রান্সিট,2
এইগুলু,2
সিরিজে,2
বাহারী,2
কুত্তায়,2
পা‌শে,2
বাহিনীটার,2
আল্লহ,2
রয়লো,2
প্রতিহিংসার,2
জনে,2
কমাইয়া,2
আয়োজন,2
পাসাদ,2
বৌদির,2
সুদে,2
মাতার,2
র‍্যাপ,2
অবক্ষয়,2
পজেটিভলি,2
সুন্নাত,2
শীর্ষস্থানীয়,2
উঠিয়ে,2
দেখাচ্ছি,2
নেপালের,2
দেখাবো,2
সবগুলোই,2
খাবারগুলোই,2
জাম,2
ক্রিকেটটা,2
হরদম,2
দেশভাগের,2
ধারে,2
মাধুর্য,2
চিত্ত,2
কক্ষনো,2
পোর্টাল,2
অনুরোদ,2
চারটি,2
জিম,2
উওম,2
সংগঠনে,2
এ‌তো,2
হুকুমের,2
বাহিনীদের,2
বলেও,2
ফাঁটানো,2
বিদ্ধেষ,2
কিনুন,2
ভালোকরে,2
প্ল্যানিং,2
যান‌‌,2
অবাঙালি,2
শিউরে,2
রসিয়ে,2
কেদেঁ,2
সফটওয়্যার,2
হইয়েন,2
বিজেপি,2
ক্ষের্তে,2
পরিবারতন্ত্র,2
যাচ্ছিলেন,2
সংবিধানেই,2
আসলেও,2
লেখাটা,2
নলা,2
উদাহরন,2
প্রিয়,2
বঙ্গবন্ধুকে,2
মাস্তি,2
সহয়তা,2
অত্যান্ত,2
কস্টে,2
রিটোন,2
আইফোনই,2
তিস্তার,2
ক্ষমার,2
দৌলোদিয়ার,2
প্রকৃতি,2
দিকেই,2
মফস্বল,2
ব্যায়,2
কফির,2
শরীক,2
এরচেয়ে,2
চেয়েছিলাম,2
দেখাইেদে,2
জেরা,2
প্রশসনকে,2
নির্জাতীত,2
বদলান,2
বিধর্মীদের,2
মদন,2
দাইয়ের,2
জায়গাটা,2
ওয়েস্টিন,2
লিরা,2
বঞ্চিত,2
বাডি,2
খোসাটা,2
72,2
যুবলীগের,2
হতনা,2
বিরয়ানির,2
সমতুল্য,2
দেবতার,2
গাঁজা,2
দারাস,2
ডিমের,2
এমাত্র,2
হিরের,2
ফাঁক,2
আব্রার,2
আপসহীন,2
থিকা,2
ফুলি,2
টুকরা,2
য়ান,2
আসমান,2
বিঙ্গানি,2
সুন,2
পূর্বে,2
কাকরি,2
মুম্বাইয়ের,2
শুণ্য,2
আল্টিমেট,2
নানার,2
আছে⁉,2
দামিত,2
পরানো,2
হাসরের,2
বগুরার,2
যানাই,2
পাপা,2
পেয়ারে,2
লাথিটা,2
বেছে,2
হারালো,2
টাকেই,2
আক্রোশ,2
বচর,2
ওকালে,2
পারলায়,2
হিজড়া,2
লজ্জ্বা,2
ব্যধাব্যদ,2
পুড়িয়ে,2
পারচে,2
তাকি,2
আম্লীগের,2
সর্বনিকৃষ্ট,2
নাস্তায়,2
সৃষ্টির,2
মুসলিমরা,2
আগুনে,2
ফার্মে,2
জানোয়ারগুলোকে,2
এন্ড্রয়েটে,2
ভেটকি,2
যাঁর,2
বারবে,2
ক্যাডেট,2
মাগিবাজ,2
কর্তৃপক্ষকেউ,2
দাশ,2
জব্দ,2
চিলে,2
অব্যহতি,2
ভিতরেই,2
বিশ্রি,2
পরিস্তিতি,2
রাত্রি,2
আকারে,2
দেনা,2
বলিয়ান,2
ছেরে,2
সংকর,2
দেখাইয়া,2
এমা,2
এতিম,2
দ্রষ্টব্য,2
ঘোরার,2
কিছির,2
অ্যাপল,2
ব্যাপকভাবে,2
সেপার,2
ঢেকে,2
ঘুরপার,2
জুড়ে,2
প্রতিষ্ঠানগুলোর,2
হওয়াতে,2
মাঝ,2
ফজলুর,2
যানোয়ার,2
^^,2
টাটকা,2
ফাউন্ডেশনের,2
প্রবাসিরা,2
মেয়োনেজ,2
মেজ্জান,2
আজম,2
লিটল,2
জাভ,2
বস্নত্ত,2
খাবারদাবার,2
বাটপারির,2
অতুলনীয়,2
পায়ে,2
হাসিমুখে,2
গাছে,2
লিমিট,2
ভিডিওটার,2
দেখতো,2
ফ্রেশ,2
প্রকাশ্য,2
একটায়,2
কাশ্মির,2
দেখিলেন,2
2000,2
ইইই,2
ভাগাভাগি,2
কটিন,2
ফয়সালার,2
ওপরেই,2
শ্রেণীতে,2
নেশায়,2
দেখুক,2
দিনও,2
চকলেটও,2
সটিক,2
বাড়িটাকে,2
পাটিং,2
খাইবারই,2
আকাটা,2
হচ্ছিল,2
ড্রাই,2
বাবারবাড়ি,2
বাশির,2
সালাউদ্দিনকে,2
পড়িনি,2
ফেরাউনের,2
সেদিনের,2
ডাইরেক্টর,2
ন্যাসটি,2
চেপে,2
দেইখাই,2
অবস্ত,2
যবেহ,2
ষড়যন্ত্রের,2
বুফেট,2
জাচছে,2
দাপট,2
ওয়েটার্ন,2
সিনেমার,2
বিক্রেতা,2
প্রভাবশালী,2
গুশ,2
খাওয়াইছে,2
নুন্যতম,2
প্রতিষ্ঠানেই,2
বোজেছেন,2
এতকিছুর,2
বাংলাদেশেতো,2
প্রতিবারের,2
বর্তাই,2
শেফকে,2
হুগা,2
ব্যালান্সড,2
স্বপ্নর,2
ধানমন্ডি,2
চারাল,2
মারি,2
জঙ্গিবাদের,2
লিঙ্ক,2
এটাকেই,2
১১০,2
ইন্ডিয়ায়,2
কোডের,2
টাহ,2
আশে,2
কর্মকতারা,2
সমভব,2
নিব,2
মায়াবী,2
বুধবার,2
আছেফালতু,2
বৃহত্তম,2
কিহ,2
রেইনফরেস্ট,2
রক্ষায়,2
সিরিয়াল,2
কমাবো,2
প্রদানের,2
ভিষা,2
সমন্বিত,2
120,2
লাতিন,2
বলিস,2
সার্কুলার,2
হাইট,2
রুচিতে,2
জানিয়েছে,2
পেরু,2
কলম্বিয়া,2
ভাইয়াটার,2
জলসা,2
খোকন,2
গিলা,2
ডেসক্রিপশন,2
তোতা,2
মানু্ষের,2
পরিমানটা,2
আয়োজনে,2
আধিক্য,2
পরলে,2
কেল্লার,2
ঘুরছিলো,2
উফফ,2
ছবিটির,2
ইতিহাসে,2
পরিশ্রম,2
জড়িয়ে,2
ক্যাসিনোকান্ড,2
জানতেন,2
কষ্টদায়ক,2
কোনে,2
সামলাতে,2
বাল‌ও,2
পোর্ক,2
আঁতুর,2
উচ্চারন,2
দক্ষতার,2
সংসারে,2
ওইটারে,2
তালিকায়,2
আইস্যা,2
কোড,2
আয়ের,2
জ্বাল,2
চটপুটিতে,2
নিবা,2
সরালেই,2
বাবুর্চির,2
মানুষও,2
বাংলদেশের,2
অারো,2
প্রাণের,2
খেলোয়ারাও,2
নান্নার,2
হাসাহাসি,2
রক্তে,2
প্রশাসনকে,2
জুয়ারু,2
লুদি,2
এমনেই,2
খেলতাছে,2
খালেদভাই,2
ধুয়া,2
বোডের,2
পাতানোর,2
তুল্লে,2
ডিসেম্বরে,2
হরে,2
আযানটার,2
মেয়েদেরকে,2
মনেকরিয়ে,2
মৌ,2
দশের,2
আকবর,2
কুলান্গার,2
সা,2
অনলে,2
দাঁড়িয়ে,2
ভবি,2
ব্যবহারে,2
হইসেই,2
বংশের,2
নিগ্রোদের,2
ডায়গনিক,2
সেন্স,2
রাজধানীতে,2
আজতেকে,2
মোকতোকরা,2
সমবোব,2
যেগুলো,2
যেয়েন,2
পক,2
সূদূ,2
গোস,2
নাহয়,2
জীবনটা,2
দেখিস,2
বলোক,2
গাজীপুর,2
সসি,2
রেছিপি,2
পারিবার,2
বর্তমাবে,2
মালিকও,2
ক্রিস্ন,2
মাসুদরানা,2
পাবলিকের,2
জানায়,2
সেফ,2
সস্তায়,2
স্টার্ট,2
সরাইয়া,2
হেলপার,2
বাইরেই,2
বেসমেন্টে,2
দুটা,2
দরশক,2
স্পাইস,2
রকেট,2
বাড়াতে,2
লিলাখেলা,2
করলেনা,2
মতনের,2
বিজেপির,2
জিজ্ঞেসা,2
বশে,2
আস্রাফুল,2
চুদদি,2
রিক্সা,2
এদেশীয়,2
ভিডিওগ্রাফি,2
কুজাতের,2
পরিনতি,2
ক্যাটারিং,2
গেলেতো,2
হ্নদয়টা,2
শেয়ার্ড,2
পুড়িয়ে,2
খাইলেও,2
কাবুলি,2
ভেজালের,2
কাবু,2
ভাতে,2
বাগবাটয়ারা,2
পরামানু,2
আত্মসাত,2
দ্বারাও,2
ছাড়বেন,2
ডেস্ক,2
চরিএহীন,2
মির্জাফর,2
অনুসারীরা,2
ভিড়,2
পুয়া,2
দিওনা,2
জন্মনিয়েছি,2
অজাত,2
মায়েরে,2
সরিয়ে,2
দোকানটা,2
ঢুকার,2
শিয়ারা,2
পড়াশুনার,2
পেইন্টেস,2
দাবায়ে,2
য়,2
কর্তা,2
হিসেবেই,2
কমবেশি,2
জাভেদ,2
বানানটা,2
ফাজিল,2
একটুখানিও,2
মহিলাটার,2
লাগেছে,2
আপুও,2
ওমান,2
উঠছিলাম,2
এপল,2
স্যানিটাইজার,2
বীয়ে,2
বউর,2
300ফিট,2
থেক,2
মুল্লিক,2
মাশ্আল্লাহ,2
অালামীন,2
আসেরে,2
ওমলেট,2
স্বামির,2
কইতাছে,2
সেরকমই,2
বেগুনী,2
কয়েকবার,2
পারতেছি,2
মোডটাই,2
কামরাঙ্গীরচরের,2
শিঘ্রই,2
আরামে,2
খতিকর,2
রোটে,2
শরিলের,2
জিভের,2
কাফেররা,2
সিরাজ,2
ইয়ামী,2
খ্রাপ,2
বোঝানো,2
টুইটারে,2
গাঙ্গুলীকেই,2
চাঁন্দের,2
সমালোচনার,2
ঝড়,2
ঘুরলেন,2
যেও,2
ওয়েসিস,2
অরাই,2
খিচুড়ির,2
বোঝাইতে,2
ফেলচি,2
করোন,2
বাচ্ছারে,2
বন্দু,2
ওয়ার্ড,2
রিলেটেড,2
ইনডেক্স,2
নি‌তে,2
ওখা‌নে,2
হৈতো,2
জানাইতে,2
যন্ত্র,2
আপনায়,2
পুজোর,2
শিখবে,2
মল,2
পেকেট,2
খানার,2
গাছ,2
হয়রে,2
সফলতম,2
নর্মাল,2
ইনশাআল্লাহ্‌,2
টিকিটের,2
রিসেন্ট,2
বাধাগ্রস্ত,2
কিন্তুক,2
চিলো,2
শত্রুর,2
ধরনটা,2
это,2
что,2
то,2
чем,2
হাতছানি,2
ফারুকী,2
ব্রাদার,2
মিঃ,2
আনাগোনা,2
মানুষগুলোর,2
в,2
Таиланде,2
উঠেনা,2
পুলিশলিগ,2
নিয়ন্ত্রন,2
ক্যাফেটেরিয়ার,2
মানও,2
বুঝলি,2
নিরাময়,2
জানাবো,2
জাচ্ছে,2
ঠীক,2
পুরুষদের,2
বাচচার,2
হইনি,2
কালে,2
কেমেরার,2
রাজনৈতি,2
হলের,2
বিসার,2
আনন্দিত,2
কয়দিনের,2
ক্রিয়েটিভ,2
পরিবারই,2
রাজত্বে,2
খুনসুটিগুলো,2
ফিস্ট,2
ধোনে,2
মায়েরেচুদি,2
তুল্য,2
জগবন্ধু,2
গুরে,2
এলার্জিক,2
পাকস্থলির,2
আসামিকে,2
ফিরিয়ে,2
বাটপারের,2
পিঁয়াজু,2
শোয়ের,2
খারাপের,2
প্রশংসনীয়,2
বাচিয়েছেন,2
বিবাহিত,2
সাব্সক্রাইব,2
পাবনায়,2
পিটাতে,2
জ্ঞানকে,2
কাটিয়ে,2
চ্যাংড়াবান্ধা,2
জেম,2
সিমকার্ড,2
অপমানের,2
লয়,2
খাদ্যের,2
ওভাররেটেড,2
ডান্স,2
বিষয়টা,2
থেকেছি,2
ঘটনাটা,2
ফারদিন,2
দিদির,2
গড়ি,2
পড়ি,2
তৃপ্তির,2
নির্লজ্জ,2
যমবেনা,2
পালিত,2
মেইকআপ,2
কুকুরেরা,2
স্পেস,2
হায়াৎ,2
ভবিষৎ,2
জুয়ারীচক্র,2
হকবার,2
কমিয়ে,2
প্যাড,2
দোচতে,2
বোনলেস,2
স্ট্যাক,2
ক্যামেরাটা,2
ড্রয়ের,2
বলতেছেন,2
ভাতৃত্বের,2
দৃঢ়,2
আপ্যায়ন,2
মহাদেব,2
ভাইটাকে,2
খাইয়েন,2
এতবড়,2
চাচাই,2
জলন্ত,2
জান্নাতুল,2
ফেরদাউস,2
নসিব,2
করলি,2
ব্যাক্তিত্ব,2
রহস্যময়,2
দেখলো,2
ওয়ল্ডর্,2
সর্বি,2
সংমিশ্রণ,2
দ্যায়,2
বাহিনীকে,2
তাদেরকেও,2
ছাড়াও,2
কিনেছেন,2
পানশা,2
পুরোটাই,2
১২০০,2
বুজাযায়,2
প্রসরায়,2
নিযেই,2
মাতৃভূমি,2
ইন্ডিয়ার,2
লাগালে,2
ভাগাড়ের,2
সবের,2
আপনা,2
মটন,2
বিরক্তি,2
চালিয়েছি,2
বাইকটি,2
যশোরের,2
লিখলেই,2
ডিপার্টমেন্ট,2
এসএমএস,2
নিয়মে,2
তাইই,2
শিখাবে,2
অনুষ্টানে,2
সমস‍্যা,2
আসাবাদি,2
কাবানা,2
শিখিনি,2
সীফুডে,2
ফ্রোজেনসীফুড,2
বু‌ঝে,2
ইমোশন,2
গং,2
ক্যাবলা,2
ধুকে,2
মৃত্য,2
সেক্টরে,2
রোজগার,2
মহামানব,2
রুপিও,2
ঝামেলার,2
খেলেননি,2
খুঁইজা,2
চালালে,2
মানুষেমানুষের,2
তাছারা,2
নাগালের,2
সিলেক্ট,2
পড়লে,2
চেয়েও,2
পারস,2
থামবে,2
বেড়াই‌তে,2
লুকাইয়া,2
পুট‌কির,2
দেখাইল,2
শুখে,2
৩৫,2
শুক‌তে,2
নি‌জের,2
পার‌বি,2
3500,2
চিপে,2
জাজছিল,2
লন্ডনেও,2
অক্সিজেন,2
ঝরঝরে,2
হকিং,2
কিছুনা,2
ব্যধিই,2
অগুলা,2
চিড়িয়াখানার,2
সংক্রামক,2
হিপ,2
হপের,2
শিক্ষার্থীর,2
আরবির,2
রিমি,2
প্লাস্টিকের,2
চিকুন,2
আয়োজক,2
ব্রিজের,2
গাভী,2
অসামান্য,2
পরিচালকের,2
ক্ষুদ্র,2
রাইয়ান,2
রিয়েলিটি,2
অচেনা,2
খাটার,2
ক্লাবটারেও,2
বাপদের,2
জামালপুর,2
খাইতাছেন,2
ঝালটা,2
পেয়াঞ্জি,2
পাঠাইনি,2
পেয়াঁজ,2
ইসকিনে,2
ছাড়লো,2
মোহামেডান,2
আপনাকেও,2
মেয়েলি,2
ব্র্যান্ডের,2
পড়লে,2
সিএনজিতে,2
কথাগুলি,2
ডুব্লি,2
দেখচি,2
চাদাবাজিতে,2
শালাদের,2
ইরানকে,2
জনপ্রিয়,2
ব্যাসিক্যালি,2
কুকিং,2
রানের,2
বেমানান,2
নিয়োমিত,2
অশ্লীলতা,2
এরার,2
ভাই.,2
চালাও,2
সুরমা,2
অকাজের,2
রিকুয়েস্ট,2
অবসান,2
মুসিলম,2
জবেহ,2
ওরাতো,2
ভল,2
রাসুলঃ,2
জতো,2
এসআই,2
প্রোসেস,2
কোলাবোরেশান,2
লাভনেই,2
প্রভোস্ট,2
হজ্জ,2
টাংগাইলের,2
সরানো,2
নবাবে,2
চপ্,2
চপাৎ,2
টুকাইদেরকে,2
ছাড়ো,2
কার্টুন,2
কচ,2
বল‌তে,2
আগাচ্ছে,2
বিলায়েত,2
এক্সিলেন্ট,2
ছেলেটাই,2
ব্যতিরেকে,2
গ্রস্থ,2
কলম,2
হানা,2
জঙ্গলে,2
ইনি,2
মারাত্মক,2
উপকারী,2
সিস্টেমস্,2
একতরফা,2
দুষ,2
জ্বিন,2
নেপালী,2
আইনা,2
মিঠু,2
প্রথিস্থান,2
রাসিফ,2
ঝোলটা,2
কামর,2
পক্সটাই,2
চিবানোর,2
দাতরে,2
দুরুে,2
_,2
গিলতেছেন,2
গাওতাছো,2
চাফাই,2
পাপুইন্না,2
পাপান,2
ভাবছে,2
মুহাম্মদ,2
একপ্রকার,2
শের,2
পাপনেরও,2
জনসমুখ্খে,2
হাসু,2
সর্বপুরি,2
শ্লিপ,2
লোকগুলো,2
অসাধীন,2
স্পন্সরড,2
ধাবা,2
বিমানবন্দরে,2
টাইপটা,2
বোস,2
হয়নাই,2
অফিসারকে,2
রুখতে,2
ভেবেছি,2
র্যাব,2
হালারে,2
উল্লাস,2
মেনেও,2
সাব্যস্ত,2
360°,2
জাবির,2
সবকটাই,2
লরা,2
খাদ্যাভ্যাস,2
জারোজ,2
বিজনেসটা,2
চিত্তদা,2
সুপ্পার,2
থাওয়া,2
ডিটেইল,2
ইদায়েদ,2
ফেলননা,2
জাহান্নমের,2
মাদরাসা,2
গেয়েতো,2
আড্ডাখানা,2
দেশাটাইতো,2
ওরকম,2
দাওয়াতে,2
ক্যাপশন,2
কিছূ,2
পুরস্কারের,2
মিথ্যাকে,2
আসলো,2
পাচ্ছ,2
গণমাধ্যমে,2
খেদমোদের,2
জেনেভা,2
পেঁয়াজ,2
জুটতো,2
চুরিই,2
স্বভাবে,2
জয়িন,2
দেওনি,2
চুমু,2
সিএনজি,2
তিনজন,2
চেয়েছে,2
সৌন্দর্য্য,2
ক্লাসের,2
শাড়ী,2
বার্গারকে,2
ইফতারি,2
আমাদে,2
বিশ্রাম,2
আম্মুকেও,2
বাবা-,2
সপের,2
ইবিএল,2
সর্বাত্মক,2
সকলকেই,2
গুটায়,2
ভরসায়,2
চন্দন,2
ডিজার্ভ,2
বাজবে,2
অক্সিজেনের,2
জ্ঞানী,2
সাহারি,2
জীবনো,2
মুতে,2
অপরাধিরা,2
গোলমাল,2
চুলকায়,2
দৃঢ়,2
আটকায়,2
বাবা-মা,2
আসামে,2
জ্বিবে,2
লং,2
আতঙ্কগ্রস্ত,2
খাছো,2
কাপাও,2
বুঝবি,2
ইসতিস্কার,2
প্রেজেনট,2
যোগিয়া,2
ঠাকুর,2
শেরপুরে,2
সুজক,2
গিয়েন,2
জগত,2
ইন্ডিয়াকে,2
পোলায়,2
মাদারচোদেরে,2
কুত্তাদিয়া,2
আহাদ,2
মুকাররমার,2
খুবেই,2
অাসবে,2
মধুর,2
জামিনে,2
আটার,2
হুথি,2
উদ্বুদ্ধ,2
অনুরাধার,2
ফুডস,2
আওয়াজগুলিতো,2
স্ত্রীর,2
বান্চোদ,2
শুওরের,2
কালের,2
আওয়ামীলীগের,2
ফাষ্টফুডের,2
পুলাগ,2
মারল,2
মজবুত,2
নিস,2
অবতারের,2
লুইচ্চা,2
বিষ্ণু,2
যশা,2
মুদ্রা,2
কাছেতো,2
বোনেরা,2
জানবো,2
নারায়ণগঞ্জ,2
বিকালে,2
কাটলেট,2
হটেল,2
চেতনার,2
চেতনাবাজ,2
জবর,2
বিউলির,2
অব্যাহত,2
বোলে,2
গ্যংটক,2
জামানায়,2
আইলাম,2
নেচারেল,2
অনেস্ট,2
বোম্বে,2
ক্ষিদে,2
হাতটা,2
পুরাটা,2
অামরা,2
এক্সাম,2
হাহাহাহাহাহা,2
প্রযুক্তি,2
পোরাই,2
আাহা,2
গুরের,2
নেম,2
নেভাবেন,2
হিসাবটা,2
প্রোটিন,2
কার্বোহাইডেট,2
очень,2
বুড়িমারী,2
দোষীদের,2
কব্জি,2
অপিসার,2
লেবুতে,2
কুয়াকাটায়,2
কুইন,2
চুকুম,2
জিরো,2
মূল্যে,2
সেবক,2
খাইরান,2
চাটুকার,2
ধমক,2
প্রতিস্টান,2
রোমান্টিক,2
নারকেল,2
সাহসিকতাকে,2
আলিয়া,2
চ্যাট,2
জন্মেও,2
ঘু,2
নারিন্দার,2
ঝুনুর,2
নরপশুদের,2
কিশের,2
অমানবিক,2
নিষ্ঠুর,2
পাপকে,2
পটলের,2
পড়লাম,2
অশংখ্য,2
আলহামদুরিল্লাহ,2
গার্ডেন,2
টানছি,2
ব্যাক্তিত্য,2
কখনোও,2
এনার্জি,2
প্রফুল্ল,2
চোদানীর,2
এতেই,2
আলহাদুলিল্লাহ,2
লাইনে,2
ষ্টেশনে,2
কোন্,2
ইউনিফর্ম,2
ওখানেই,2
স্টাডি,2
মোতাবেক,2
বসেছেন,2
ওপরা,2
গুদের,2
শিক্কা,2
প্রতিস্টানে,2
হত্তা,2
ডুকিয়ে,2
ডুকানো,2
নগর,2
ঐতিনজন,2
সংস্থার,2
শিলিগুড়ি,2
৷৷,2
রিসোর্টে,2
আর্মিদের,2
পোলাকে,2
খাচ্ছিলেন,2
উপায়ও,2
দাঁড়ালে,2
বিস্বাদ,2
এরপরও,2
নীলফামারী,2
সাটার,2
বরফের,2
বলছিল,2
এমব,2
মামাটা,2
বাঁচতে,2
উঠবেন,2
সায়েন্সের,2
সোশাল,2
এখনো,2
আরো,2
05,2
এয়ারপোর্ট,2
জিরু,2
দালার,2
কুল,2
আমিষ,2
প্রাণীজ,2
মাকেটে,2
বকশিষ,2
পরিবেশনকারীকে,2
অন্তরঙ্গ,2
কপোতী,2
কপোত,2
রয়েছে,2
ঠকাচ্ছে,2
ঘুরাঘুরি,2
আস্বাদ,2
লাভটা,2
ক্যামেরাওম্যানটা,2
দোকানগুলিতে,2
ডেকার্স,2
হিজাবি,2
খাভার,2
১০-১৫,2
নওশীনের,2
পাসের,2
মোহাম্মদিয়া,2
ধাওয়া,2
কল্যাবোরেশন,2
খুেজ,2
আমির,2
ভিতরেয়,2
রংকিং,2
কয়বার,2
গোলা,2
ইন্নশাআল্লাহ,2
ক্রোস,2
অমানুষদের,2
সতর্কতা,2
চলাচল,2
হাচিনা,2
কের,2
ইনপ্রুভ,2
আপাত,2
এসেছিলেন,2
সুইজারল্যান্ড,2
নেদারল্যান্ড,2
সত্যও,2
কছু,2
শুক্লপক্ষ,2
ইংরেজী,2
সংগ্রাম,2
সমাবর্তনে,2
বাঙলা,2
৫৫০,2
ফিকির,2
আপলোডের,2
প্রদর্শক,2
অংশগ্রহণ,2
প্রতিস্ঠান,2
বাণিজ্যিক,2
এমনিতে,2
বাঙ্গি,2
সুইট,2
কাচামরিচ,2
বাহীনি,2
সেটায়,2
বিশয়,2
ব্রিটিশ,2
সুন্নাতানুসারে,2
চারিদিকে,2
হো‌টেল,2
গরীবরা,2
রুপিতে,2
গোিছ,2
শ্তনে,2
প্রেশার,2
কিতা,2
প্রতারনা,2
ডাকাতির,2
পুলে,2
সুইমিং,2
বিরোধিতা,2
গুড,2
চেটের,2
নানী,2
বিরিয়ানী,2
আমরার,2
খাইসে,2
গ্যাজাইলো,2
45,2
গবেষণার,2
বক্কর,2
সিঙ্গেলদের,2
কাঁপন,2
ছড়াতে,2
সিরিয়াসলি,2
বাঁচায়,2
অজ্ঞাতনামা,2
দরিদ্রের,2
চন্দ্রযান,2
মাদের,2
অকারণে,2
ঢালাও,2
দীর্ঘায়ু,2
দোষি,2
দিসেন,2
কাটি,2
মাখামাখা,2
সষ্টার,2
বেশিদিন,2
রুপে,2
ওলে,2
খুঁজ,2
নাইচ,2
লন্ডন,2
ঠেলা,2
দীর্ঘদিন,2
বেশুরভাগ,2
ভর্তাগুলো,2
রোগা,2
হ‌লো,2
হাঁস,2
জানােবা,2
এক্স,2
ভাষন,2
কাংলাদের,2
এমাজন,2
ছবিটা,2
দিআ,2
সম্ভবনা,2
পযকতি,2
নবাবের,2
নাইলে,2
জাতিয়পাটি,2
দুরত্ব,2
হোস্টেল,2
শবনাম,2
ট্যাক্সের,2
বাইকে,2
চিবাতে,2
হোলাম,2
সংসার,2
খানকী,2
তেলের,2
গুলাতো,2
জঙল,2
দিয়াছে,2
ইচ্চা,2
বাড়ান,2
স্ট্যামিনা,2
হোকনা,2
স্প্যাম,2
রহিল,2
ক্যাসিনও,2
বেয়াদফকে,2
সান্তি,2
ফিন্নি,2
খারপ,2
ফ্রট,2
কিছুতে,2
চ্যানেলগুলো,2
আমজনতার,2
প্রাপ্ত,2
রাশিয়ান,2
থাকল,2
চিড়িয়াখানা,2
ইন্ডিয়াতে,2
এতিমদের,2
শিলিগুড়ির,2
এএসপি,2
আচারন,2
রাষ্ট্রদ্রোহ,2
বরতমান,2
বন্দ্,2
রাজনিতী,2
প্রতিষ্টানে,2
পিচে,2
মরছে,2
দিকেও,2
চলত,2
লোটে,2
কুরআনের,2
চানাচুর,2
স্ক্রিপ্ট,2
শেরিং,2
নৈ,2
হিল,2
শিখার,2
লীলা,2
ভিতিও,2
গেলোনা,2
দায়ের,2
প্রাণি,2
লাচ্চির,2
ভূত,2
স্মার্টফোন,2
ভালবেসে,2
টল,2
রওনা,2
অসোহায়,2
গপ,2
ব্যপারটা,2
কোটে,2
অাজ,2
দুইজনে,2
জালি,2
কাপটাই,2
শশ্বুর,2
উম,2
কিলাই,2
বান্দরবান,2
আসোস,2
নারায়ণগঞ্জে,2
বিশ্বকে,2
তালাশ,2
বুবু,2
কইছো,2
তোতাপাখি,2
শোষন,2
জলবে,2
নেয়নি,2
নেওয়ার,2
যশোর,2
গাংগুলির,2
খানকিরপোলারা,2
জ্বালায়,2
রাব্বানি,2
লোকেদের,2
ডোনাল্ড,2
ভোলা,2
থামাবে,2
বুঝছি,2
কালিম্পং,2
অসাস্থকর,2
কাঁপল,2
বাচ্চাটার,2
কাজকর্ম,2
ঘুমাও,2
দেকলে,2
প্যারাডাইস,2
অলরেডি,2
বারায়,2
যাইতাম,2
চোদাচুদি,2
বিক্রমপুর,2
রুহিতপুর,2
গোয়ালখালীতে,2
মোঃপুর,2
স্থায়ি,2
ভাকা,2
মিসকল,2
আসাই,2
সালাউদ্দিন,2
মুই,2
ফান্ড,2
নির্ভরশীল,2
রিয়েল,2
খাক,2
সারপ্রাইজ,2
কয়লা,2
্,2
চাপে,2
অাসেন,2
ফন্টটা,2
ভাষ্য,2
রেটিঙে,2
বিসা,2
বার্বিকিউ,2
কক্সসবাজার,2
গল্পটা,2
বিদারক,2
আকবরিয়ার,2
ময়ো,2
প্রতিভাকে,2
দোকানদার,2
আবশ্যক,2
ভাইয়েরঅনে,2
কাউয়া,2
দেখানোটা,2
ভাল্লাগেনা,2
অনুপ্রেরনায়,2
উকি,2
কাফেরের,2
জমিয়ে,2
&৬,2
ফেলুন,2
এনাফ,2
ডেট,2
লুচির,2
কন্টেন্টটা,2
লিবিয়া,2
টাকলু,2
পশ্চিমা,2
মাস্টারশেফ,2
লক্ষ্মীপুর,2
কৃষ্টিকালচারকে,2
মজুমদার,2
কুলাংগাররা,2
ফাসী,2
টিউটরিয়াল,2
হিরোরা,2
পাপর,2
খেলোয়ার,2
গাঘুলী,2
সোরভ,2
স্টেটমেন্টে,2
কোরিয়ান,2
এক্সারসাইজ,2
ইন্ডোজ,2
বলচি,2
গতির,2
কুডুর,2
হিশাব,2
গদ,2
বেড়ায়,2
অপরাদ,2
বোলবো,2
বাংগলি,2
ট্রায়,2
আউওয়াল,2
কৃকেট,2
নিকাশ,2
ভিউয়ার,2
লিখেছেন,2
ডরায়,2
বালরে,2
মেশিনে,2
ড্রামা,2
চলিতেছে,2
টাওয়ার,2
নির্মূল,2
দুর্নীতিবাজদের,2
দৌরায়,2
জুসি,2
কামলাগুলো,2
ইনশাল্লা,2
শিক্ষ,2
নিঞ্জার,2
ভ্লোগ,2
সুফল,2
ওয়ার্ড,2
দুজনকেই,2
সুকরিযা,2
ফ্লেভারের,2
ফোঁটা,2
পল্লীর,2
অাগমন,2
ইবরাহিম,2
বল্লাম,2
বাকী,2
আমাদেরই,2
বহিঃকার,2
বডি,2
ইউরোপেতো,2
ছিটিং,2
☺☺☺,2
লাইভে,2
ব্যারিষ্টার,2
বেজরমা,2
চিরদিন,2
কাওয়াসাকি,2
গুগুল,2
পরিনিত,2
চন্দ্র,2
নিমুক,2
লোভনীয়,2
প্রাইসিং,2
টেকনিশিয়ান,2
সেক্সুয়াল,2
ওয়েব,2
নাইত,2
র্্যাব,2
ফ্রান্স,2
অয়েল,2
কুটুমবাড়ি,2
বেপারে,2
ভাড়ার,2
খেনে,2
মাতইন,2
গোয়াল,2
নিনজা,2
জানাইলে,2
খেলনো,2
কাগজে,2
পল্টন,2
দূর্ঘটনার,2
প্রশংসিত,2
নরাশংস,2
এখনোও,2
বহুদিন,2
বাংলাটাও,2
বালুট,2
জন্ন্য,2
নীল,2
বিধর্মি,2
লেনে,2
এসির,2
প্রতিও,2
ছুটে,2
খুঁজছি,2
বিলটা,2
হুসেইন,2
অত্যাচারীদের,2
পিঠাইতাম,2
চে‌য়ে,2
ব‌লি,2
সা‌হেব‌কে,2
সাবের,2
রেস্টুরেন্টও,2
তামিল,2
পাহার,2
16000,2
ইচৃছা,2
গিলতে,2
লাড্ডু,2
বেআইনি,2
চৌধুরি,2
সরাইয়া,2
রানাদের,2
টোসে,2
দেখেনি,2
থাল,2
মারামারি,2
মিশায়,2
যানলে,2
সাম্নেই,2
আঞ্চলিক,2
মহোদয়,2
এবংঅন্যন্য,2
শিকদার,2
সিংহ,2
পোয়া,2
আফ্রিদি,2
তাওহিদ,2
চিরজীবনের,2
১৯০,2
কমো,2
ইমিগ্রেশনে,2
ঘোষখোর,2
কমালে,2
প্রেস,2
ওইদিকে,2
ভিষন,2
রাখাটা,2
থেকেন,2
ওয়াশ,2
বানায়,2
কিনছে,2
টুয়েলভ,2
তাজমহল,2
হেলো,2
দাঁড়ানোর,2
মেধাবীরা,2
সাদাভাত,2
রিপোর্টারদের,2
ওফাতের,2
মুঃ,2
মাদ্রা,2
কলারোয়া,2
সাতক্ষীরার,2
আভিজ্ঞতা,2
করটিয়া,2
সফলতার,2
কাটাচ্ছে,2
পাঁচটা,2
সুযোগই,2
সমইয়,2
ইন্ডিয়ানদের,2
কলাবোরেশনের,2
তুমরা,2
ব্যাক্তিটির,2
ডাটা,2
চেহারার,2
হিংসে,2
টালি,2
বেদাত,2
নিঃসন্দে,2
ভুড়ি,2
ফ্রেন্ট,2
আইসে,2
বলবেনা,2
আমানিল্লাহ,2
বেড,2
লেন,2
ঘাটের,2
টিউলিপ,2
ভর্তাটা,2
স্ট্রবেরী,2
রহমানির,2
পরাশোনা,2
ওইসলামিক,2
দিনাজ,2
ওস্তাত,2
বিদ্যুত,2
রোটি,2
চিরতরে,2
কচুপাতা,2
সব্বাই,2
শুনবো,2
জারজলীগ,2
আসতাম,2
প্রশাসনদের,2
লিখো,2
পেপসিশন,2
স্বর্গরাজ্য,2
মাদকের,2
ধরিয়ে,2
ভাগার,2
সৌজন্যে,2
সেগুলি,2
জননেত্রী,2
পারুক,2
ঠুকে,2
বাহঃ,2
আহ্,2
নাটোর,2
আসচে,2
ফাটিয়ে,2
শারা,2
বিশ্সোকে,2
আনকমন,2
চিকিত্সা,2
বাড়িয়ে,2
কানাডা,2
রহম,2
মুখোমুখি,2
নগদে,2
জুলাই,2
পেস্তা,2
চেও,2
কইলো,2
কত্তো,2
শি,2
শৌখিন,2
দূরেই,2
আশ্বাস,2
পরেছি,2
জনম,2
হোটেলটাকে,2
ওয়াও,2
পচায়,2
হীন,2
ভূমি,2
খাপার,2
গ্লাব্স,2
গুটখাখোরদের,2
ইরাক,2
নেএী,2
রংতামাশা,2
ওখানের,2
হাড়িতে,2
বাসষ্ট্যাণ্ড,2
ছেলেমেয়েরা,2
কুমারখালি,2
রমেশের,2
দহি,2
মটকা,2
ফেসে,2
বাচ্চাকেও,2
স্পনসর,2
জ্যাম,2
ঢুকানো,2
এক্সিডেন্ট,2
টোল,2
তিলের,2
খাজা,2
ভাতা,2
এন্ডেমিক,2
দেখাইতে,2
খূধা,2
এক্সপ্লোর,2
আফগানিস্তান,2
হাজীতে,2
ধইঞ্চা,2
বানিয়েছে,2
ফুডি,2
ভাংালাদেশ,2
পাহারা,2
হাজারগুন,2
ছেচরা,2
ছিড়তে,2
রেন্ডি,2
ইতিহাসের,2
বানাবো,2
সেফুদা,2
আছেনা,2
চারবেনা,2
দিতেছ,2
ভিত্তিভূমি,2
টাইমে,2
ম্যাক্সিমাম,2
নামছে,2
হাওয়ান,2
কমেন্ট্রি,2
রেস্তোরাঁয়,2
সরিষে,2
পুলিসের,2
খ্রীস্টানের,2
গিটার,2
চালাবেন,2
কলনীতে,2
খিচুরী,2
দেশদ্রোহী,2
বুলে,2
করমের,2
কুকুরকে,2
প্রাইজে,2
26,2
দ্বিতীয়টা,2
ইস্টেপ,2
বাণিজ্যই,2
পশ্চিমবংগে,2
কারাদণ্ড,2
চাইতাছে,2
খনির,2
লোভি,2
পরি,2
সবসময়ই,2
যুবরাজ,2
এদরোগান,2
রুহানী,2
দেখিয়া,2
আস্বাস,2
দিয়েযাবে,2
সুনিশ্চিত,2
গড়তেই,2
কাষ্টমার,2
পাঁচভাই,2
দফায়,2
বংলাদেশ,2
পাবলিকলি,2
ভাঙচুর,2
থেকা,2
মনমানসিকতা,2
প্রতিহিংসা,2
পরায়ন,2
এদ্দিন,2
পরেরবার,2
প্যাচ,2
যামুনা,2
ছোঁয়া,2
শোটি,2
বাবা☺☺,2
খিদিরপুর,2
বিক্রী,2
ওয়ালাও,2
ভিড়িও,2
গুলো,2
একলা,2
টিবির,2
চুদলাম,2
চারা,2
গত১৯,2
বলুনতো,2
অবশে,2
অনুরধ,2
অবধারিত,2
ওইটাই,2
❣️,2
কোচ,2
বিবরণ,2
28,2
তাওবা,2
সমূহ,2
বীদ,2
জুয়াখুর,2
কিকেটার,2
বাড়ীর,2
ট্রাভেলার,2
নিচতলায়,2
জিন্দাবাজার,2
খামু,2
কাকু,2
উদ্ভট,2
নরসিংদীতে,2
ইউটার্ন,2
অভুক্ত,2
বাচে,2
হায়াতে,2
জম্ম,2
চোদার,2
হায়ার,2
মানুষটা,2
দামদেয়,2
পুরুস্কার,2
তাহার,2
হুসাইন,2
মুশরিকদেরকে,2
শক,2
ঘোরানো,2
ধর,2
76,2
ভাইএর,2
অভিঙ্গতার,2
তরী,2
39,2
ব্যান্ডের,2
আলোকে,2
েদাশ,2
ফিরবে,2
ধৈর্য্য,2
শপ্ন,2
রড়,2
গহন,2
দৃরগটনায়,2
লাম,2
কতোবার,2
রিভিউগুলো,2
চয়েজে,2
এসি,2
অন্তরস্থল,2
ফূড,2
বিসেস,2
যুমার,2
জনৈ,2
চাদের,2
হারামের,2
ফুড়িরে,2
কিলো,2
বালকসুলভ,2
বাবহার,2
সহজাত,2
কোন,2
সহজতাই,2
ব্লগে,2
আরোহণ,2
শিখর,2
তায়ালা,2
রিচার্জ,2
লুটতেছে,2
রাইট,2
নিসা,2
সন্রাসী,2
আইটেমগুলো,2
মদদেই,2
যেনে,2
বাকরখানির,2
কষ্টকর,2
অাছেন,2
কমালেন,2
নাস্তাটা,2
ভিডিওটির,2
৬০০,2
ঝিনাইদহ,2
চক্রকে,2
ট্যুরিস্টদের,2
শুণে,2
এজ,2
সতর্ক,2
বেলিম,2
জাবেদ,2
ব্যাটসম্যান,2
মৃত্যুও,2
পাপড়,2
শিশুদের,2
বলাতে,2
কেকা,2
৪৭,2
ডাক্তারদের,2
ম্যানার,2
সেদিক,2
মাইনকা,2
যুবকরা,2
কোঠি,2
সালায়,2
ভূটানে,2
ওনারে,2
কেলরি,2
পাৱ,2
অবস্হানে,2
প্রশাসনকেও,2
র্যাগিং,2
হলগুলোতে,2
বিশ্ববিদ্যালয়গুলোতে,2
সারাদেশের,2
শেষেই,2
অজু,2
এসেই,2
শিখল,2
খুজতেছ,2
খেল,2
কেদেদিয়েছি,2
চমতকার,2
আরবীর,2
রাস্তায়ে,2
সনএাসি,2
লাইসেন,2
মদও,2
পিডান,2
গুরাই,2
ভাড়াটে,2
গঠনে,2
রাজনীতিতে,2
নামাবে,2
গেড়া,2
পরিবেশই,2
কর্মকান্ডে,2
সময়ই,2
মাদারচোদের,2
তীব্রতা,2
হেব্যি,2
পোলায়ই,2
চাটার,2
জিগ্যেস,2
করতেছিস,2
দংশ,2
পরিমাণে,2
বাঙলাদেশে,2
তখনিই,2
নিউজটির,2
দেয়াতে,2
নচ,2
চাকড়ি,2
বৃদ্ধ,2
কুরানের,2
ক্রেজ,2
প্রডাক্ট,2
এপলের,2
জনসাধারণ,2
কামাবেন,2
আসুন.,2
বরাবর,2
হেদায়াত,2
মিথ্যাচার,2
বাংদেশের,2
সুস্থতা,2
রেন্ডির,2
সুখি,2
তালিম,2
নমোরা,2
কারিগররা,2
বিবিকিউয়ের,2
প্লাটফর্ম,2
কইয়ালাইছে,2
নউসিন,2
ঘটি,2
শিখলেন,2
কস্তুরি,2
মাত্রায়,2
মানতেই,2
মশার,2
কুরআনে,2
বছরই,2
চললে,2
বেশিরভাগই,2
খাবারগু‌লো,2
বিষয়গু‌লো,2
উপস্থাপনাটা,2
জা‌নি,2
খাওয়াগু‌লো,2
জতুদুর,2
বসতে,2
থিম্পুর,2
ড্রাইভারের,2
পুলিশনা,2
ছাগলদের,2
বেচার,2
বাকরখানি,2
নুরের,2
চাটগা,2
টেস্টই,2
রসমলাই,2
চত্বরে,2
নয়া,2
চেন্জ,2
স্কিপ,2
গণমাধ্যম,2
বোঝেনা,2
বুর্জ,2
সাইন,2
নেত্রকোনার,2
এইগুলার,2
ডাক্টার,2
ওয়্যারলেস,2
আসনে,2
মেয়েটি,2
বাড়ছে,2
নমো,2
মেকিং,2
খুধা,2
নখ,2
ম‌নে,2
ডাচ,2
লাইফের,2
অতোটুকু,2
একজনে,2
হচ্ছিলো,2
পুত্র,2
দাড়ানোর,2
স্যুট,2
খেলেনি,2
আশার,2
ছালাম,2
বাণী,2
হতাশার,2
বৌকে,2
খেত,2
জুলুমের,2
গুলোও,2
কারনটা,2
অতটা,2
চাচী,2
প্রসাসন,2
বুকা,2
কারেন্ট,2
দেইখ্যা,2
নিয়েছিলাম,2
সিনেমাটি,2
অবিবেচক,2
মরিচেই,2
লাভও,2
ভার্তা,2
ক্যানসার,2
মানুসের,2
পসিবল,2
আপাকে,2
তল্লাশি,2
জাতের,2
নিতেছে,2
তুলনামূলক,2
হচছে,2
রাইখা,2
মাকরূহ,2
и,2
কাঁকড়া,2
সুদ্দারানুর,2
লাগাইতে,2
থেইকা,2
সম্মেলন,2
দেখালেই,2
বিশিষ্ঠ,2
32,2
খাদকগন,2
সম্মিলিত,2
প্রয়াশ,2
ডাবের,2
খন,2
পথশিশু,2
আলোকিত,2
বেহুশ,2
ট্রেইনিং,2
আর্লি,2
ব্রেকফাস্ট,2
স্বাস্থ্যকর,2
ওছিলা,2
হ‌ইছে,2
কাটবো,2
এডভার্টাইজ,2
উইথ,2
মুগডাল,2
কাওসাকি,2
বিরোধীদের,2
অপেক্ষাতে,2
মিষ্টিটা,2
বহিষ্কৃত,2
মিডিয়াতে,2
তেলাওয়াত,2
গাওয়াতে,2
নেচে,2
বঙ্গবন্ধুর,2
কেয়ামতের,2
চিটিংবাজি,2
নয়েস,2
ফেলবো,2
স্বাধিন,2
বাস্তববাদী,2
করোস,2
জনি,2
খানিকির,2
পাপনে,2
থামে,2
দুঃখে,2
গাবিন,2
চুইদা,2
লোকিতো,2
বর্তার,2
আনোয়ার,2
আশরাপকে,2
কিসনা,2
হাজতে,2
কোম,2
অপকর্মের,2
সবকিছুতে,2
বারছে,2
ব্যবসায়ী,2
লাততী,2
প্রেসিডেন্ড,2
বলবিয়ার,2
বিকেলের,2
করনার,2
কেফে,2
পার্টের,2
কাওয়ায়,2
কাউয়ার,2
নিয়মিত,2
অাল্লাহ,2
ঊচিৎ,2
বুড়া,2
চুলে,2
দাঁতে,2
য়,2
বুযলাম,2
জম্মের,2
কনে,2
চাচ্ছেন,2
ঘুশ,2
অনেক্ষন,2
রসা,2
আকর্ষন,2
কোরলেই,2
ইউজার,2
উলঙ্গ,2
জোরা,2
খেলোয়ারের,2
অপরাধিকে,2
নষ্ঠ,2
সুপারকে,2
নিড়ে,2
চুঁয়ে,2
ট্রিপে,2
শুজুকটা,2
পিটার,2
অফিসর,2
পেইন্টসের,2
কষাও,2
জ্বী,2
বদলাতে,2
সাজাও,2
আখেরাতটা,2
হইও,2
কালাই,2
দূড়ে,2
বাংলাদেশকেউ,2
একসাখে,2
ড্রিঙ্ক,2
ফ্যামাস,2
ফুডের,2
এরাইই,2
দিবস,2
মানসিকতা,2
শিখবেন,2
করোছ,2
দিবসে,2
কুত্তাগুলা,2
রাফি,2
জোরেই,2
এতদূর,2
অমাজন,2
কিসে,2
বীরপুরুষ,2
বাসনে,2
টিনের,2
আয়োজকের,2
উজাড়,2
বাঁচবেন,2
কাররো,2
পুরলে,2
সৌরগাঙ্গুলি,2
কাগজটা,2
আটকিয়ে,2
দিকের,2
হয,2
মাটনটা,2
মারুতি,2
সুদিপা,2
সবাইকেই,2
খেলোয়াড়,2
টেনশনে,2
বললি,2
মানসম্মান,2
হাতিটাকে,2
চ্যানেলটিও,2
চেয়েছি,2
জিপে,2
গুলিও,2
রসিকতার,2
জিমে,2
চর্বি,2
কর‌ছে,2
গুল্লায়,2
ঘুড়ে,2
অস্ট্রেলিয়া,2
ডিবি,2
কিন্ডারগার্টেনে,2
ব্যাচ,2
আমারি,2
ধরনে,2
অনেকাংশে,2
পেড়িয়ে,2
রেফারেন্স,2
রাখেনি,2
অারে,2
ফোসকা,2
সিজন,2
গোলচক্করের,2
সন্দেশ,2
পুরস্কৃত,2
মাইরেন,2
জাগবে,2
খাবেই,2
নকশা,2
কোচিং,2
নিরারোগ্য,2
22,2
বিক্রমী,2
হাউসের,2
তু,2
আড্ডাটা,2
লাদেশের,2
রাজ‍্যে,2
রেস্টুডেন্টে,2
দোআ,2
সম্পূন্ন,2
অঙ্গন,2
নারায়নগঞ্জ,2
কান্কির,2
মুরুব্বী,2
স্বর্ণ,2
ইউনুস,2
কর্মচারী,2
দেসটা,2
পলুসির,2
শাম,2
কাটবেন,2
লুঙ্গি,2
বসামু,2
হুছুট,2
বাবাজি,2
আইতো,2
সারাদেশে,2
আদার,2
নিরাপত্তার,2
কাবিন,2
শিক্ষাত,2
জেনিয়ারা,2
ফাঁকিবাজি,2
অঞ্চলের,2
বরিশালের,2
পোদ,2
মেরেই,2
দিসা,2
জাইতাছে,2
সিজার,2
কমাবে,2
রয়,2
গরজন,2
রুহানি,2
ক্যামেরাওয়ার্ক,2
সুইচ,2
ভিডিওগ্রাফার,2
মেহমানদরন,2
থাকছে,2
দোকানদারটা,2
এম্বাসিতে,2
ধরতেন,2
কিকি,2
চাঁদাবাজকে,2
বানাইতেন,2
ঘরবাড়ি,2
হিফাজত,2
যেইটা,2
শএু,2
বাঁচবেনা,2
বাঁচলে,2
খাওয়ন,2
পর্নোগ্রাফির,2
জিবনেও,2
মামারা,2
নিচ্চই,2
দুকে,2
কথ,2
জিনিসে,2
আজিরা,2
পাগলে,2
ছিরি,2
গলার,2
ভাইয়াদের,2
বাঙ্গালিয়ানা,2
এলিট,2
জানাতেন,2
শেখায়,2
ওয়াডার,2
প্রজন্মের,2
হুনুমান,2
ডিউটি,2
তাহমিত,2
ওয়াজিব,2
এহেড,2
লেগেছেরে,2
ডিস্ট্রিক্ট,2
দেক্গে,2
পৌছায়,2
প্রতিবাদী,2
বরাদ্দকৃত,2
একদল,2
বাঙ্গালির,2
এগ,2
আপের,2
শুনছি,2
সন্ধ্যার,2
যানি,2
চিটারি,2
দুরহ,2
বিকালবেলা,2
পিডাইতে,2
জিব্বা,2
চোঁখ,2
ইনশাল্লাহ্,2
কমিশন,2
লীগকে,2
সদরে,2
আগমন,2
ছানাপোনাদের,2
আহামেদেনিজাদের,2
রিমানডে,2
টিমটাকে,2
পেঠ,2
কৃষকের,2
প্রবল,2
বাসিন্দা,2
খায়নি,2
উচ্চবাচ্চ,2
সাবমেরিন,2
কিলোক্লাস,2
মিয়ানমার,2
হায়না,2
আইডির,2
দিচ্ছিলেন,2
জানোয়ারে,2
ভিসির,2
রোগী,2
পারমাণবিক,2
বোমা,2
পঞ্চগড়,2
ভুইলা,2
রুটে,2
রিলিজ,2
লেকে,2
শুনবে,2
থাকাই,2
সেন্টমার্টিন,2
চকলেট,2
বোর্ডটা,2
ঘুমিয়ে,2
মিন,2
চিনেন,2
চুঙ্গা,2
সহনীয়,2
রেস্তোরায়,2
আম্রিকা,2
ওয়াড্,2
মুল্য,2
পুনরায়,2
লাগাইলো,2
না‌কি,2
প‌রে,2
গা‌নের,2
দাওয়া,2
কুনাল,2
বিজেপিকে,2
সভার,2
বাস্টার্ড,2
মোল্লার,2
বিড়ি,2
রাখতেও,2
চালিয়েও,2
ভেংগে,2
কোনু,2
দুশ,2
সাজেশন,2
ভইনেরে,2
টানতে,2
পরালিখা,2
ম্যাজিস্ট্রেট,2
হিজরার,2
এতো,2
রটে,2
কয়েক,2
বেরহবে,2
সতর,2
পার্লারের,2
ম্যাসাজ,2
লাঠি,2
তারহলে,2
উপস্হাপনা,2
নিতেহবে,2
তুলছিল,2
আনলো,2
ইঞ্জিনিয়ারিং,2
মনোরম,2
পিনিক,2
ত্যাল,2
গরীবদেরকে,2
এতধনি,2
গুইরা,2
শারদীয়া,2
ভাসতে,2
পিয়াংকা,2
পাত্তাই,2
সুরকার,2
উচ্চারনটা,2
লিরিকটুকু,2
টাইগারদের,2
মিলিয়ন,2
আবুলেরা,2
ভিভু,2
6500,2
সিস্টেমটা,2
আপেল,2
তেহারী,2
নিজেরে,2
আমদানি,2
বিগ,2
✌✌✌✌,2
সরিষা,2
বিশ্বয়ের,2
বেসনের,2
রেপটা,2
আবাসিকে,2
ধর্ষকের,2
চারদিকে,2
নিবিয়ে,2
ফাঁকে,2
তাজা,2
মোদেৱ,2
খাৰাৱেৱ,2
ছাত্রী,2
অধপপতন,2
ভেপারী,2
লাও,2
ষেসে,2
পিপরা,2
তল,2
অনেকই,2
সাইনবোর্ডে,2
কোট,2
বিখ্যাতো,2
বাশবাগানের,2
ছেলেরাই,2
বাসতবে,2
গাংগলী,2
ইদানীং,2
তারটা,2
সাঁ,2
নির্যাতিত,2
গণপিটুনি,2
তিল্লি,2
এমনিতেও,2
কতবড়,2
সাইফুল্লা,2
জানছে,2
হারায়,2
পুরোই,2
পার্থক,2
কোলকাতাতেই,2
মেনশনটা,2
অন্তর্ভুক্ত,2
ক্ষতিগ্রস্তদের,2
প্রযোয্য,2
বিতর,2
নাকি.,2
ইত্যাদিতে,2
দিলা,2
মেয়েরাই,2
পয়েন্ট,2
চুবিয়ে,2
সসে,2
বান্ডিল,2
ওসবজাননে,2
থা,2
মাউথপিস,2
রিকমেন্ড,2
ফুডকোর্ট,2
জয়করা,2
এইটায়,2
কথাটুকুও,2
বাংলাদের,2
লিলির,2
চলছেও,2
ভাজির,2
দামাদামি,2
বন্ধের,2
জামিনের,2
খুরের,2
ছোটছোট,2
এফ,2
সৎসাহসী,2
ভাড়াটা,2
এটেন্ট,2
এন্টি,2
রিসেন্টলি,2
সামপাননৌকা,2
অফিসিয়াল,2
খাগড়াছড়িতে,2
লিংকরোড,2
দুজনে,2
জন্য.,2
দেখনা,2
কয়,2
সহায়,2
ইডিট,2
মেনুয়েল,2
যায়গাতে,2
টাইলস,2
ছেলেম,2
তুমিতো,2
দূরের,2
রায়েসর,2
এইখানেও,2
ঈমান,2
রিকোয়েস্ট,2
বরতার,2
দুরগন্ধ,2
খুজেঁ,2
স্যুপ,2
ছারতে,2
সিরিয়ালে,2
জর্ম,2
বলসোনারো,2
সাম্রজ্যবাদের,2
বলসোনারোর,2
ক্ষেপেছে,2
ইহুদীরা,2
গাড়ীতে,2
এসেছিল,2
সাজিয়েছে,2
❤❤❤,2
গল্লি,2
কাঠ,2
প্রিন্ট,2
বেঙ্গলের,2
ওয়েস্ট,2
শপিংমল,2
রাজপথে,2
ফুলফিল,2
দি‌য়ে,2
ডিলে,2
ফোকড়,2
সন্ধ্যা,2
উত্তেজনায়,2
সর্ম্পকে,2
মেঘনা,2
ঢোকাবেন,2
ছুরিটা,2
অপরিমিত,2
দাদাবাড়ি,2
বলেনঃ,2
তাহ‌লে,2
য‌দি,2
এড‌ড্রেস,2
সম্পত্তিতে,2
অলসতা,2
ট্যালেন্ট,2
কাবাবে,2
এতটা,2
হারাবেন,2
বিজয়ই,2
পাপনরাই,2
পন্য,2
এলাকায়,2
নবীর,2
বৌয়ের,2
ঈশ্বর,2
৭০০,2
সুশিক্ষিত,2
দলাদলিতে,2
হাসানের,2
কোয়াটার,2
গুলিস্তান,2
ভণ্ডামি,2
বিতরে,2
বাহারে,2
সমর্থনে,2
অপরাধে,2
কাবাবওয়ালাদের,2
তরুণ,2
প্রজন্মকে,2
সেন্টারে,2
জগৎবন্ধু,2
ব্যবধানে,2
চালক,2
আসামীর,2
শার্টটা,2
লাজিম,2
যাবোই,2
দেহটাও,2
কলমের,2
আসতা,2
জ্যান্ত,2
রিয়েকশন,2
দিয়,2
ঠিনলে,2
লাগছিলো,2
প্রতিষ্ঠার,2
অমুসলিম,2
খাগড়াছড়ি,2
সক্তিসালি,2
অজুহাতে,2
সামবে,2
বিশ্বাসই,2
দিওয়ালি,2
খারাব,2
মজাটা,2
খাতা,2
দেকতে,2
উট,2
জানলেন,2
নিরপরাধীকে,2
দাগ,2
ইফতারের,2
কর্মী,2
দাগী,2
দরার,2
প্লেয়ার,2
র‌ইল,2
জন‍্য,2
টিকিটে,2
শর্ত,2
রঙ্গ,2
মানবিকতার,2
বেহালা,2
গলিবয়,2
লাষ্ট,2
কারে,2
জাহির,2
ধার্মিক,2
জেলখানায়,2
ছারাই,2
জুটতে,2
বানালো,2
সবগুলাই,2
চোদের,2
জিব,2
খাওয়বে,2
তেক্স,2
পানশী,2
শ্রীমঙ্গল,2
রেখেছিল,2
রেধে,2
সয়,2
দুর্ভাগ্য,2
ঝুম,2
খাইয়‍্যা,2
মেট্রো,2
সেবার,2
আপ্নার,2
দেদেশের,2
আইজি,2
পদন্নোতি,2
কর্মের,2
কালিঘাট,2
কিচেন,2
আনবে,2
প্রশ্নবিদ্ধ,2
মিজান,2
চায়তে,2
খেলেনাই,2
বুইঝা,2
বারো,2
দেহরক্ষী,2
বিশেষভাবে,2
ফাটা,2
ফুটো,2
বলিভিয়া,2
বিলাসবহুল,2
বরোহবে,2
শাক্ষী,2
মেজাজটা,2
ওইটার,2
শান্তিময়,2
সজ্জ,2
বাছলে,2
শব্দটির,2
গিলে,2
মাসাআল্লাহ,2
বুঝছেন,2
মুড়ি,2
মেম্বারের,2
অনুভূতি,2
সীমাবদ্ধতা,2
আখিরাতের,2
চিন্তাভাবনা,2
সুখী,2
গোয়া,2
অংশটুকু,2
ঠান্ডা,2
স্পনসার,2
অপারেটর,2
কুতার,2
পড়তো,2
নারীদেরকেও,2
মনির,2
অস্ট্রেলিয়া,2
উপস্থিকা,2
গেচে,2
তারক,2
সুনলাম,2
চরমে,2
ভ্যটেনারি,2
পর্যায়ে,2
মাহুত,2
খাওয়াইলে,2
বাচাবেন,2
স্যলুট,2
জাকাত,2
মাদকা,2
নি‌য়ে,2
ব্যাবসাই,2
রাখব,2
কর‌লে,2
Это,2
আ‌মি,2
প্যাকেজটা,2
সৌদির,2
বটতলায়,2
জাহাঙ্গীরনগর,2
নেতৃত্ব,2
হত্যাকান্ডে,2
মানসিকতাকে,2
ভালোনা,2
রিএকশন,2
не,2
23,2
1200,2
খারাপি,2
আছিস,2
সন্ত্রস,2
রাজনীতিবিধরা,2
ক্ষুদে,2
বাড়াতে,2
বলী,2
ভয়ংকর,2
ব্রেকিং,2
রুচিশীল,2
গাংগুলি,2
শিক্ষাথীদের,2
মাসুম,2
ভাষণ,2
জিহ্বা,2
গ্রান্ড,2
ইদুরে,2
তাতো,2
দৌনোবাদ,2
একাকার,2
সপ্নকে,2
বর্তমানের,2
উছিলা,2
পর্বটি,2
প্রতিস্ঠানে,2
দেখতেছে,2
লোম,2
চুদানো,2
পূরন,2
আকবার,2
বকশিশ,2
খাওয়ালো,2
সবজিগুলো,2
চিংড়িটা,2
বসুন্ধরা,2
আশিকুর,2
গরদান,2
শ্রাবণ,2
অনুপাতে,2
বিদুৎ,2
গনবিরোধী,2
লোকটিকে,2
2003,2
ভাষাই,2
হাসলাম,2
বেন্স,2
পরিদর্শনের,2
ক্লাসে,2
ফাটকে,2
বাক্য,2
সেবকের,2
ব্যবসায়ীদের,2
রেন্ডিদের,2
জিহবা,2
উপকারিতা,2
নেটা,2
দরিয়ে,2
সংস্কৃতিতে,2
চাইছিলো,2
লাগতাছে,2
তৈরীতে,2
ব্যবস্হাই,2
মাইনাস,2
দেখেছেন,2
মিলেয়ে,2
বেয়াদবি,2
শুনাছ,2
ননস্টপ,2
হোটেলটা,2
হয়তে,2
স্ম্রাট,2
জগতের,2
হোয়েছে,2
শত্রুতে,2
বাইট,2
মতনই,2
পেয়েছেন,2
বোনদের,2
অবচতা,2
আযাব,2
ঘৃণামূলক,2
রেস্ট্রিকশনও,2
এডমিনকে,2
অানা,2
অাইনের,2
শহরেই,2
সিলেটী,2
ইয়ান,2
জবেহকরা,2
খাননা,2
বলছিলাম,2
দুদ,2
ক্যমেরা,2
হেফাযত,2
সালটাই,2
কয়েকটা,2
ইহুদীগুলা,2
করবো,2
নাহি,2
দাড়ানো,2
প্রানির,2
বাজায়,2
এগুলার,2
খানেই,2
সাপ,2
ভাগ্যিস,2
কমাইছি,2
ঈমানের,2
মুয়াল্লিম,2
গোস্তটা,2
কুলাজ্ঞার,2
খোড়া,2
পাট,2
তেচে,2
তিনজনকে,2
নাননুকে,2
সুজনকে,2
শ্রীহরি,2
ভায়া,2
জনেই,2
শুরো,2
বিছানায়,2
প্রবণতা,2
জিতি,2
সোদন,2
ডটকম,2
যত্ত,2
মাসাজ,2
জিতে,2
বিদ্যা,2
কলিজার,2
জিতা,2
কাচকলা,2
লঙ্কায়,2
মহারাষ্ট্রের,2
হত্যাকারীদেরকে,2
মেকাব,2
খায়েন,2
পাঠিকা,2
মিল্ক,2
মুড়োর,2
তিনবেলা,2
ওটস,2
ছ্যাচরা,2
পোস্তবাটা,2
যেরকম,2
কুকুরগুলোকে,2
পরবর্তিতে,2
উপস্থিতি,2
শুকরের,2
বিসিবিকে,2
মারেনা,2
জাহেল,2
আবু,2
খারাপে,2
ব্যবসহা,2
আজের,2
উইন্স,2
উফ,2
হাছিনা,2
দৌড়ায়,2
লিস্ট,2
ঢাইকা,2
করেছিলো,2
ঐদিন,2
পেয়েছিলাম,2
প্রধানমন্ত্রীকে,2
খাঁচায়,2
পাতানো,2
ছুটি,2
প্রেসার,2
কার্ডিও,2
হৃদয়,2
গিয়েছিল,2
ছুঁয়ে,2
পাটুয়টুলীর,2
সদরঘাট,2
আইনালের,2
পারার,2
করছে‌,2
নার্ভাস,2
সিনিয়রদের,2
রাব্বির,2
উপাচার্যের,2
২১,2
ন্যূনতম,2
জানোয়ারলীগ,2
রেষ্টুরেন্টেে,2
বাদশাহ,2
আন্দোলনের,2
হুকুম,2
পুট,2
পাকিস্তানকে,2
ফুডিং,2
রুপিয়া,2
রাজনিতির,2
চাকরিও,2
ফেমেলি,2
ফেরা,2
চিনিয়ে,2
কক্সবাজারের,2
সেন,2
বাহিনি,2
সত্নান,2
পা‌রি,2
কর‌তে,2
কিভা‌বে,2
ভরষা,2
পাছা,2
খবরে,2
ঐতিহ্যে,2
গরে,2
ভাগাড়ে,2
পাকিয়ে,2
3দিন,2
দুনটাই,2
ব্লগাররা,2
পতিতালয়,2
চ্যাংড়াবান্ধা,2
ভালবাসায়,2
ভাববে,2
গোপনে,2
বাচ্ছাকে,2
একমাএ,2
গুলোরে,2
পুঁটি,2
তালতলা,2
বাদশাহর,2
হোল,2
ফরমালিন,2
জিন্দা,2
পৃথিবীকে,2
ক্রয়,2
চামচে,2
বাবাও,2
পেলেট,2
এঁটো,2
পিটুনি,2
রোযা,2
গ্রফতার,2
জড়তা,2
মধ্যরাতে,2
উড়ে,2
এবস,2
0,2
লোকেশান,2
খাট্টা,2
এরশাদের,2
কিছুক্ষণ,2
ঠিকি,2
সপন,2
কস্টলি,2
পরিশুদ্ধ,2
ধূমপান,2
মূখ,2
দেখাইয়,2
বিজয়,2
লুকালেন,2
প্রতিযোগীতায়,2
প্রাক্তন,2
জায়া,2
আবালদের,2
অনলাইন,2
ভালবাসেন,2
কমেনট,2
কে✌,2
খাওয়াবো,2
কৌতহল,2
সৃষ্ট,2
এক্তু,2
ভুমিকা,2
ইউইউ,2
সংবেদনশীল,2
জানোয়ারের,2
বড়লোক,2
ইচ্ছাকৃত,2
সজ্ঞান,2
এক্সিডেনটালি,2
মুসলামানরা,2
সৌদিআরবে,2
আফনার,2
বলধ,2
খুজতেছি,2
আপনাগো,2
বানাতি,2
নাচিন,2
মহারাজ,2
বাংগালীদের,2
দেয়নাই,2
তেইরি,2
পলতে,2
জরম্ম,2
ধ্রম,2
ফায়জানে,2
দুইনাম্বারি,2
বংশাল,2
বিবেকবোধ,2
মংগল,2
শিক্ষাপ্রতিষ্ঠানগুলোতে,2
মার্ডার,2
গুলিটা,2
কল্যান,2
জাইনাই,2
সাপ্লাই,2
প্যানেল,2
দিনগুলোতে,2
মেধাবীদের,2
মদিনার,2
বিষাক্ত,2
সাধু,2
ছালা,2
বিপক্ষে,2
খানেও,2
মাসজিদ,2
রেখেছেন,2
সুপারহিরোকে,2
মজিবরের,2
পুশাবে,2
পায়ায়া,2
কিনছেন,2
শালাকে,2
ডেন্ডি,2
ফাকরা,2
খাইবার,2
মুটকিরা,2
হোসি,2
লেসবো,2
রেপারই,2
গালিবয়,2
ম্যাপে,2
ঝাড়ু,2
ওয়ানে,2
মুরুক্ষ,2
বোদার,2
অব্যয়,2
আরিফ,2
বিশ্বনন্দিত,2
রেজাল্টের,2
গাড়ী,2
পেলা,2
অবস্তায়,2
পাকনা,2
বিলাস,2
প্রসেসিং,2
র‍্যাগিন,2
কুষ্টিয়ায়,2
ইসলামি,2
বোট,2
যেণ,2
কোম্পানির,2
স্টাইলের,2
ব্যক্তিদের,2
অাপলোড,2
মেনেজাও,2
এডমিশন,2
আপনারও,2
ভাসিটিতে,2
সাস্ট,2
ইডেন,2
তথ্যও,2
মুগ্ধকরা,2
পুলিশদেরকে,2
আমলিগ,2
জাহিদের,2
সেদ্ধ,2
ছাওয়াল,2
সত্যই,2
ইমানদার,2
বস্তু,2
চোপড়,2
প্রেজেনটেশন,2
তায়ালার,2
ভাললাগে,2
দুশমন,2
সত্যিকারের,2
✋,2
আসছ,2
বিত্তবানদের,2
লাকছে,2
অভিচার,2
দায়ে,2
আশরাফুলত,2
শট,2
কেরিয়ার,2
শ্রীমঙ্গলের,2
উঠলেন,2
ভাগমান,2
যাইতেন,2
কেউও,2
বুঝছস,2
ধরেনা,2
দাঁড়িয়েছ,2
দারায়া,2
মুড,2
মাগো,2
ততোদিন,2
রাইসও,2
হোস্টেলে,2
হোস্টেলেই,2
মারপিটের,2
মাতা,2
অঙ্গের,2
হাপ্প্যান্ট,2
ক্যামেরাতে,2
তামাশা,2
ইনশাহআল্লাহ,2
ক্রসফায়ার,2
অমি,2
এইসমস্ত,2
ঘুরছিস,2
হিজ্রা,2
পরিবেশগত,2
পূরা,2
আত্মবিশ্বাসের,2
প্রতভা,2
কুত্তারে,2
মিছাইল,2
ওয়ান,2
ভর,2
স্রিতি,2
সাপোর্টার,2
ভারসিটিতে,2
দাঁড়ান,2
জগ্ননাথ,2
বাকরুধ্য,2
সোহায়,2
জাজাকাল্লাহ,2
ডিসক্রিপশনে,2
সহকর্মী,2
অন্যকাজে,2
জাহীদুল,2
স্প্ন,2
বালিস,2
চেলেরা,2
টি-শার্ট,2
খেলো,2
অক্টপাস,2
ডিফারেন্স,2
ভারে,2
যেইভাবে,2
বইন,2
পেরেছেন,2
যায়নি,2
স্বপ্নতে,2
দেখেনাই,2
টাকাপয়সা,2
জিন্দেগীতে,2
পোলায়,2
রকমই,2
মিশতে,2
কর্মসংস্থান,2
মাঝেমাঝে,2
সাহাজ্য,2
বড্ডো,2
যাচ্ছিলো,2
মারছে,2
টালবাহানা,2
আচোদা,2
এইজন্যই,2
মদতে,2
বতর্মান,2
গাওয়ার,2
নাতো,2
বোঝতে,2
স্টাইল্টা,2
দালালেরাও,2
জানলেও,2
ফাজিলের,2
জগন্ন,2
উচিলায়,2
ব্যন্চ,2
ক্যান্টিনের,2
অসহাই,2
মানুশ,2
টার্মিনাল,2
সায়েদাবাদ,2
গাবতলি,2
বোকারা,2
বাশমতি,2
ভাগারের,2
খাবারকে,2
চাইতেছে,2
দামই,2
প্রিতি,2
লাগ্লো,2
আগামীকাল,2
ভীড়ে,2
মাছে,2
মাদারীপুরের,2
গ্রুপের,2
ভাওতা,2
চুতেরা,2
বেপসা,2
কামানুর,2
খুউউব,2
রাজত্ব,2
গংরা,2
এমুন,2
হদিশ,2
কেসিনো,2
ডাকাতরা,2
ভুকা,2
নিঁজের,2
বানাচ্ছে,2
বাহারি,2
আলুপট্টি,2
বটপড়টা,2
ছিনিমিনি,2
একেই,2
কাংলাদেশী,2
নাঙ্গা,2
পায়না,2
চাড্ডিকালের,2
সম্পর্কের,2
প্রতিবিম্ব,2
করসি,2
আমারতো,2
দাঁড়াও,2
ফালাইয়া,2
রাষ্ট্রকে,2
ফালাইছে,2
অনুসরণ,2
স্বপ্নকেও,2
অবাধান,2
কাকলেট,2
নেয়াও,2
জানতোনা,2
নুরুর,2
ফিডার,2
এগুলারে,2
যেটাতে,2
বাংলাদেশিরা,2
গাছপালা,2
বোনে,2
গুধারাঘাট,2
থাব্বর,2
বাসস্থান,2
লোকমানতো,2
বসিয়ে,2
পাপনসহ,2
আর্জেন্টিনা,2
সিংগাপুর,2
বৈদ্যার,2
দুষমন,2
মনগড়ায়,2
সর্বকনিষ্ঠ,2
সেন্সুরিয়ান,2
ঢুকলে,2
দারজেলিং,2
বলিনি,2
ফুলবাড়িয়া,2
মোগলাই,2
কোনটায়,2
শ্রমজীবী,2
গর্ববোত,2
মুন্ত্রী,2
আসিনি,2
বইসা,2
শয়তানি,2
দালালেরাই,2
বাদাম,2
আপরাধীদের,2
দারুন্নাজাত,2
জিলাবির,2
রাবরী,2
মেহেদী,2
ভিক্টিম,2
থাই,2
পায়া,2
হাতমারে,2
পণ্,2
দরদ,2
কাস্টম,2
ক্লান্তিলগ্ন,2
কয়টিতে,2
শৃঙ্খলাবাহিনী,2
পাউয়া,2
হাইরে,2
রিফাত,2
সাময়িকভাবে,2
উপস্থাপনের,2
খাইতাছি,2
নয়ের,2
চলেনা,2
আপুটা,2
অপব্যবহার,2
গনতন্ত্র,2
ওখানেও,2
টেক্স,2
জনসংখ্যা,2
102,2
হইছিল,2
গুষ্টির,2
নেশাগ্রস্ত,2
ভোক্তা,2
দেখিয়েছেন,2
একাত্তরে,2
পড়তেছে,2
আয়োজক,2
দোস,2
এরাইভাল,2
সমরাট,2
অপরিচিত,2
বড়দের,2
শিক্ষাটা,2
খোজা,2
অমিতের,2
কমিটির,2
ইতালির,2
ইতালিয়ানো,2
নাপুলিতানো,2
জংগি,2
আপেরেই,2
পুশ,2
প্রকারের,2
প্রত্যেকদিন,2
78,2
জিবনকে,2
হারানোর,2
সানগ্লাস,2
তিন্নি,2
জয়েন্ট,2
বিয়েতে,2
৮৭৫,2
মাসি,2
মাধবে,2
শুক্লপক্ষস্য,2
দ্বাদশ্যাং,2
চাপের,2
চুন্নু,2
থাইকা,2
মোদের,2
আগা,2
কোকামে,2
পিজা,2
বিদ্যাপিটে,2
পুরাচ্ছেন,2
টার্কি,2
ডাকার,2
বোরহানিও,2
টিকিয়া,2
জ্বি,2
পোষাকধারীরা,2
সর্বউচ্ছ,2
হাফেয,2
জানতামনা,2
ঝুলিয়ে,2
বাহুল্য,2
উচ্চশিক্ষা,2
নির্দোষ,2
ভিন্নতা,2
সবারি,2
খাটো,2
টেনশন,2
লেমন,2
গার্ল,2
চোলে,2
শ্রেষ্ট,2
বাহিনীতে,2
শব্দটি,2
দিয়েছিলেন,2
ডিসেম্বার,2
শীতকাল,2
সুবিধাবন্চিত,2
চাপটি,2
মরবো,2
তলে,2
ঘামায়,2
আসতো,2
পাহারাও,2
আহবান,2
কিনি,2
হাটার,2
অনুপ্রেরণা,2
শুওর,2
ভাবলাম,2
রিপ্লে,2
বিমানের,2
কোত্থেকে,2
সুমনকে,2
হাড়ে,2
শেখহাসিনা,2
কুত্তাগুলারে,2
এতটাকা,2
গন্টা,2
ফূর্তি,2
আওয়ামেলিগ,2
আল্লারে,2
চয়েস,2
জলখাবার,2
বিচ্ছিরি,2
কাহিনি,2
শিক্ষক,2
ডেজার্ট,2
গাঁজাখুরি,2
সাউয়া,2
দে‌শে,2
শহরটা,2
খেয়েও,2
বালটা,2
আবাসিক,2
হারিয়েছে,2
বন্যার,2
ছাত্রসমাজ,2
ভরেনা,2
হততো,2
কচু,2
হক্ব,2
মটু,2
দিসি,2
ডিমটিভেট,2
48,2
র‍্যাপার,2
পোলাগোরে,2
এইসকল,2
কর্তব্য,2
উচ্চারণের,2
অসুবিধা,2
পার্টি,2
নামসে,2
করেণনা,2
অপছন্দ,2
গাঙ্গলিকে,2
ওইখান,2
ভরত,2
ঘুষে,2
ক্রেডিট,2
ততটাই,2
অদখ্য,2
প্রোজেক্ট,2
প্রফেশনালিটি,2
রুপির,2
অর,2
4500,2
বিরোধি,2
​যারা,2
কারাফ,2
বিস্ময়,2
গায়ক,2
খাউ,2
হাম্বা,2
এনি,2
লালবাগে,2
থাকাটা,2
হাউসটা,2
গড,2
বলচ,2
লাফাইয়া,2
সংশোধন,2
সাপোর্টের,2
টেলেন্টের,2
টর্চার,2
ধর্মান্ধ,2
ওপারের,2
ছয়,2
মারিতে,2
বলতেও,2
নাইমা,2
যেমনই,2
উষ্টা,2
ছড়াবেন,2
কচকচানি,2
বেরেয়ে,2
গেরাপতার,2
জাহান্নামী,2
অনেকদূর,2
সট,2
জায়গাটা,2
ছাড়ার,2
পড়ছি,2
হোলেও,2
বিন,2
চিনতাই,2
গাজাও,2
দাপ,2
তোহ,2
করাটাই,2
উদ্দেশ্যে,2
ডিসকাউন্ট,2
চিল্লাচিল্লি,2
য়ায়,2
ফাাসি,2
অ্যাপস,2
ইন্ডায়ার,2
খুললাম,2
ডারজেলিং,2
ছারেনা,2
বাপকেও,2
ব্যাকাপ,2
চাইলো,2
বালিগঞ্জ,2
লুঠ,2
খাসলত,2
অবধি,2
কুথায়,2
জন্মাতেন,2
আড়াল,2
কিডনি,2
ছাগু,2
শাড়ি,2
মমতা,2
মোদিদের,2
বেপর্দা,2
চেনাল,2
গুছানো,2
দন্যবাদ,2
সাধুবাদ,2
তান্ডব,2
বর্ষিত,2
খমা,2
বড়লোক,2
পসু,2
বিপত,2
দড়তে,2
কণ্ঠ,2
ঠকবেন,2
বলতেছে,2
টাংগাইলে,2
যেখানের,2
কনফিউজ,2
বাঙালীদের,2
বাংলাদেশিদের,2
ভূমির,2
ভাইয়্,2
প্রাইজটাও,2
ৱানা,2
চত্তরে,2
সম্মত,2
ছাডা,2
সৌরভদা,2
বলতাছে,2
হাওয়াইলা,2
সিরিজই,2
চ্যানেলই,2
6000,2
নিকন,2
ভদ্রমহিলা,2
সৌরভদার,2
পিসতুতো,2
স্টাম,2
টেলিফোন,2
তালা,2
আহহ,2
কেনন,2
পনের,2
তালে,2
চালাইতে,2
অতীতে,2
সম্ভব৷,2
ফুটানি,2
বিশ্ববিদ্যালয়ে,2
পরিবেশনার,2
স্টেডিয়ামের,2
পিবিএই,2
বাঁচি,2
ইন্টারনেটে,2
ডুববে,2
বলেছিল,2
সমর্থন,2
ইয়াবাখোর,2
চুদনারা,2
ফ্রেমে,2
পুজার,2
স্টারে,2
খাওয়াবে,2
টেস্টওয়াইজ,2
অসাম,2
লেকের,2
অত্যাচারী,2
ঘণিষ্টজন,2
বাটিতে,2
টংগি,2
ছাংগু,2
বসেছি,2
বিনিময়ে,2
তারাকি,2
দেরীতে,2
আমরাই,2
দ্বিতীয়,2
আয়নাতে,2
ব্যাটা,2
জঙ্গল,2
এপোলো,2
ক্যান্টিন,2
মণে,2
পেকে,2
সারাদিনই,2
নাই.,2
ভুক্তভুগি,2
24,2
কালক্ষেপন,2
রান,2
মতিঝিল,2
শুনতেও,2
আপরাধের,2
ডুব,2
খিদায়,2
নামও,2
ভ্যারি,2
রাবি,2
চিটাং,2
তিনশত,2
✌️,2
ফুলকপি,2
হর্ন,2
সত্যে,2
চক্রান্ত,2
নামবে,2
অমান্য,2
খুঁজলে,2
হ্যাপি,2
একবারেই,2
দাড়াবে,2
জানুয়ারের,2
এরপরেও,2
কাউন্টার,2
খুপ,2
সারাটা,2
বদমাইশির,2
কোলেস্টেরল,2
স্লামালেকুম,2
লইতো,2
বউদের,2
আরত,2
লড়ে,2
অবান্তর,2
ধরেই,2
হার্টে,2
এখনতো,2
জ্ঞ্যানের,2
বাধাইয়েন,2
যোগ্যতার,2
পেংকা,2
চত্বর,2
ভদ্রা,2
মুদি,2
দেখিয়েছে,2
বক্তৃতাকে,2
লেন্সটা,2
খঁান,2
পূর্বাভাষ,2
ধোঁকাবাজি,2
পাড়ায়,2
মায়েরে,2
পৌরপার্ক,2
প্রেসিডেন্টের,2
গোজ,2
সাঝ,2
পতিষ্টান,2
বারের,2
রক্ষাকার,2
লুম,2
পতিষ্টানে,2
সাপের,2
তোমরাই,2
কেটারিং,2
শব্দটিতে,2
চলুক,2
ভালোবাসেন,2
সরকারও,2
মীরজাফরদের,2
দুর্যোগের,2
ভিউয়ারদের,2
ঘনঘটা,2
সেহেতু,2
পুটি,2
সেদিনই,2
বসতেন,2
বিষয়টার,2
ছাড়িয়ে,2
অনস্ক্রিনে,2
গুতা,2
171,2
পারতেছিনা,2
ভিডিওটাতে,2
মসলার,2
তমার,2
খাইসি,2
মেন্যু,2
ভতা,2
কোরানের,2
ডেভেলপার,2
গ্যান,2
মাংসটা,2
পুলিশগুলারে,2
মাউরার,2
লজ্জাবতি,2
অঙ্গ,2
ঝালমুড়ি,2
মানটা,2
গঠনমূলক,2
গাইবেন,2
রিভিউয়ের,2
চাষাদের,2
শুনবেন,2
অইদিকে,2
সুক্তো,2
সড়ক,2
মাঝামাঝি,2
পড়াটা,2
অবুঝ,2
চেনেলটি,2
ব্যক্তিকে,2
পারেনাই,2
অপরিসীম,2
নারীকে,2
হার্ট,2
গোলাগুলি,2
সারাজীবনের,2
ক্ষেত্রেই,2
যদিকউ,2
পাহাড়,2
হাডুডু,2
কোথায়গেল,2
মনেপড়ে,2
কীপ,2
সেনাবাহিনী,2
ছড়ানো,2
হড়ে,2
ওভেনে,2
কারুন,2
বড়ই,2
তাপমাত্রা,2
কিনিনাই,2
ধারানোর,2
জম,2
জার্সিটা,2
অতিবৃষ্টি,2
হেপাজত,2
পাচ্ছেনা,2
পার্স,2
সারাক্ষণ,2
কিনেন,2
উলটো,2
স্যূপ,2
সালি,2
চকোরিয়া,2
বিতা,2
হোস্টের,2
বিডি,2
বাবির,2
অনন্ত,2
চাঁদটা,2
দেখাইলা,2
বোকার,2
পোকায়,2
বোকাই,2
বারোমাস,2
মহেশখালী,2
গঠনা,2
কিন্ত্য,2
গার্লফ্রেন্ড,2
তাহমিদ,2
খাতির,2
ইব্রাহিম,2
৫০০০,2
প্যাকেটের,2
গাইল,2
দরনের,2
নেহারী,2
গুল,2
তমাল,2
সভাইকে,2
ফরজ,2
দোসাও,2
উন্নয়ন,2
2002,2
হিংসুখ,2
ছুলে,2
হৃদয়ের,2
সাহায্যের,2
অনান্য,2
নিরজাতিত,2
তাকালেই,2
মুক্তিযুদ্ধের,2
ফাঁকিবাজ,2
খানকিরপুতেরে,2
ওয়েদার,2
চিত্তদার,2
কুষ্টিয়ার,2
অারও,2
ইশারায়,2
গুড়া,2
তাসকিন,2
দামও,2
ক্লিন,2
উপাদান,2
মেয়েগুলার,2
উপস্থাপনায়,2
মালিন্দো,2
নডির,2
এন্ট্রির,2
ইউস,2
মাঝখান,2
ধান্ধাবাজি,2
তারোই,2
দেখিয়া,2
ভাষাও,2
ডালনার,2
কেহ,2
শেয়ারিং,2
খুজছে,2
যোমুনা,2
বাইলে,2
অন্যরা,2
প্রসঙ্গে,2
গার্লস,2
রেপিং,2
49,2
আসামী,2
পর্যবেক্ষণ,2
কোরআানে,2
ঘামাতে,2
ঝুকে,2
টাকাতো,2
কোরআনে,2
মেট্রোরেল,2
পতাকা,2
সমস্যায়,2
পয়সার,2
উড়িয়ে,2
৪১,2
নির্বিশেষে,2
চলবো,2
থ্যাংক,2
কিকরে,2
লীলাখেলা,2
ঝগন্য,2
মুরোদ,2
বিক্রিত,2
ধরনার,2
ক্যারিয়ার,2
বিজয়ী,2
ডাক্তারকে,2
ভালোয়,2
খারার,2
ডিপার্টমেন্টের,2
অপূর্ন,2
লাগতেসে,2
মেকাপ,2
খাচ্ছিস,2
মতামত,2
পাসপোর্টের,2
পর্বগুলো,2
স্বভাবিক,2
৩১,2
জিকসন,2
ট্রান্স,2
পেইজ,2
কেস,2
কালী,2
খাওয়ারের,2
আমিনিয়া,2
রিচ,2
মাঠ,2
পত্র,2
কইতাম,2
জিনিসের,2
গুহায়,2
কাজকর,2
০৪,2
মিক্সড,2
উল্টায়,2
সেতুতে,2
এমেরিকায়,2
কেয়ামত,2
জুয়ার,2
পাটানু,2
কিছুইতো,2
রেন্দিয়ান,2
❤️,2
উপরই,2
দেশপ্রেম,2
সর্গের,2
কাচিচ,2
আয়ু,2
পল,2
বিতর্কিত,2
বাদি,2
ভিখারি,2
অনাহারে,2
জাইত,2
আবেদিন,2
গায়ে,2
দেচ্ছে,2
মর্নিং,2
জুতামেরে,2
কোলকাতাতে,2
বসছে,2
গোপাল,2
ধারাবাহিক,2
ট্রাভেলিং,2
আপ্নারাও,2
দাকবেন,2
জুতাপিটা,2
বিআরটিএ,2
এগারোটাই,2
মাদারচোদেরা,2
নাগালে,2
হসিনা,2
দৌলতে,2
ওয়াকে,2
১০০%,2
চাটবোই,2
রিট,2
স্ত্রীকে,2
ফিউসন,2
সুজা,2
কূলিশ,2
আচুদা,2
কামাইছে,2
কুরবানীর,2
হেদা,2
মদনের,2
ইনাদের,2
জনপ্রিয়তা,2
পায়ার,2
শিহরিত,2
ফিনিস,2
ভুমিকম্প,2
জোয়া,2
খাংকিরা,2
পালানোও,2
কিন্ততু,2
উদ্যাগ,2
সোপকে,2
হার্টের,2
হাতিরঝিলে,2
বদ,2
মালিককে,2
ডেসার্ট,2
গার্ডিয়ান,2
ছাএলিগ,2
মুছে,2
দেসের,2
জানাছি,2
ভোটের,2
স্পস্ট,2
জালেম,2
সেয়ার,2
নষ্টের,2
ক্যামের,2
ভাগে,2
প্রতিসঠা,2
কাপাবো,2
বাজেটে,2
ভাংগাদেশের,2
কঠরতা,2
দিনগুলো,2
বুদ্ধিমত্তার,2
ব্যারাশ,2
ধারণাই,2
চোদেরে,2
সম্বন্ধ,2
লিখিত,2
ভাগই,2
কথাবার্তাও,2
ভয়াবহ,2
খিলগাঁও,2
আলোচনায়ও,2
নাম্বারি,2
ইঙ্গিত,2
সহানুভূতির,2
পরিষদ,2
শ্যামলি,2
ছাত্রকল্যান,2
সম্বভ,2
অসাস্থ,2
লিপিড,2
পেলছে,2
করচি,2
নির্ধারণ,2
দারাবে,2
অহবান,2
ভই,2
খুনী,2
অথর্ব,2
শেখার,2
হামলায়,2
কমনা,2
ভক্তি,2
পোলাগো,2
মহাপুরুষ,2
নাসিগোরেং,2
ভাংগালী,2
শেকলে,2
জেনেছি,2
ইরানে,2
দোকানে,2
মিলাদ,2
হামলার,2
জীবনত,2
তুহিন,2
ফ্লাগশিপ,2
কোনোএক,2
ওয়াজ,2
পুজোতে,2
শপিং,2
একারনেই,2
কষ্টটা,2
রচনা,2
কোনকোন,2
ফিচকা,2
রমনীগণ,2
মর্মাহত,2
মিড,2
ছ,2
আধিপত্যবাদ,2
৯৫,2
নন্দিত,2
কেনছার,2
সুরু,2
দেড়,2
বিছ্রি,2
ইচ্ছাটাই,2
সমর,2
লোকটির,2
বেগুনি,2
বৈদিক,2
জেলায়,2
সুগন্ধা,2
বাতাসিয়া,2
বড়ায়,2
অতিরক্ত,2
মেমোরিয়াল,2
বৌদ্ধ,2
বীচ,2
মনুমেন্ট,2
বেঙ্গল,2
একধরনের,2
মগেরমুলুক,2
তাবীব,2
রুচির,2
ঘোর,2
ওপরে,2
ক্ষমতাবান,2
বিসিবিতে,2
মৌচাক,2
চক্ষে,2
কেলেঙ্কারির,2
রেস্টুরেন্টকে,2
শত্রুতা,2
খাতিয়ে,2
লাদেশে,2
করম,2
অপ্রিয়,2
পকেটের,2
অবহেলা,2
সুপারমার্কেট,2
ঐখান,2
গানজা,2
পারবেও,2
84,2
ওইভাবে,2
ড্রিম,2
সাই,2
এসাই,2
এনকি,2
কনেসটেবল,2
চাকা,2
ভিজিডিং,2
বিকাশ,2
নম্বরে,2
এগিলা,2
ইশ,2
শিক্ষারে,2
বেরিয়ে,2
অকল্যাণ,2
জায়না,2
সাতশ,2
প্রচারণা,2
এইজন্য,2
ব্যপার,2
প্রামান,2
স্পাই,2
২০১৬,2
খায়িয়ে,2
গেপ্তোর,2
চিদে,2
আজিব,2
মহিলাকে,2
হাইজেনিক,2
অাসুক,2
সেনাদের,2
ব্রেন্চ,2
চুদায়,2
স্বরাষ্ট্রমন্ত্রী,2
রো,2
লেন্সের,2
আপোষহীন,2
খেলোয়াড়টাকে,2
লঘু,2
দন্ড,2
ইনশাঅাল্লাহ,2
ব্যয়,2
বোকাচোদার,2
ক্যানন,2
চোদানো,2
ময়দা,2
সাথের,2
কাপলের,2
ফটক,2
করতা,2
নতুনত্ব,2
ওজানে,2
বৎসর,2
শ্রেফ,2
অনুমান,2
বিষয়ক,2
কতোটুকু,2
গ্যারেজ,2
সন্তাঁশিরে,2
কিট,2
কিপটা,2
বাচ্চাটাকে,2
দাঁড়ায়,2
হাফেজে,2
আর্মি,2
এপানি,2
হচেচ,2
স্বাদটা,2
ফিলিংস,2
বোঝাই,2
বিস্ব,2
পুনরুত্থান,2
অনিয়ন্ত্রিত,2
পাতের,2
লেটেস্ট,2
উইন্সের,2
৫৫,2
মিথ্যুক,2
আলাউদ্দিন,2
ব্লার,2
ঔরসজাত,2
মহৎপ্রাণ,2
বর্গগণকে,2
দ্বীনের,2
সংশ্লিষ্ট,2
কোনদিকে,2
খাবা,2
বেরিয়েছে,2
ট্রান্সপোর্ট,2
যেমনি,2
একজনেরই,2
জাতীয়তা,2
কড়া,2
মেয়েদের,2
বীজ,2
সাধন,2
গড়তে,2
বাচান,2
তুলুন,2
লোক,2
কিনবেনও,2
চিরকাল,2
চমচম,2
ইহার,2
গনের,2
গরিবদের,2
আবালচোদা,2
ধর্ষককে,2
শিরচ্ছেদ,2
ফন্দি,2
বানালেন,2
পলারা,2
মুখো,2
মারকেট,2
প্রশাসক,2
বিশ্স,2
কোরাআনের,2
অদছ,2
খাইতেই,2
০০,2
গেয়েছে,2
সত্রু,2
বিনোদন,2
তোরপাড়,2
উঠত,2
দাদাগিরি,2
বিভেক,2
কৈ,2
অংকার,2
সময়োপযোগী,2
সারার,2
পচ্ছন্দের,2
ঢেঁকুর,2
কনটেন্ট,2
পহেলা,2
দেশটাক,2
চেয়ারম্যান,2
হত্যাকান্ডের,2
ঘাদ্ধার,2
কুলাংগাদের,2
উনারে,2
বাসাবাড়ি,2
পাজ্ঞাস,2
ঝোলা,2
মুহূর্তে,2
ওয়াইফ,2
দিছিল,2
খুইলা,2
রিসিভ,2
খাওয়াবো,2
খেলোয়াড়ের,2
ফারুখ,2
জানতেই,2
যাকরার,2
মাসতুত,2
লুকস,2
এয়েচেন,2
নেইম,2
ফেইম,2
স্ট্যান্ডবাজীর,2
জিবিতো,2
খাড়া,2
দেয়নি,2
এক্কেবারে,2
এইগুলাতে,2
ধরেছে,2
সময়এ্যম্বাসীতে,2
দেশটার,2
জমপেশ,2
গানটি,2
মানূষের,2
বোকামী,2
ভুটকি,2
নিচ্ছি,2
হ্যাটস,2
রুবেলের,2
লান্চ,2
কুলাঙ্গারদের,2
ফুডার,2
উদঘাটন,2
কালকে,2
বৃদ্ধি,2
ট্রান্জিট,2
মৃত্যুদন্ড,2
বাটুন,2
ত্রকটু,2
ফেব্রয়ারীতে,2
সহানূভতি,2
বনধূ,2
মাশাআল্লাহ্,2
বস্তায়,2
সবদিক,2
সত্যজিৎ,2
মুম্বাইকে,2
সিধাসাদা,2
সিংহের,2
চাইব,2
অধিকারী,2
হয়রানি,2
বাক,2
দারাল,2
চাইছেন,2
তের,2
কিনবে,2
জোমোনা,2
দানকর,2
টিবি,2
আনাড়ি,2
প্রাইজটা,2
ভোক্তভূগী,2
বেসিক,2
প্রোফাইল,2
দাদুর,2
ঘুটাইয়া,2
আবিষ্কার,2
ফোটোকপি,2
অপু,2
পাইল,2
রায়,2
কোথার,2
রেসপন্সিবিলিটি,2
ফানা,2
এলার্জি,2
ডোনা,2
মরেই,2
গাঙ্গুলীর,2
বাইকারদের,2
দিনগুলি,2
নস্টালজিক,2
মেসে,2
আত্মীয়,2
আইফেন,2
ভুগবে,2
উদাহরনও,2
স্বয়ং,2
ভাবিওনা,2
আথবা,2
পূরনের,2
সন্ধ্যায়,2
পরটা,2
তেহেরি,2
কেউবা,2
অতিশুন্য,2
বাঙালিকে,2
যাত্রায়,2
উদ্দার,2
গাড়িটা,2
রিপোর্টটা,2
সৃষ্টিকর্তার,2
শিখেন,2
রাঘববোয়াল,2
ঘুরছে,2
শাশুড়ী,2
অন্তস্তল,2
লঞ্চঘাট,2
নরপসুদের,2
আননরের,2
ক্লোজআপ,2
নূরুল,2
কম্পলেইন,2
আল্লায়,2
আরবে,2
উত্থানের,2
এড়,2
কতক্ষন,2
ইরানীয়দের,2
খেয়েছেন,2
নিরপেক্ষতা,2
র্যাগিংয়ের,2
ভাইয়ারা,2
দামরা,2
আপুরা,2
হালারাই,2
পাঁঠা,2
পাড়ে,2
অনিশ্চিত,2
ডাকলে,2
বেদনা,2
কাতল,2
এড়িয়ে,2
বেইমানি,2
তরল,2
ড্রেসের,2
অ্যারেস্ট,2
ইনডিয়ার,2
ছোঁয়া,2
চারে,2
হো,2
হোত,2
প্রবাস,2
সংবাদিক,2
পারসোনালিটি,2
মঝে,2
সারটিফিকে,2
ইলুমিনাতির,2
সরা,2
কারসাজি,2
গভীর,2
মারায়,2
নামগুলো,2
বন্দর,2
সম্পন্ন,2
ফেনড,2
নির্বাচনের,2
বুফের,2
বিমুখ,2
টম,2
বাদশা,2
বিচিচর,2
ভালোমানের,2
শয়তানের,2
এতুটুক,2
ভুক্তভোগী,2
তুরস্কের,2
টানলে,2
ব্যস্ততা,2
অনাবৃষ্টি,2
তারাতো,2
এইপ্রথম,2
ইলাহ,2
বেন্চি,2
বোরিং,2
প্রোতি,2
সন্তাসি,2
বাজিতপুরে,2
রান্নাবান্না,2
জগিতায়,2
ত্রিশ,2
মাঠের,2
জরিতো,2
দূর্বল,2
টলার,2
তাদেরকেই,2
হুমকির,2
প্রোফাইলের,2
নিজদের,2
জন্যেই,2
দরুণ,2
নিই,2
কইরো,2
পাশিচাই,2
ফালা,2
120টা,2
আউল,2
ফালি,2
জাজের,2
গের,2
ওয়াজিদ,2
জানোছ,2
পর্যন্তই,2
আধিপত্য,2
জাগে,2
কলাবাগান,2
পাইবো,2
পইন্নি,2
হটাও,2
পেয়াজের,2
শপকে,2
বিদায়,2
গাজার,2
তাহেরি,2
জানিয়ে,2
রিপোর্টারের,2
পাচঁ,2
ধরানো,2
পক্ষপাতিত্ব,2
মিনা,2
ফেলো,2
স্ট্যান্ডে,1
চ্যালেঞ্জে,1
প্লেইন,1
পাওয়াও,1
খে‌তে,1
27000,1
এক্সপার্ট,1
উবার,1
জয়ী,1
ভজ,1
এংেলি,1
তোদেও,1
করেচি,1
৪০০,1
বানিজ্যিক,1
জর্দা,1
দেখাইছে,1
ফিরআউন,1
পাশা,1
চুলের,1
পাপইন্যা,1
ইসলামের.,1
বেদ,1
একাডেমী,1
বিপি,1
ঝা‌লে,1
সুক্রিয়া,1
পরলি,1
শিল্পকলা,1
সুত্রে,1
তোদেরকেও,1
একথা,1
ডিপজল,1
ইস্টবেঙ্গলিয়ান,1
মেহনতি,1
সিরা,1
বিপথগামী,1
মাসুদরানার,1
কাংলাদেশে,1
শিখবো,1
টিসু,1
নিলা,1
শেস্টো,1
করাবে,1
সন্দান,1
পূর্বপরিচিত,1
শোকরিয়া,1
আ’লামিন,1
দি‌লেন,1
ক্ষেপে,1
কক্ষেই,1
প্রতিরাতে,1
পার্টেই,1
তির্যক,1
তোলার,1
লাগাবে,1
মেয়েদেরকেও,1
নকে,1
অতীতেও,1
নয়রে,1
জুলুমবাজ,1
দুঃখু,1
তরুণের,1
হামান,1
খাওয়াতাম,1
ফিরেছি,1
মুট,1
তিমিরে,1
তিমিরেই,1
অভিনয়ের,1
খপ,1
লইবেন,1
অনুদানে,1
পাইতাছে,1
অপব্যাবহারের,1
নিস্টুরদের,1
হরি,1
মীঠা,1
পেশন্ট,1
5000,1
19শত,1
ভেবানী,1
কিউ,1
দেশপ্রেমই,1
ঔষুধ,1
মুল্লোক,1
লাটি,1
তোলর,1
পাকড়াও,1
এইতার,1
কোনটা,1
তিতা,1
পালতে,1
অন্যভাবে,1
অঙ্গে,1
ঝামেলায়,1
খোরা,1
প্লাটিনাম,1
ভুর্তকি,1
গুগলে,1
সময়✌✌,1
নিইজ.,1
2011,1
আলুরদম,1
রোদ্রে,1
মাদারচোত,1
বিকেলেই,1
পালাও,1
খাশি,1
বড়োলোকের,1
ভলবেন,1
যোগান,1
বিশেষণ,1
বাংগালিকে,1
ফটোগ্রাফী,1
হচ্ছিলাম,1
শর্ষে,1
দেছনা,1
এরখম,1
নীরবে,1
ডগ্শহ,1
কলকারখানার,1
জমজ,1
প্রতিমাসে,1
লেখাপড়ার,1
পেলেচে,1
বসবো,1
অনেকসময়,1
সচল,1
দুনিয়াতেই,1
হাঁসালে,1
বৃষ্টিতে,1
দশজন,1
কোরছি,1
রোবট,1
কথায়☺,1
হওয়ারই,1
টুরিষ্ট,1
মজগ,1
ভিজে,1
জ্বললে,1
দায়িত্বে,1
মলম,1
শভজি,1
গায়ছে,1
চিত্তবাবুর,1
মোরেও,1
চিত্তের,1
ভাবী‌কে,1
হাথেজ,1
ট‌পিক,1
আস‌তেছ‌ে,1
ফুডকার্ট,1
বংবন্ধু,1
ভাভ,1
নেয়ও,1
জাগাইতে,1
এত্তবার,1
অাসবেন,1
বোম,1
মোস্তাং,1
হামলাকারীদের,1
অাহারের,1
দূরনিতি,1
ডালভাত,1
ঠাকুমার,1
এভা‌বে,1
কান্ট্রিতে,1
এদুটো,1
আবেগের,1
রব্বানী,1
সঠিত,1
চাপতি,1
প্যাঁতে,1
দাদীর,1
শ্বাস,1
সিফুড,1
শ্রমে,1
দেশীদের,1
বাইপাস,1
বিল্ডিং,1
প্রদর্শনপূর্বক,1
ডেইলী,1
ব্রেঞ্চে,1
বানচপ,1
কমেন্টকারী,1
এক্সপ্রেসন,1
মাধুর্যতায়,1
নিয়মে,1
তারকা,1
সেটাএকটু,1
44276,1
কতখানি,1
তোদেওনা,1
গোয়ার,1
ভাবে.হিন্দুরাই,1
লাথ,1
ফাহমির,1
যুদ্ধ্যের,1
উগ্রবাদী,1
ঢাকাকে,1
করে.,1
ভিসাই,1
জাতি_হতাস,1
ঽয়,1
থামা,1
কমেন্টটি,1
ট্যুুর,1
ভুক্তভোগীদের,1
সিরাজগঞ্জ,1
তালগাছি,1
ক্রেতা,1
সমাদৃত,1
হাঁড়ি,1
শোনেনই,1
মাসাআললাহ,1
পরিস্কারও,1
অারবে,1
অপরের,1
চাননি,1
সূক্ষ্মতি,1
সূক্ষ্ম,1
তথ্যগুলো,1
করচেন,1
জুমঘর,1
পিন,1
আওয়ামীলিগ,1
মদপান,1
কুদরতি,1
সহযোগে,1
ঘামে,1
ফুঁটায়,1
যেগুলির,1
কুষ্টিয়ান,1
রাস্টপতি,1
হাসিটাতো,1
মজায়,1
বাচন,1
বাজেয়াপ্ত,1
নাকা,1
দূর্নীতিবাজদের,1
টু্রিস্ট,1
দেকত,1
প্রক্রিয়াটি,1
দেভি,1
উপত্যকা,1
কিন্তুখুব,1
বিন্নী,1
অনাকাক্ষিত,1
বরাক,1
গজ্ন,1
পল্লীতে,1
অবস্থাতো,1
ন্যায়ের,1
শিলচরে,1
উস্তাদ,1
মোজাহিদের,1
বিরেন,1
নিমত্রন,1
জিতুন,1
সুভ,1
এগুলইতো,1
ভূলেন,1
গন্ধটা,1
বেসসা,1
এক্টূ,1
শুন্তে,1
বাংলাভাষাতে,1
পিঠান,1
আললাহ্,1
আইয়ের,1
বিজয়ীকে,1
ডাঙ্কড,1
সাবস্ক্রাইফ,1
ফিটেও,1
লিখুন,1
কাছথেকে,1
দূর্বলতা,1
এথন,1
পড়িতে,1
থাকোসেটা,1
ফুত,1
চেয়,1
শেইনিতি,1
বৃহষ্পতিবার,1
দুপরে,1
পরবো,1
ঠোট,1
কমপ্লিমেন্ট,1
গাঙ্গুলির,1
দাউদকান্দি,1
রোডে,1
সম্পৃক্ত,1
ব্যক্তিকেও,1
ঘুরতাছে,1
সবাইকেও,1
ইতি,1
তাকেআমি,1
করাইয়ে,1
নীলগিরি,1
–,1
ম্যাডামের,1
গুন্ডাদের,1
জ্বলার,1
পুড়াইয়া,1
খেলুন,1
ফেস,1
নাড়াচ্ছে,1
প্রসাশনের,1
তার্,1
উকালতি,1
বনজকুমার,1
টেরই,1
আসছিল,1
মন্ত্রণালয়,1
ফ্যাতা,1
প্রতারকে,1
মুক্তির,1
দিনগুলোতেও,1
+(নোংরা).,1
ঘটছেও,1
স্বাস্থ্যসম্মত,1
লেটার,1
নেত্রালয়ে,1
এটেন্ডেস,1
ওসি,1
সচিব,1
ডকুমেন্ট,1
আফা,1
রেডিমেট,1
বলেদিতেন,1
যতোসব,1
কিন,1
খুশিতে,1
এক্সপ্রেশান,1
মানহীন,1
মিলা,1
দেখেছি;,1
বোরহনি,1
চিটিংবাজরা,1
সাদ্দাম,1
লজ,1
মিয়াঁ,1
রাষ্টপতির,1
ভঙি,1
চাইলেই,1
ইয়াখ,1
ম্যাজিসট্রেট,1
খাচেন,1
সরোয়ার,1
তুলনাই,1
বুজালেন,1
ভিখিরির,1
জ্বালায়,1
ভাগ্যবান,1
যেটায়,1
মাউনরা,1
হাটাহাটি,1
ভিডিএএর,1
দৌড়াদৌড়ি,1
কমেন্টগুলিও,1
হিফাজতের,1
২০১৮,1
ভাঁড়,1
বাংজ্ঞাল,1
বোনাস,1
মুখ্যু,1
হাজিতেই,1
লস্যি,1
সাঁতারও,1
বোরহানী,1
ম্যেচে,1
কেরকম,1
আওয়ামীগের,1
খারেপ,1
মটেও,1
আকাট,1
মোহাম্মদপুরের,1
ভোজের,1
অফডে,1
শোধরাও,1
ভ্যাগহ,1
ঘণ্টা,1
মেঘনার,1
মাত্র.,1
ব্লগগুলাতে,1
এলাকাতো,1
ইনশাআললাহ,1
ম্যানশন,1
দেশবিদেশ,1
স্কাইলাউঞ্জে,1
ইউরুপে,1
কাগজের,1
মেলাতে,1
যেতইনা,1
হায়েনা,1
রেসপন্স,1
নারাচ্ছে,1
গিম্বল,1
ডুবিয়ে,1
দুইজনকে,1
উসিলা,1
বনশ্রীতে,1
❓,1
পস্তূত,1
মুঘলে,1
জানামতে,1
লেডি,1
বুদ্ধিজীবিকে,1
বাশের,1
চ্যানেলেটা,1
কন্চি,1
হাসিনারও,1
হুকুমে,1
মুসলিনে,1
লাওস,1
গেছ,1
পারছ,1
অ্যাকুরিয়ামে,1
বয়সগত,1
প্রফুল্লতা,1
দেড়টায়,1
পাইওনিয়ার,1
ঘাটি,1
ওটারও,1
কছেন,1
রিভিঊ,1
শীতকার,1
লাগাটাই,1
ঘাটা,1
দেখাটা,1
দরলাম,1
রিস্ক,1
লাওসে,1
রেকোমেন্ডেড,1
সৌন্দর্জ,1
পর্বটিকে,1
বর্ষাকালে,1
নেকেড,1
স্বতঃস্ফূর্ত,1
মন্দা,1
মুরিদ,1
এরাহাশু,1
সামলাও,1
বিসনেস,1
হাতেও,1
পেঁচিয়ে,1
নিস্পাপ,1
ভিওয়ার,1
জাতকে,1
সুস্বাগতম,1
ট্যিসু,1
রক,1
কুমড়া,1
ধানমন্ডিতেও,1
গয়েছিলাম,1
খাসী,1
নভেম্বরে,1
খাইয়াই,1
দাদাগীরি,1
যা‌বি,1
মালোয়েশিয়ার,1
সপ্তাহের,1
বারণ,1
নূররা,1
অর্গানিক,1
বাগুইহাটিতে,1
5500,1
রেস্তরাঁ,1
চাই.,1
অনুরোধটা,1
গর্ভে,1
ইয়ুজ,1
ভাঙিয়ে,1
অরাতো,1
ঔরসে,1
প্রোগ্রামিং,1
দুর্নীতি.,1
খাচছে,1
এ্যাপেল,1
ইউজড,1
হুইস্কি,1
মেইবি,1
ব্লেট,1
একিরকম,1
পর্বেও,1
মাঝেই,1
জব্বাররা,1
ওঠার,1
ইনানি,1
নরু,1
সার্পোট,1
হুড়মুড়,1
বাচাল,1
সিকিমে,1
যাওয়াযায়,1
ভাইটা,1
রাষ্ট্রটা,1
অধিকারকে,1
জনপ্রশাসন,1
সর্বজনীন,1
কাটতো,1
১১নাম্বার,1
রাতেও,1
ফেললি,1
অসম্মতিতেই,1
উৎখাত,1
হেঁচড়া,1
ল্যানডে,1
সমুলে,1
আমলাতন্ত্রকে,1
আমলাতন্ত্রের,1
গ্যানথিং,1
গলিত,1
ইয়েলো,1
ক্যাপসিকাম,1
ষ্টাইল,1
হালারপো,1
সাথেরগুলা,1
করিও,1
চোরা,1
ওগুলোর,1
আড়,1
বিজয়ার,1
বাপারে,1
বাফেট,1
শ্রমিক,1
ভুনাখিচুড়ি,1
মজুর,1
মরিলে,1
হাসিবে,1
অাজকের,1
মুটে,1
কৃষক,1
ঘটবএই,1
ত্যাং,1
হাসরে,1
মুরব্বীদের,1
স্থানীয়,1
উদের,1
গল্পটি,1
কোনো,1
শন্তির,1
ক্ষয়ক্ষতি,1
ধরকার,1
হ্যাং,1
পাইনাই,1
ভুলবোনা,1
শুকাইয়া,1
আইনশৃংখলা,1
এলাম,1
বড়লোকের,1
ব্লগও,1
ব্যস্ততার,1
সাঝে,1
উত্তক্ত,1
বাজেটুকু,1
২৭০০০,1
মহম্মদপুর,1
ভুটের,1
ম্যাজিষ্টে,1
মত্ত,1
মাদারিপুর,1
দৌড়ান,1
সম্মানিত,1
নিকৃস্ত,1
ইটা,1
কত্তার,1
ট্যাক্সিতে,1
প্ররিমান,1
ব্লগগুলো,1
খায়ছেন,1
সেলিব্রেটি,1
বোলছেন,1
গরতে,1
তাকালে,1
সসন্ত্রাস,1
24ঘন্টার,1
নাদিয়া,1
ভুবন,1
কাদিবে,1
পশুদের,1
মুখেদেন,1
জাবোতিয়ো,1
আলোচনাটা,1
ব্রান্সে,1
সবলকেল,1
শাইমার,1
যাওয়ায়,1
পার্সেল,1
ফারইন,1
শ্রেণীশত্রুর,1
মাহগির,1
পিরামিডের,1
কর্মকতা,1
নাপিত,1
আাসা,1
রকমতে,1
মুনাফিক,1
জামের,1
জানাতো,1
মতর,1
মাত্‌তা,1
সস্তি,1
ওনাকেই,1
জুসে,1
সিলটী,1
ক্যাসিনের,1
তাইন,1
পাটপারি,1
বড়াপাওকে,1
চুমুক,1
পালট,1
উলট,1
খেয়েছিলেন,1
এরং,1
এয়ার,1
ভিশা,1
পাশি,1
ছিনিয়ে,1
বর্ডারের,1
চরিত্রে,1
মাষকলাইয়ের,1
বাবাকেদিয়,1
সোনাটা,1
ইন্ধন,1
কেটেহাতে,1
দেক,1
শেমুজীবের,1
ভেংলা,1
উঠুক,1
বুঝো,1
মিডিয়ারা,1
এনামেলের,1
বিক্রিয়া,1
শরীরটা,1
ডালকে,1
করাঠিক,1
মুসোলমান,1
বলেনতো,1
দিদার,1
ছেলেমেয়ের,1
জমুনাকে,1
প্লাষ্টিকের,1
গুলশান1,1
বাড়ানোর,1
পীড়া,1
চরিত্রের,1
লালপোল,1
মাস্টার,1
হুদা,1
ঢুকাইব.আর,1
গোরক্ষা,1
ভগ,1
আাবার,1
*ঠিক,1
বয়েস,1
প্রাণীকে,1
দরছে,1
পেইলেট,1
নেজেই,1
সাহাকে,1
রয়্যাল,1
“গোয়ার,1
সিফুড”,1
বন্ডামী,1
লল্,1
মাথাপিছু,1
বিদায়,1
ইয়,1
পিটাইয়া,1
ডোন্ট,1
বরণ,1
রাইসটা,1
শেয়াল,1
নুডুলসগুলো,1
ভাইতে,1
আজকেও,1
তারাতাড়ি,1
বাঁচিয়েছে,1
খেক,1
গিঁট,1
আমিনীয়া,1
বিকজ,1
ঘুরতেছে,1
ভ্যাজাল,1
১৯৫২,1
জণগণ,1
ভাইগুলা,1
পারতে,1
বিভিও,1
ডিরেক্টলি,1
করসোস,1
পাইলো,1
ক্ষনি২,1
সবকয়টায়,1
খারাপই,1
সিটারদের,1
এগোল,1
রাখসে,1
সেটিই,1
অনুৎসাহিত,1
আগুন্তক,1
বিরোদী,1
যতক্ষণ,1
ফেডেড,1
খুদ্দতম,1
জন্তুর,1
এক্সপোজড,1
দ‌ই,1
সেটিংস,1
ব্যানার্জি,1
ঠিকনাটা,1
ফারর্মের,1
মনকামনা,1
জন্তুদের,1
আযাদেরা,1
মন্ত্রি,1
অাচার,1
পলিটিশিয়ান,1
মেহেদি,1
রহমানিয়া,1
জায়গাতেই,1
নিজর,1
গিললেন,1
ভিকারীর,1
এইরম,1
দোকানগুলা,1
সন্ধ্যাবেলায়,1
স্লিমিং,1
মএা,1
ভুঁড়িকে,1
স্যানকম,1
এড্রেসটা,1
জানুয়ারিতে,1
চটিগল্প,1
চেংরাবান্ধ,1
হয়রান,1
ইয়াবার,1
উৎপাত,1
ইনফোরমেশান,1
পাশানোর,1
ওঠা,1
জাতিরা,1
নারীরা,1
☕,1
লিটার,1
ট,1
ট্রানশিট,1
ক্যারি,1
উর্ধ্বতন,1
ভোগের,1
পতিতাও,1
অতিষ্ট,1
তাকান,1
পাঙ্গাশ,1
পুতারনা,1
লুইচ্চামি,1
নাইন,1
এগুলোই,1
পনচগড়,1
খাওয়ারের,1
হলিউড,1
বুজিনা,1
বাজাচ্চে,1
দেওয়াটা,1
কতটাকা,1
ভাইয়া❤,1
জাবেন‌,1
ওআও,1
জয়বাংলা,1
ততক্ষন,1
বাগে,1
মাসিক,1
ভিডিওগ্রাফী,1
মহিলাটির,1
ফাউ,1
নতুনরা,1
চিংড়ী,1
আন্দলন,1
পাঁপড়,1
ভারাই,1
গুড়িয়ে,1
সারিতে,1
পাস্তা,1
বাফেটটা,1
২৯৯,1
নিয়মটা,1
২৮০,1
মিলনে,1
বিগাত,1
গুদ,1
মারোয়াড়ী,1
ড্রিংকসে,1
অাজকে,1
ঝাঁল,1
আওয়াতায়,1
সর,1
হেনস্তা,1
ঘুরেছি,1
নরপেশুর,1
লাম্পট্যতে,1
পর্যবসিত,1
কায়েসকে,1
আকাংখায়,1
আশি,1
লোকটারে,1
সহমত,1
সফ্ট,1
বাইজান,1
কাডের,1
বাড়ালে,1
বৃদ্দি,1
বাচাইচে,1
হুলুস্থুল,1
অসময়,1
একস্বাতে,1
সাতই,1
ব্যাবসায়ী,1
ব্যবসায়ী,1
চেহারায়,1
অতিরঞ্জিত,1
কার্টুনিশ,1
একবারের,1
কাকাতালীয়ভাবে,1
মাতারি,1
বাসটা,1
মোটাতাজা,1
গনসম্মুখে,1
খাওয়ানোর,1
কমদামে,1
মামাকে,1
মারছ,1
সাবস্ক্রইব,1
পথচলার,1
বিজনেসে,1
সীমালংঙ্গনকারী,1
দেহায়,1
ফুডা,1
প্রতিষ্ঠানটি,1
ভাইটির,1
সংবাদের,1
মনোহরপুরে,1
তাওমিদ,1
কাজটুকুই,1
ফকুন্নির,1
চো‌রের,1
মাতৃ,1
বলাও,1
এপিসোডে,1
ভান্ডারের,1
পা‌বে,1
ভাগিনার,1
যেবার,1
বে‌চিস,1
পরিমাণের,1
টি‌কিট,1
তোরা,1
ল্যাংটা,1
চেলানের,1
ভাড়াটিয়া,1
был,1
জার্নিটা,1
গোয়ালের,1
দ্বারেদ্বারে,1
গোশতের,1
বিরুদ্ধতা,1
14কেজি,1
না.মাইর,1
খাবি.,1
ঘুরল,1
আশতাকফিরুল্লাহ,1
В,1
খ্যাতনামা,1
Бангладеше,1
গেলেন71এ,1
а,1
হইস,1
вот,1
покупал,1
еду,1
করছি.,1
সাহেব.,1
হুমমম,1
на,1
মলের,1
улице,1
পালাইস,1
#পুলিশ,1
вкусно,1
সালামস,1
মামদোবাজি,1
অনুরোধ,1
লাংগুয়েজ,1
গালীগালাজ,1
আইসস,1
সাংবাদিকও,1
2টি,1
বৈশিষ্ট্যগুলো,1
পিলেটে,1
একিই,1
এতোক্ষণ,1
দোজন,1
রসনার,1
সান্তনার,1
গুর্দা,1
এনজয়,1
পিটিয়ে,1
রেস্ট্রুরেন্ট,1
পাঁঁচ,1
ব্রাহ্মণবাড়িয়াতে,1
মিত্থা,1
চমৎকারভাবে,1
পাহাড়িচোদা,1
ভয়ভীতি,1
-১৫,1
❤️❤️❤️,1
চিবাচ্ছে,1
মিটিং,1
বুইজা,1
ফকিরেরা,1
এমন.,1
ইন্ডিয়ে,1
ঘুষখোরদের,1
সধুু,1
উহারা,1
-ব্যাবস্থা,1
জিগাইলনা,1
কাংলারা,1
ভিডিওগ্রাফির,1
হমনদির,1
রকত,1
খাইছস,1
নক্কীর,1
ফুলিশ,1
অধিকারে,1
মমলা,1
মুলক,1
সিয়িং,1
অাসামী,1
গনমানুষের,1
পুরিয়ে,1
বারাইসে,1
ধন‍্যবাদ,1
চোর,1
ফুওয়াং,1
জায়গাগুলোতে,1
কওয়া,1
ঝগড়া,1
ইগনোর,1
ছাএদের,1
নেতারাই,1
করবনা,1
তুমিয়,1
প্লাজার,1
রাপা,1
১০৫০,1
কথোপকথন,1
দিছি,1
সম্পুর্ন,1
স্প্রাইট,1
চ‍্যানেল,1
বাংলাদেশটা,1
জিলিপি,1
স্পান,1
পুতুল,1
ঘুমায়,1
অপবিএ,1
তানাহলে,1
ছেঁচড়ামি,1
তজুমদ্দিনের,1
কিছুরই,1
বিহিত,1
ভ্লগে,1
হোওয়া,1
ব্লাকমেইল,1
ভালোভাবেও,1
নামটাকে,1
পবিএ,1
ব্যাতিক্রম,1
ভ্রমনটা,1
শীতল,1
অনায়েসে,1
পড়েছিলাম,1
উইকিপিডিয়াতে,1
এক্সাইটেড,1
ছুরি,1
টাইমটাই,1
গাজাখুরি,1
কন্ঠস্বর,1
উুপরে,1
রোগির,1
ডায়বেটিক,1
সত্ত্বেও,1
ইয়ামী,1
ট্রে,1
চলতি,1
হিউমার,1
প্রিপারেশান,1
ধাবার,1
রুজগারে,1
অদ্বিতীয়,1
মেগুলা,1
কুমারি,1
বাধায়,1
নেননি,1
ইচ্চিত,1
ইনডোর্স,1
সাল্লাপুএ,1
জণগন,1
অনুরুদ,1
করতেচি,1
সীমান্তে,1
টাকাকে,1
দাদাগিরী,1
মামীমারে,1
কইয়া,1
১৪,1
দিবানে,1
কইলকাতায়,1
খাইশেন,1
এপ্রিল,1
ফেব,1
শিলাম,1
কমি্,1
শিগরে,1
শরীল,1
বারও,1
আমিঅনেক,1
বাচ্ছান,1
রূপে,1
হিন্দুস্তান,1
সিন্নিও,1
বিবরন,1
মোটরস,1
কম্পানি,1
ভ্যানিলা,1
চোদ্,1
রিয়েট,1
ঘামতো,1
অসতির,1
দেশতো,1
রাজনীতী,1
বেকুব,1
মাসখানেক,1
উঠিয়েছি,1
রাজিনীতি,1
মাজারের,1
বিয়ার,1
নেটও,1
গর্জিয়াস,1
কলাপাতার,1
ইন্ডিয়ানচোদা,1
ভোডাফোন,1
্ভাই,1
গূলো,1
নভেম্বরের,1
পনেরো,1
আপার(হাসিনা)হাতুড়ি,1
বড়জোর,1
কল্যানপুর,1
দেবেনা,1
বাঁচা,1
সপে,1
পেশাটাকে,1
কোণে,1
সেতুই,1
টোল,1
হুকুমাত,1
পয়তাল্লিশে,1
সিটে,1
বকশিবাজার,1
পথকে,1
নীলক্ষেতে,1
ঠাকানো,1
~_~,1
যগ্য,1
সাল্লম,1
অস্থিরতার,1
দত,1
রসুলপুর,1
চিন্ত,1
শরীয়াহ,1
ছয়টার,1
বক্ষক,1
টেলেন্টেড,1
ঘঠনা,1
পিবিইয়্র,1
মাদকাসক্ত,1
হারামখোর,1
লাফায়,1
লিবুর,1
ঐতিহ্যটা,1
বিদ্যাপীঠ,1
ছাপট,1
দাদারাই,1
মিতালি,1
স্বামীবাগ,1
আসলটা,1
মিসেসকে,1
মারকুইস,1
অসোহায়,1
সাবস্কাইভার,1
জোড়ে,1
চোদানির,1
মহানায়ক,1
কফিখোর,1
মহম্মদ,1
ইউক,1
আজাদ,1
রোডেই,1
টে,1
আরাকটু,1
আদি,1
কাস্টমের,1
রেও,1
উহ্,1
কামরাঙ্গীচর,1
মিস্টির,1
গ,1
বুজতেন,1
নামাইলি,1
বুজাতে,1
কারীটা,1
লাগাতার,1
পারবোনা,1
চিংড়ীর,1
মোজা,1
ডিউরেশনটা,1
সহয়তাই,1
আরর,1
স্ট্রীটের,1
শোভাবাজার,1
পার্লার,1
বেশ্যাদের,1
জাফরের,1
একটুখানি,1
চিপাবুদ্ধি,1
এলার্জির,1
খুলতো‼️,1
নোয়াখালী,1
নাচতাছোস,1
মানলাম,1
মুরুব্বিরা,1
মারছিস,1
রিপোট,1
মালিককেও,1
সাতখরা,1
লগলো,1
বেজম্মা,1
খাবারো,1
জুম্মান,1
ষাঁড়ের,1
নব্বই,1
হনুমানদের,1
ভুতের,1
ডটডটকম,1
সভাব,1
পরিবিশ,1
সিলেটিবা,1
বেগম,1
পারবেননা,1
নারায়নীতেও,1
পারতেছে,1
নাতুন,1
ঃ৪,1
দইটা,1
পারলল,1
ভিডিওগুলার,1
ছেলেমেয়েদের,1
মেয়েদেরই,1
দাঁত,1
কেল্লাফতেতে,1
বার্গারে,1
মাল্টিমিডিয়র,1
লালবাগেরটা,1
স্টুডিও,1
বিচরককে,1
জেহেতু,1
দিবোনে,1
কনজেস্টেড,1
সইবে,1
ধানমণ্ডিতে,1
আমারএকটা,1
পড়সে,1
সুবাহান,1
বস্তুটা,1
ভাইভা,1
একহয়ে,1
মুহ্তে,1
অভিজ্ঞদের,1
কিছুদিনের,1
অগ্নিগীরী,1
দুইয়ের,1
স্বচ্ছদের,1
গঢ়তে,1
কাকারটাও,1
আমেরিকায়,1
উড়ছে,1
03,1
ভাইরাজ,1
ডেগ,1
কয,1
খাটতে,1
সুদদের,1
খুঁজেছি,1
ঝাঁঝরা,1
চটপটির,1
কট,1
কোরে,1
নদীতে,1
কোরতে,1
মোজুর,1
চোক,1
একুশে,1
নিসিল,1
বুঝতামই,1
হাগল,1
ডুবায়া,1
পালায়,1
ন্যাক্কারজনক,1
কুরাআনের,1
ছেলেমানুষি,1
গর্ভবোধ,1
পেয়েই,1
তাকাতেও,1
কেজিতে,1
একরাতে,1
হ্যালিপ্যাড,1
ধরছিস,1
সফটওয়ার,1
লাইফটাও,1
জুড়ি,1
ঘুরাফেরার,1
পুষ্টিকর,1
দৌড়ে,1
স্পিডের,1
নাচানাচি,1
প্যাচের,1
নাভানা,1
অব্দি,1
কমার,1
মুজিব,1
বাকশাইল্যা,1
রাবিশ,1
ই্জ্জত,1
দ্যান,1
চাবাতে,1
বলেদিলে,1
দিচ্ছেনা,1
অাগের,1
দৃষ্টন্তমূলক,1
ছিনারী,1
ওস্তাদ,1
খুইজা,1
তাহসিনেশনের,1
ঘর়,1
সিনারীকে,1
অত‍্যন্ত,1
হুতাদের,1
অাপনারা,1
হাজবেন,1
নারায়ঙ্গঞ্জ,1
শুয়োরছানা,1
পুরুস্কর,1
লোকেশনঃ,1
বাচাইতে,1
লটপটি,1
এন্ড্রয়েড,1
জনা,1
বারিতে,1
সখনো,1
পাকোরা,1
ফিলআপ,1
বাটবার,1
নিউজ.,1
মাইক্রোফোনটা,1
গুদমারানি,1
ব্যাটার,1
প্রান্তীয়,1
7908706464,1
শুকরিয়া,1
অভ্যাসের,1
সাব্জেক্টিভ,1
স্বাধ,1
ভালোমন্দের,1
নম্বরের,1
সাকিবই,1
টেস্টও,1
মশলার,1
1100টাকা,1
ক্ষেত্রবিশেষে,1
ছাইতে,1
সাথেদেখে,1
জ,1
খেজুরের,1
মনেহয,1
খাওনা,1
এনডোর্স,1
বিস্মিল্লাহ,1
ছেলেই,1
ধর্মমতে,1
বাহিনিকে,1
প্রতিপক্ষের,1
ইয়ার্কি,1
ভাঙবে,1
এন্টারটেনিং,1
আপনিেএকটু,1
এ-ই,1
সবকটা,1
ভিয়াতনাম,1
1099,1
ছাড়াইত,1
কেটাগরির,1
নিশাদ,1
মুনাফিকের,1
বলবনে,1
কথাবাত্রা,1
দারজেলিংক,1
স্বাদই,1
মাহফিলে,1
র্ফম,1
গ্যাসটিকের,1
ঢং,1
কমেনটর,1
এপ্লিকিশন,1
এনার,1
ফেলায়,1
কেন_,1
প্রতিপক্ষকে,1
নুয়ে,1
করেও_,1
বাংলির,1
সত্যটাই,1
পারমিশনের,1
পস্তাইতেছি,1
সফলতা,1
সদস্যরা,1
টেরোরিস,1
একনো,1
চোপড়া,1
আব্দুল,1
কাটানোর,1
সাজায়,1
উঠেন,1
ভয়মিশ্রিত,1
শপে,1
খেয়েছিস,1
ব্লগারগুলা,1
কেছ,1
ইংচা,1
বিবরনের,1
নিও,1
পণ্য,1
মুরগীগুলার,1
পোলিও,1
ট্রাবেল,1
সচতন,1
উজন,1
ব্রোকার,1
উনুতি,1
প্রিয়াঙ্কা,1
ট্যারিফ,1
করা.,1
উচিৎ.সাথে,1
দিয়ে.আইনের,1
পাবলিকেরা,1
পরবতীতে,1
দেওয়াই,1
মতো,1
শুধরালে,1
জিনিসও,1
গ্রাজুয়েশন,1
সবগুলাতে,1
আজিই,1
করেদিবেন,1
বিচারে,1
কাপাসিয়াতে,1
চাউমিন,1
অভিব্যাক্তি,1
কুকর্ম,1
গ্রাসটা,1
চূড়মুড়,1
প্রচারনা,1
ধোসা,1
মেয়েগুলা,1
ব্রেস্টলেট,1
ওপরের,1
পেরুলেও,1
আপ্নাদের,1
পুনঃ,1
জন্নেই,1
পিছের,1
বিপথে,1
বিষয়টি,1
নিস্বার্থ,1
লোকত,1
ঈমামও,1
হাফেজও,1
কাকরা,1
ঈমাম,1
কাপেল,1
মোহাসয়,1
প্রোমোট,1
শাওয়া,1
গোপালভারের,1
ভিডওতে,1
ক্রিমিনালদের,1
বাচুক,1
আত্নক,1
সর্বত্ত,1
ভাজে,1
বড়বড়,1
বাঁদে,1
দিকটা,1
মেনুকার্ডের,1
চক্রান্তে,1
সাধারাণ,1
শুবোর,1
হুগায়,1
ভুমিকায়,1
আনদোলনের,1
ছাকিব,1
ইহা,1
আলোচিত,1
মরুক,1
নামায়,1
কুমারী,1
অবিবাহিত,1
অংকে,1
মরলো,1
কাচি,1
পুলিশবাহিনী,1
বাচলো,1
ব্যালেন্সটা,1
সুশীল,1
গেজে,1
.ও.হো,1
সাধিনতা,1
খ্যাতি,1
পুরোদস্তুর,1
এতোটাই,1
আলোরর,1
হয়.,1
বড়াই,1
প্রথমদিকের,1
আল্লাহ.,1
লিপুর,1
শুনিনাই,1
স্পেন,1
ইস্পটো,1
উদগ্রীব,1
বার্সেলোনা,1
হয়েছিল,1
চুলায়,1
বুঝতেসিলাম,1
বুজেন,1
করববো,1
ফারাক্কা,1
কানের,1
প‍্যারামাউন্টের,1
এক্সেক্ট,1
একটো,1
এক্সপেশন,1
মোজলেই,1
বেবি,1
চুপচুপা,1
সেটেল্ড,1
জামু,1
বানাব,1
ক্রিসপি,1
প্রতিটাতেই,1
ভেজিটেরিয়ান,1
লাভের,1
নুডলসটা,1
উপস্থাপনটাও,1
তারমানে,1
গ্র্যান্ড,1
দংশো,1
কেরিয়ার,1
সুগন্ধ,1
বড়াবে,1
করিয়া,1
প্রবাসিদের,1
2জন,1
বাসই,1
জাফলং,1
উশুল,1
শাস্তী,1
২৯,1
পয়শা,1
মুকাররাম,1
এহ,1
বায়তুল,1
দিলেইতো,1
বলেতো,1
মোদী,1
বেলচাদিয়া,1
দিনকে,1
এতদিনেও,1
ভাইগুলো,1
দিয়েতো,1
কাচকি,1
বেড়া,1
কাটাতারের,1
প্রতিবেদনের,1
পার্টগুলো,1
কালিজীড়া,1
পল্লবি,1
দিদিদের,1
বরকতে,1
বেড়াবেন,1
পশ্চিমবাংলার,1
মফস্বলে,1
মেটায়,1
স্বপদে,1
গঞ্জে,1
মুন্সিগঞ্জ,1
সতিই,1
সিটিজেন,1
প্রতিনিধি,1
মেরেছেন,1
জানুয়ারী,1
সরণী,1
খাদ‍্যগলি,1
মানলেই,1
বিরক্তির,1
আইন্,1
সম্পূর্ণতথ্য,1
ফিতে,1
ভেদে,1
রাক্খস,1
আফগানি,1
দশা,1
পারতেছেনা,1
সুযোগের,1
বাজেটটা,1
খিত,1
রুবের,1
রুবেল,1
তেলাপিয়া,1
ঘোলে,1
মিটালাম,1
সালমান,1
সুন্নী,1
অর্গাজম,1
জার্নালিজম,1
মাস্তানদের,1
সান্তিতে,1
রাজকচুরী,1
মার্চে,1
উঠিয়ে,1
থেজে,1
পদটি,1
বাড়িই,1
ছোড়াছোড়ি,1
কমাইয়েন,1
উত্থান,1
ইসরায়েলের,1
অনারব,1
খুজলেও,1
সমস্যাতো,1
আলহামদুলিল্লা,1
বাতিলের,1
আকাঁশ,1
চিয়্যার্স,1
এইখানেই,1
ফুলাপাইন,1
জামাত-শিবিরের,1
মানথলি,1
টাইমেই,1
কবিরা,1
ভুরিভোঁজ,1
বেয়ারা,1
লালসা,1
আতঙ্ক,1
শুয়রের,1
খাইয়েছি,1
মোঃ,1
অশাধারন,1
রাকবে,1
সাধ্যার,1
অঙ্গনের,1
অইন,1
মাগিটা,1
লাগিতেছিল,1
আল্লাহরদান,1
গত19,1
পেছন,1
ওঠবে,1
অথাবা,1
বিয়াপার,1
মুক্কি,1
কনর্ধারের,1
প্রবেলম,1
ক্ষেতে,1
চাংগে,1
বিপর্যয়ের,1
কঙ্কাল,1
মইধ্যে,1
স্বপ্নচুপার,1
কুলাঙার,1
ওপি,1
চারকে,1
বাগডোগ্রাতে,1
নামবেন,1
ডিগ্রিকে,1
আসছো,1
গ্রামীনফোন,1
সোলিমুললাহ,1
কোরিসনা,1
কোথায়,1
যিবনে,1
ক্লজেস,1
নরোপশুর,1
প্রবাশী,1
দিযে,1
বসাবে,1
সেখানো,1
খাশ,1
গাড়ে,1
লিমিটেড,1
ক্যাশ,1
কালারের,1
হেয়ার,1
জেনারেল,1
হয়্ররানির,1
প্রেগনেট,1
মেযেটা,1
এ্যাক্ট,1
সংজ্ঞা,1
মাইয়ার,1
করাটার,1
দেং,1
ফিন্নিটা,1
সাজতে,1
করলেইয়দারুন,1
ঘুড়িয়ে,1
সিলি,1
চেয়েছিলেন,1
‍,1
স্বপ্নই,1
প্রণাম,1
মাবুত,1
নদীকে,1
হার্ভার্ড,1
খবরইতো,1
✋✋✋,1
মতিঝিলে,1
ক্যরোসিন,1
ক্যাট,1
ইন্টারনেটেই,1
র্যালী,1
করতচে,1
দর্শককেও,1
আন্দাজও,1
ভোলোগ,1
রত্নো,1
লাগায়া,1
পলাশের,1
মগবাজারে,1
একেটা,1
এগিয়েছে,1
কমলা,1
হেপাজতের,1
পরবর্তে,1
দিল্লিতে,1
মেঘের,1
ফক্কিনি,1
সাতটি,1
আনুযায়ী,1
শাট,1
তাকা,1
সমঝোতা,1
হেলিপ্যাড,1
রূপিতেও,1
ভিত্তিক,1
4টি,1
শক্তিকে,1
শালাদেরর,1
পশ্চিমবঙ্গেই,1
কৃতপক্ষের,1
মানষিকতা,1
শাথে,1
টিউটোরিয়ালের,1
হিজ্রাদের,1
নির্খৃষ্ট,1
অক্ট,1
প্রিথিবিতে,1
শোভা,1
স্মারট,1
বিসয়,1
টাটা,1
কথাগুলোই,1
বুখের,1
ক্লিয়ারলি,1
গর্ভবতী,1
পড়বা,1
উনমুক্ত,1
চেনরাবানথা,1
সুমো,1
ভাবেনা,1
বলেন.,1
সন্ত্রাসি,1
ঘড়ার,1
লাড়াই,1
মাজ,1
চাপাচাপি,1
বুঝতেসি,1
জাহেলি,1
কোপ্র,1
আপনাদেরটাও,1
রকম.,1
নিশ্চয়,1
শ্রবণ,1
অ্যাডভেঞ্চার,1
মুগের,1
পোলাগোর,1
ক্রীমগুলো,1
পাল্লা,1
লাউড,1
গলেগেছে,1
ঘেন্না,1
লবণ,1
সুপথে,1
থাকবে.আলহামদুলিল্লাহ,1
করেদিন,1
নেইনাই,1
সাঠে,1
আত্মা,1
বড়লোকি,1
অহংকারি,1
গোর,1
দসূদের,1
নাশের,1
❤❤❤❤,1
বয়স২৮,1
হশ,1
সালারে,1
অভাররেটেড,1
এভারেজ,1
যেজন,1
ঘুমিয়েও,1
ঘুমের,1
হিংসুটে,1
হায়,1
বসছিলি,1
কাওয়া,1
গাউছুল,1
ফাসিঁ,1
আমিরিকাতে,1
অপচয়ের,1
নাইফ,1
মুচির,1
মেলাটা,1
খামচি,1
জুতায়,1
লইট্ট্যা,1
খামচা,1
কারসাজিকে,1
রপ্ত,1
খাওয়ায়নি,1
ঠোলা,1
তুলছি,1
কারীকে,1
৩৬,1
কান্ডের,1
বানা,1
জারদ,1
মৌলহীন,1
এলেই,1
এরই,1
অয়,1
মাদকব্যবসায়ীর,1
কেলেঙ্কারি,1
দাপটে,1
ভ্লগালদের,1
ঘাড়,1
হাতকড়া,1
পরাতে,1
সেই‌,1
উনারাই,1
দিবনা,1
নভেম্বর,1
রোডের,1
উনমচন,1
মেটানো,1
পোতিতাদের,1
বিদ্যানন্দন,1
সুয়ারের,1
সাহেম,1
উপার্যিত,1
জুয়াতেই,1
কামাইতো,1
ভিডি,1
পিদা,1
হুয়া,1
নেহি,1
কিসি,1
মঙ্গলবার,1
ভুত,1
বদল,1
ডিজিটোগ্রাফারের,1
কাটারিভোগ,1
মুল্লুকের,1
প্রসেসগুলা,1
মোশনে,1
সংকেতের,1
ডেভেলপ,1
ময়লাও,1
বোঝার,1
ক‌ষ্ট,1
পয়েন্টে,1
রুচিসম্মত,1
চ্যাংড়া,1
মানবোনা,1
পেটেও,1
পারোও,1
দায়ই,1
দইটার,1
কিন্তুর,1
ফেতনা,1
হেডফোন,1
কাপাসিয়ার,1
হঠাত,1
কিবা,1
যুবকের,1
বিশ্বকাপে,1
গ্যাস্টিকের,1
পক্ষথেকে,1
ব্যাবস্যা,1
সাবইস্করাইব,1
পাবনাতে,1
রুটিটা,1
গুনাহগার,1
-গরিবের,1
ভিলেজ,1
ইলিশটাতো,1
লেগপিসটা,1
ইহাদের,1
পলিসি,1
চ্যাষ্টা,1
জেসন,1
নিক,1
এতসব,1
ভ‍্যারাইটি,1
দেখেইনি,1
বিসমিল্লা,1
টোকা,1
ডোয়ের,1
দেখায়ে,1
মিউজিকটার,1
প্রর্যন্ত,1
আসতেছি,1
পরিজন,1
শিয়ালের,1
বাগা,1
আগস্টে,1
ইউরোপ-আমেরিকায়,1
বড়িতে,1
টাইগাররা,1
বাংলাবন্ধা,1
চলাকালে,1
শুখাইয়া,1
ঋতু,1
কলোনীর,1
বিপদআপদ,1
প্রতিবন্ধীর,1
ভাঙবেন,1
নাম্বারেদেরকে,1
দিজলাইক,1
সাপ্তাহে,1
অর্থেই,1
আক্ষরিক,1
কলিজায়,1
একটারই,1
রেচিপিটা,1
বোলতেন,1
কোরবেন,1
রেচেপিটা,1
লারালারি,1
দেগবেন,1
মামু.,1
নোয়াখালী,1
তলায়,1
_মেহেদী,1
সাল্লম),1
পারেলে,1
জাতিতে,1
একাধিক,1
বিলিয়ন,1
পমান,1
রোনি,1
যমি,1
সেতিরে,1
সেতি,1
চুদমু,1
শালির,1
শালিরে,1
ভাইয়া_,1
অবস্থাটা,1
সংযত,1
বাসমতী,1
কাচ্চিও,1
ট্রেডিশন,1
জীবনযাপন,1
অর্ধনগ্ন,1
অন্যখানে,1
চুদান,1
কামরাবে,1
পেশাদারি,1
মসৃণ,1
কাঁপুনি,1
বানাচ্ছি,1
(সাল্লাল্লাহু,1
বাড়েছে,1
টিও,1
আরমানের,1
শালাগোরে,1
অবুসই,1
টাসকি,1
গ্লাস,1
ঝকঝকে,1
সম্রাটেরর,1
সম্পক,1
ছাত্রীরা,1
মেয়েটারেও,1
ভো,1
টংগী,1
অবশ্যকে,1
চাহিয়া,1
পিবিয়াই,1
ডিসে,1
শহুরে,1
ঘুরেও,1
পরোহত্যাকারী,1
পাহারী,1
হেবাং,1
করতেগেছিলাম,1
শুটকিরভরতায়,1
অগনিতো,1
নিখোজ,1
ডিজাইনটা,1
প্ল্যানের,1
ঘুঘনি,1
2018,1
কাঁপুনির,1
বিন্দু,1
পরিলক্ষিত,1
মন্দিরের,1
মেটাবো,1
চাটনীতে,1
১৫-,1
টাল,1
সৌমেনবাবু,1
উপাধি,1
ভুংভাং,1
360•,1
আনারী,1
ব্যাক্তিকে,1
ফালাইবি,1
মুফতী,1
সাহেবদের,1
ব্যাচেলর,1
দরুন,1
এরো,1
ভুনাখিচুরি,1
ফেলবেন,1
দেখের,1
টেস্টের,1
বাকিগুলো,1
অন্নন্ননেক,1
শক্তিধর,1
নেত্রীর,1
কতজন,1
কতজনকে,1
35000,1
হরিবোল,1
যোগাতে,1
দিতেচে,1
আলাম,1
বেঞ্চি,1
ব্লোগের,1
বাংলাদেশও,1
প্রারমিশন,1
ক্ষ্যাত,1
বয়দের,1
পারসি,1
কাচ্চিটাই,1
অপরাধি,1
মুদ্রায়,1
খাবাবের,1
ফ্লাইট,1
জুড়েই,1
গোড়া,1
কাঙালীরা,1
বিজয়ীর,1
সান্তনা,1
সনতাস,1
ক্ষেপলে,1
দাওয়াই,1
বিক্রমপুরে,1
লৌহজং,1
খেয়েযান,1
জাদু,1
মাসাল্লাহ,1
শুকাইছেন,1
সমিতীর,1
মাদারচোোদ,1
গ্লাফস,1
রমজানেই,1
মাজায়,1
সেইজন্যই,1
উপস্থাপনাটি,1
আমেজের,1
পেছিলাম,1
রেঞ্জ,1
কনফার্ম,1
রাঙ্গামাটিতে,1
লোচ্চা,1
কিছুমনু,1
বালডা,1
ছিরবে,1
ছক্কা,1
ওয়েস্টিনের,1
বাচি,1
মানুষিক,1
নারীরদের,1
রুগী,1
বিচারকত,1
যিনিই,1
যুগেও,1
হেডাম,1
পেঁয়াজু,1
পেঁয়াজির,1
ওহে,1
08,1
মারব,1
নৌকায়,1
নামলো,1
আলেম-ওলামাদের,1
লিখলে,1
বদমাশী,1
ফ্রুটি,1
পাতি,1
এখাকার,1
শুংগে,1
কাপালি,1
আড়চোখে,1
তাকাচ্ছিলেন,1
বেশকিছুদিন,1
মানলে,1
হতোনা,1
বুকও,1
নিজই,1
শূন্য,1
সংবিধানের,1
পৃষ্ঠাই,1
গিভিং,1
উদেশ্য,1
আস,1
ভিডিওস,1
আদিনাথর,1
ছলে,1
পাঠাইতে,1
মাকেট,1
এবংনানান,1
হইলা,1
গবর,1
ডেড,1
ফেল,1
খাইছ,1
অবশই,1
খিঁলগাও,1
অপজিট,1
বর্ষাতে,1
সারাক্ষন,1
জমিজমা,1
মোঠ,1
দাৰ্জিলিং,1
কহেক,1
রুক্ষ,1
আদনানা,1
ফেবুর,1
শিল্প-সংস্কৃতির,1
সাহিত্য-সংস্কৃতির,1
উপজুক্ত,1
বিয়া,1
উচত,1
একানে,1
পোকামাছি,1
কৱু,1
99,1
কৃমিসহ,1
পেটেট,1
পিঁড়ায়,1
ভোগে,1
মানুষিকতা,1
পরিচছন্ন,1
প্রদর্শন,1
মনমানষিকতা,1
পরিবর্তনের,1
আইসক্রীমের,1
ডিওএইচএস,1
সিএসডি,1
দেখতেন,1
–১৫০০,1
পথটুকু,1
পশুপতিবাজার,1
আমাদেৱ,1
কৱতে,1
সাজিও,1
নাবাওব,1
নাজির,1
উইকে,1
আব্দুল্লাহপুর,1
দুতলায়,1
হেল্পফুল,1
দুদক,1
ভাইরাস,1
ক্যামেরাটার,1
রান্নটা,1
কাটুন,1
বেস,1
কেল্লাফতে,1
উইকেট,1
বাকিগুলা,1
খামাকা,1
দাওয়াবেন,1
টকিং,1
এটিটিউডে,1
মিছেমিছি,1
বুদ্ধির,1
শামিম,1
অংশের,1
ওটায়,1
ভিক্টিমের,1
অনুষ্ঠানে,1
শিখেছিস,1
দেকি,1
রাহমানির,1
রাহিম,1
শ্রদ্ধাশীল,1
গোপী,1
শিশুটির,1
একাগ্রতা,1
বাহরাইন,1
বান্দরবানের,1
ঘনটের,1
জব্বর,1
জইমা,1
জায়েন,1
ওনারটো,1
এনা,1
বেরায়,1
বাঠপারি,1
উধধাকতার,1
ভদ্রবেশি,1
иеоштм,1
игарог,1
тьбопн,1
раршгп,1
рвпреа,1
шнкрпв,1
আখের,1
গোছানোর,1
রিজনেবল,1
সুড়ুৎ,1
মাশাল্লাহ্,1
জন্মাইসে,1
12071,1
ইয়র্ক,1
পাবলিশ,1
রেডিও,1
উপস্তাপনা,1
নরকে,1
নিয়মটাই,1
ফিশফ্রাইটা,1
ব্যাটারে,1
ডিপ,1
ডিটেলসে,1
পাঠপারি,1
দামোতো,1
ইরুপেতে,1
বাভে,1
ভাববার,1
ইরা,1
ফাষ্ট,1
ষ্ট্রীট,1
হিউজ,1
সারল্য,1
০,1
৭৬,1
প্রাইজড,1
টেবলেটের,1
ধুম,1
দৃষ্টিগোচর,1
মাছ☺,1
ক‍্যান,1
ভাগ‍্য,1
সাড়ুত,1
বর্ষা,1
কার্যকলাপ,1
পোশাবে,1
অক্টোবার,1
সেন্টমাটিন,1
পরিবহনের,1
দাদাকে,1
(না,1
খান),1
বিজি,1
পাইতে,1
আসায়,1
লটারিবাজরা,1
44,1
নরপশুগুলোর,1
অমঙ্গল,1
রিপোটার,1
ব্যাক্তিদের,1
মসাইয়ের,1
শাহীদ,1
দেবীর,1
নিরূপায়,1
সুচিব‍্যয়ী,1
চুল্লুগান,1
পৌছেছে,1
অনতত,1
নিচ,1
সা‌য়েম,1
জি‌নিস,1
পাহা‌ড়ের,1
রি‌স্কি,1
যাত্রার,1
চুষছিলেন,1
এত্তদিন,1
বাংলাদেশেও,1
ড্রাগন,1
সিভিটা,1
বানাইয়া,1
ওয়াফ,1
ইয়াম্মি,1
ধরনটি,1
৭৫%,1
রিসব,1
আসবেনা,1
দৌড়ের,1
ফালাল,1
আনোয়ারার,1
৫০%,1
:-,1
মুরব্বি,1
প্রেজেন্টেশান,1
ক্লাসি,1
আল্লাহপাক,1
কুতায়,1
চিতই,1
জামায়েত,1
ফ্রুট,1
কাস্টার্ড,1
ভাঙ্গিয়ে,1
ভালোরেস্টুরেন্ট,1
মহানুভব,1
সাহসপায়না,1
মনেহচ্ছে,1
কাফেরচোদা,1
অনুপ্রানিত,1
01681003067,1
অগনিত,1
একবুক,1
পোগ্রাম,1
আগষ্টের,1
রোস্তম,1
সিক,1
দৌড়ানি,1
নফস,1
ভেতরটা,1
তেহেরিরটা,1
মুরগীরটা,1
ডায়েটিং,1
হাওস,1
রামিয়ন,1
গ্রপের,1
বনানীর,1
পেসকৃপশন,1
তবেরে,1
ভালোশাসক,1
আসেনা৷,1
সুনজর,1
লিঠু,1
মেন্টর,1
1মাস,1
ওমররাঃ,1
হাশরের,1
পাইলেই,1
উলটা,1
কিলাতে,1
মিস্,1
আল্লারও,1
দেশটাও,1
সন্দেহে,1
শর্তক,1
তাক,1
লম্পট,1
বৌর,1
কারিদের,1
কিরলেন,1
পাব্লিকের,1
নামার,1
গুমাবে,1
কন্টিনিউ,1
চোদা‌নিমার্কা,1
দে‌শের,1
জা‌নোয়ার‌চোদা,1
পিছটাকে,1
জারজ‌চোদা,1
হই‌ছে,1
হই‌লে‌তো,1
গোয়েন্দা,1
দারিতে,1
চৌদ্দগ্রাম,1
ডাকের,1
পেঠে,1
ঘিই,1
অজম,1
পাড়তাম,1
গোমুত্র,1
12000,1
পালটা,1
চিনতা,1
সেমাই,1
ফাঁটল,1
есть,1
руками,1
Необходимо,1
изучить,1
культуру,1
других,1
прежде,1
комментировать,1
যাদুর,1
ভাঙ্গন,1
ধরাতে,1
মন্ত্র,1
বন্ধুত্বে,1
বহুদুর,1
ইন্টারেষ্টিং,1
@আকাঁশ,1
বিছানার,1
চাদরটা,1
হোগার,1
ছ্যাঁচড়ার,1
জন্মদিসে,1
৫.৪,1
৮০কিলো,1
আইসক্রীম,1
করিসনা,1
পেয়েছিস,1
ভাবিস,1
কারুর,1
культура,1
их,1
পা‌রে,1
যৌ‌ক্তিক,1
খালা,1
ফুফু,1
দাদী,1
মামী,1
মামাদের,1
৯০০,1
কলার,1
টেরোরিস্ট,1
সংগঠনের,1
লিডার,1
গণ্ডি,1
পেরিয়ে,1
দেঢ়ের,1
প্রয়োগকারীরা,1
বাড়তি,1
ফায়দা,1
উভয়,1
সেবাগুলো,1
বকবক,1
কলপনায়,1
পারেি,1
হ্যাক,1
হ‌লে,1
জা‌নে,1
অযুহাত,1
ব্য‌ক্তি‌দের,1
হ‌া‌তে,1
কীনা,1
ফাইনালি,1
ওভা‌বে,1
(বার,1
নিয়েছিল,1
এগোবে,1
পপুলারিটি,1
পরিমান.,1
সস্তার,1
কোয়ানটিটির,1
যুতসই,1
বায়ার,1
অগ্রসর,1
সাধরন,1
দৃষ্ঠি,1
ফিরানোর,1
#১,1
প্রমাণিত),1
পেঁয়াজ,1
ইনশাহ,1
ব্যাপরই,1
মালোয়েশিয়াতে,1
বঙ্গের,1
কাঙাল,1
হাভাতেগুলোর,1
পড়েনি,1
নিশ্চিন্ত,1
লেকএ,1
যাবেত,1
নরথ,1
বাংলি,1
ভাগ্যো,1
মরিচের,1
কয়েকজন,1
ডাক্তার-আত্মবিশ্বাসের,1
ইনফ্যাক্ট,1
টেকি,1
কেরোসিন,1
মারান,1
ধারাভাষ্য,1
আরেকনাম,1
বাস্তবেই,1
শুধূ,1
ছিটানো,1
কুমিরকে,1
করবো.বালের,1
শুনেন,1
পাসা,1
নেবো,1
ফিডব্যাকটাই,1
3310,1
স্বচ্ছ,1
মেলামেশা,1
প্রগ্রাম,1
কথাগুলোর,1
মাঝো,1
গুরতে,1
আনসার,1
ঝাপতটী,1
বখিলের,1
এন্ট্রিতে,1
এনালিসিস,1
পাচ্ছিলেন,1
নকিয়া,1
ডেসক্রিপিশন,1
না'ত,1
তুইমাগীর,1
উইজ,1
দিছিলো,1
চিরিয়াখানার,1
বাঘেরে,1
খাওয়ায়া,1
হকের,1
বেজ্ঞের,1
বর্বরতার,1
খুদে,1
পর্যটক,1
৫২০০,1
রিভিউতে,1
লক্ষ‍্য,1
সজ্বী,1
বাইয়ার,1
মুহূর্তের,1
ব্যক্তিগতভাবে,1
লটিয়া,1
লইট্যা,1
মাখার,1
প্রয়াত,1
জসীম,1
খাদ্যভান্ডার,1
লাগতেসিলো,1
হালাগো,1
নাওয়া,1
২টা,1
১৪০টাকায়,1
পশ্চিমবাংলায়,1
প্রাওরিটি,1
ম্যাচিউরিটিকে,1
মিশটার,1
দিলু,1
নিকটবর্তী,1
ছুঁচা,1
সেনসেটিভ,1
ক্যাচ,1
2700,1
ক্যাননের,1
ফোকস,1
কুস্টিয়া,1
শুদ্ধতার,1
যত্নশীল,1
যাইসি,1
অপ্রয়োজনীয়,1
স্পেসিফিক,1
লোকেশনটি,1
রোববার,1
শ‍্যমলি,1
যাত্রী,1
বুঝিয়েছেন,1
ডুকলে,1
চিনলাম,1
সাউন্ডগুলো,1
রিমুভ,1
হেলথ,1
ডেঞ্জারাস,1
পায়েল,1
শরিফ,1
আশিক,1
গোয়েন্দারা,1
জোননী,1
ব্যবস্থার,1
নিছিতো,1
ম্যাচুরিটির,1
ভিড়ে,1
মালটিপল,1
ফোকাসে,1
নডা,1
চডা,1
সার্কিট,1
পাইছস,1
কল্যাণপুর,1
কাটুক,1
বছরটা,1
প্রোবেস,1
সরকাকে,1
টিটমেন,1
টুকি,1
শুক্রবারে,1
এপল্লোতে,1
*এই,1
যাবে*,1
রয়েছি,1
অনুষ্ঠানটা,1
অসম্বভের,1
মধ্যমণি,1
কবরের,1
যাবি,1
নিরপরাধ,1
তোদেরও,1
পচে,1
প্রানবন্ততা,1
সপ্তাহেই,1
ম্রা,1
বাজাইয়া,1
ঠোকে,1
লিচু,1
সেতুটি,1
খেয়েছিয,1
অন্যরকম,1
রেস্ট্যুরেন্টের,1
স্টোরিটা,1
জা‌নোয়ার,1
বোঝাচ্ছ‌ে‌ন,1
জা‌নোয়ার‌দের,1
জা‌নোয়রা,1
অংগনের,1
12টা,1
1984,1
মদদে,1
সনের,1
কাপটাও,1
মান্নাদের,1
লাগাইয়েন,1
লোকেসান,1
উম্মোচন,1
রাককরিওনা,1
বা‍্লা,1
অমানুষই,1
তারও,1
খাওয়াইয়া,1
শুট,1
দসু,1
উটি,1
হাঁ,1
মর্জির,1
অসীম,1
আকর্ষণীয়তা,1
বারানোর,1
সরাইখানা,1
কৌশল.,1
প্যকেজ,1
অর্ধউলঙ্গ,1
বলিয়েন,1
সজ্ঞা,1
বাংক,1
ইস্টেটমেন্ট,1
ভাইয়েরটা,1
মাশাআললাহ,1
আললাহর,1
মেহেরবান,1
বাইর,1
পাষনড,1
হারাব,1
পাইপের,1
ফিরবেন,1
প্রানতের,1
চাই…,1
৭২,1
থুথু,1
কাটাচোদা,1
স্যাম্পল,1
গাফলতি,1
নেয়াটা,1
জাজরাই,1
চাদাঁবাজী,1
হিজড়াদের,1
লন্ছে,1
পত্যরনা,1
রোহিঙ্গা,1
অভিবাসী,1
দরকা্র,1
জনসংখ্যার,1
উসিলায়,1
চাৎটা,1
পান্নুর,1
খাইতেন,1
ওরটা,1
কাঁটাচামচ,1
কেবলমাত্র,1
খাচ্ছিনা,1
গাঙ্গুলিকে,1
জিপগুলো,1
সিইং,1
ফুচকায়,1
ভিডিওটিতে,1
চুদার,1
পড়ছিলো,1
চলেন,1
ওলটা,1
পালটে,1
গজল,1
ভজহোরী,1
শ্যামবাজার,1
শাখায়,1
ছারে,1
বসুন,1
ইস,1
দেনকেন,1
বিজতে,1
যব,1
ফ্যেমেলি,1
আরেকটার,1
হরিদাস,1
মোদকের,1
ওমরকে,1
পরিহিত,1
দেখলোনা,1
হোয়ে,1
জাপান,1
কাবুল,1
সিক্ত,1
স্নোফন,1
আদনানদা,1
গুগুলে,1
রেকমেন্ডেশান,1
আহহহ,1
অর্ধভোজন,1
পিচ্চিদের,1
কাটাতাম,1
বিউটী,1
একরাত,1
কাটাব,1
তাড়ি,1
ইঞ্ছি,1
ইটের,1
গাথুনী,1
বন্টন,1
প্লানের,1
লিরিক্স,1
স্বার্থটাই,1
সাধারনত,1
মাগরিব,1
আয়াতুল,1
কুরসি,1
বাকারা,1
আয়াত,1
255,1
খাচ্ছিলো,1
জ্বল,1
আলবদর,1
কল্লিবয়,1
হাটহাজারী,1
রিকশাচালক,1
ইঞ্জিনিয়ার,1
দীঘিনালা,1
থাকেঃ,1
পরিবহনে,1
মধ্যই,1
দীঘিনালাতে,1
ভুগতেছে,1
টুকে,1
এফবিতে,1
12072,1
প্রিথিবির,1
ঠোংগা,1
থাকেই,1
লাভভ,1
অনাকাঙ্ক্ষিত,1
চেষ্টার,1
পসন্দ,1
তাড়িয়ে,1
ডরাইয়া,1
ঘোড়া,1
অবইদ,1
কারোও,1
বিটা,1
অনেককক,1
কামানা,1
যাাবেন,1
টুল,1
তৈয়ারি,1
চোরির,1
দান্ডা,1
ডাইবেটিস,1
ঠাকুরমার,1
গুলিস্তানের,1
1টু,1
শিরকি,1
নজড়,1
যন্ত,1
মিশন,1
বিপরীতের,1
মধ্যেতো,1
কুষ্টিয়ায়,1
দাড়িওয়ালা,1
রব্বুল,1
আলামীন,1
প্রাণখোলা,1
অংশগ্রহণই,1
প্রেরণা,1
সহযোগীরা,1
আকোন,1
দৃসটি,1
ভোরেই,1
দস্তগীর,1
বেঁচেছে,1
বিলাশী(অধিকাংশ),1
পরিচারক,1
ভাইয়েদের,1
অস্বস্তিকর,1
প্রবাসীরা,1
গেড়ে,1
দেয়াই,1
করিলাম,1
লাইকার,1
ইয়েস,1
যোদি,1
স্বনামধন্য,1
দেহনোর,1
আত্তে,1
উল্লাই,1
পেটপুরের,1
গেই,1
আধম,1
কাইন্ড,1
গাইয়া,1
এটিকেট,1
আপেলের,1
পিঁয়াজের,1
প্রদেশ,1
জাবেন,1
দোদেল,1
ফজর,1
বেজে,1
সালানটাই,1
লজ্জাতো,1
হনমানের,1
জাগা,1
বেদন,1
ভাইএটা,1
মাননিয়,1
প্রতিষ্ঠা,1
ভরশা,1
মাইন,1
বুবি,1
ট্রাপ,1
চলবেন,1
প্রাথমিক,1
পাচা,1
রাখস,1
চুড়ান্ত,1
আপনা্র,1
ভ্রমনগাইড,1
তাপস,1
সফরে,1
সংঙ্গীদের,1
সংগে,1
চোদনাদের,1
ড্রিংকসের,1
কার্যকরি,1
সলিউবল,1
অন্তহীন,1
ভালোবাসায়,1
পাশেথাকুন,1
নলেজও,1
কাচ্চিবিরিয়ানি,1
হুতাম,1
লাইসেন্সদারী,1
হায়দ্রাবাদের,1
স্পেশালিটি,1
ঢুকা,1
কাবার,1
গুদ্ধা,1
অন্যকিছু,1
কাইতে,1
মাতে,1
কাইবার,1
মাতছ,1
কেনঅ,1
গুতে,1
কাইসনা,1
জারজদের,1
ভাতই,1
একটাকায়,1
জারক,1
পখরা,1
কাটমান্ডু,1
মুস্তাং,1
যেথে,1
অনএরাইবেল,1
রাজস্থানের,1
বিধাতার,1
এউ,1
ধনীদের,1
রংগের,1
শূনতে,1
প্রফেশন,1
ভয়েসটা,1
পারটনার,1
এডিটং,1
কোকোনাট,1
স্ক্রিনে,1
দয়াময়,1
অতুলনীয়,1
স্বচক্ষে,1
খাইলিতো,1
আমাগোতো,1
দিলিনা,1
উপস্থাপনাও,1
মারামারির,1
আমলা,1
*আরবি,1
রাখুন*,1
রিভিউস,1
জাজদের,1
চোদানোর,1
লটারি‌র,1
সিখ,1
বাচ্ছার,1
কনশেসন,1
ব্যপারস,1
দ্রিঃ,1
হচ্ছে.ছি,1
ক্যারিয়ের,1
ভায়ের,1
লালা,1
গড়বো,1
লিখতেন,1
রোস্টেড,1
খাট,1
অথয়েব,1
বেপারটি,1
সসের,1
ঝাজড়া,1
জানো,1
সিম,1
শুক্ত,1
সব্জি,1
খবরটি,1
সপ্নকেও,1
সুন্দরময়,1
বাইনচুদ,1
পাখা,1
ডিস্টার্ব,1
প্রতিজগিতা,1
ওপরই,1
হাভাতের,1
সাদিয়া,1
ব্যাবি,1
যাওয়াটা,1
আবহাওয়া,1
ফেলেছ,1
মাছগুলোর,1
অামিতো,1
হাসপতাল,1
ইয়েএএএএএ,1
কথাবলা,1
সাজেনা,1
পৃথিবির,1
বাচ্চা‌কে,1
ছে‌ড়ে,1
যৌক্তিকতাই,1
জিগাতলারে,1
অনুষ্টান,1
ভাঙ্গা,1
বিষয়গুলোর,1
ইস্,1
নিচেরটা,1
জোচ্চুরিতে,1
কিযে,1
চয়ন,1
যথেষ্ঠ,1
4দিন,1
পেপসি,1
পিচ্চিটাকে,1
মাঙ্গের,1
কস,1
হেট,1
জিগাতলা,1
কার্ভার্ড,1
হান্দায়,1
বিলাই,1
মুতছে,1
নারিকেলের,1
অস্বাস্থ্যকর,1
মহানায়কের,1
সম্মানে,1
মালমশলা,1
জেলখানার,1
অঙ্গরাজ্য,1
তুরস্ক,1
সত্তেউ,1
চিনেই,1
চাদেন,1
বাংলামটর,1
কাংলুদেশী,1
জেহাদি,1
ঝেড়ে,1
সেকশন,1
ইতরে,1
নেন্টা,1
ইচিত,1
ঘন্টাই,1
মেয়েরা,1
প্রয়োজনে,1
বাবাকেই,1
বৃদ্ধাশ্রমে,1
জিঙ্গাসা,1
ঢান্মন্ডি,1
শুনেছেন,1
ট্রাইবুনাল,1
দেখতেসি,1
কোরক,1
সারচ,1
পর্ণ,1
বলেইতো,1
চিটিংবাজ,1
খেয়,1
মারাজায়,1
কুকের,1
ওয়া,1
সাল্লামকে,1
ভাগাড়কান্ড,1
সন্রাসীদের,1
কাঁদতে,1
কাঁদাতে,1
অন্যজনকে,1
সিস্টেমে,1
গাঁটের,1
কড়ি,1
পেইক,1
সেইগুলা,1
গুটির,1
চালে,1
পড়িস,1
ব্যার্থ,1
প্রতিবেশীদের,1
শিখতেই,1
দোনের,1
পিলখানার,1
মারবি,1
হেডলাইন,1
উওর,1
মাসেই,1
পুরষ,1
অবাদে,1
মিলামিশা,1
স্পষ্টই,1
চল্লিশ,1
সনাক্ত,1
কেপিটাল,1
নীচ,1
তলার,1
_ভাল,1
পায়নি_,1
চেন,1
কাটমানি,1
বাইআ,1
উঠাইআ,1
জাহের,1
ব্রামণবাড়িয়া,1
চাবানোর,1
সিপ,1
শব্দগুলো,1
রিভিউগুলার,1
তোঁ,1
রেস্টুরেন্টর,1
বাডডা,1
পাসর্পোট,1
সাহায্যই,1
আলহামদূরিল্লা,1
অকৃতজ্ঞ,1
নাউজুবিল্লাহ,1
অসম্নান,1
এসেও,1
সৌন্দর্য্যে,1
বাটপাররা,1
3লাখ,1
চীপ,1
কুয়োর,1
ব্যাং,1
মর্ম,1
ব্যাঙ,1
জাগলো,1
দকান,1
সোব,1
কুত্তাকেও,1
চাপাবাজ,1
পাঠকের,1
ঘাটেই,1
বিপিআাই,1
সা্থে,1
পাস্পোর্টে,1
পারছিলেন,1
রিভিউকারী,1
যাবু,1
ঘুরমু,1
ডাকাতকে,1
হালারা,1
খুইচ্ছা,1
কখনোসখনো,1
বলেননি,1
জোগদিলাম,1
বেঞ্চে,1
পুষতে,1
উচিল্লা,1
কেরিসমা,1
টিকমত,1
মেইক,1
করতে✌✌,1
এক্টাই,1
গেংটক,1
যাকেই,1
রাইচ,1
ডিউরেশন,1
লেগরোস্ট,1
ডিস্ক্রিপশন,1
শিম,1
ব্রিডের,1
খুলমার,1
অংশগ্রহন,1
কোততার,1
রিয়্যালি,1
বৃটিশ,1
(কার,1
পছন্দ),1
সুশাসন,1
হিমালয়,1
আলফারমোড়,1
ইন্দিয়া,1
করভো,1
পুনাখা,1
প্রকাশ্যভাবে,1
বাইনচুত,1
শিককিত,1
শধু,1
সল্টলেক,1
ফোনে,1
কুপিয়ে,1
কুপ,1
কাজ্য,1
কেলাপ,1
উত্তোলনের,1
৩৯০,1
মারলে,1
ঐদিক,1
হিন্ধু,1
করতাছি,1
নানীও,1
বাপিদার,1
আংহকার,1
নওশিনকে,1
এতগুলি,1
পরেকালে,1
ভরেছিলাম,1
উপাদি,1
ক্লিয়ারর,1
জানতেও,1
বাংলাবান্দা,1
দিিয়ে,1
পাহাড়া,1
দুজনার,1
ভালোমতো,1
পেপে,1
নরমালি,1
পাড়তেন,1
গেছিসএকালে,1
নির্মমভাবে,1
ফ্লাটে,1
2য়প্রশ্ন,1
বাবুটার,1
ক্যাসিনোতে,1
ভার,1
থাইল্যান্ডের,1
ঘোস,1
রিযিক,1
খাইতেও,1
নিরবতা,1
বরাবরের,1
দমে,1
এইহ,1
আয়সে,1
দেদারছে,1
স্টাটার,1
ন্যাশনে,1
বারোদার,1
টি20,1
খেলতেছে,1
সাথেসাথে,1
হাওয়ায়,1
বাড়াবে,1
দেবি,1
বেন্ড,1
মোবাইলের,1
বাড়িয়েছে,1
শুরুতেই,1
প্রতিপাদ্য,1
নিজামের,1
আরসালান,1
আউধ,1
সাবির,1
স্টোক,1
রাকা,1
চারাই,1
আকাশচুম্বী,1
কোণঠাসা,1
পারহেড,1
বেসিস্,1
এফডিসির,1
মুসলিমরাই,1
প্রতিষ্ঠাতা,1
জাইনা,1
মাধবঃ,1
ভুতুড়ে,1
চেংড়াবান্ধা,1
মাখানো,1
ধনীরাও,1
হালাগরে,1
পেদানি,1
পেদানো,1
ভালনা,1
সমালেচনা,1
দেহের,1
‌প্লে‌নে,1
মা‌গির,1
মূলনীতি,1
66,1
140,1
57,1
58,1
ভালবাসলেই,1
নির্ণয়,1
কতকাল,1
প্রভূর,1
আল্লহুআবার,1
পিপাসুকে,1
হাংকি,1
পাংকি,1
বসবাশ,1
নেউ,1
জিগায়,1
মাখরোসার,1
জালের,1
বৃজ,1
কারাকারি,1
পারসোন,1
পজিশনটা,1
ফালাইবো,1
পিঠের,1
এক্সপসে,1
কথন,1
প্রদর্শনমূলক,1
পরেরগুলিতে,1
গেলাপস,1
ওঠেই,1
নাউজুবিল্লা,1
দিনাজপুর-,1
কি.মি,1
ডিসক্রিপশন,1
হইছি,1
ইয়াম্মি,1
গৃহযুদ্ধ,1
একদিনে,1
দুনিয়াসুদ্ধ,1
্35,1
50টকা,1
সিলেটকে,1
ক্রমাগতভাবে,1
বেস্ত,1
স্বাভিক,1
হাজারীবাগ,1
বাবারও,1
ভাইপো,1
চাঁদমামা,1
সকলেরই,1
মমতাও,1
ফুটবলার,1
খেতের,1
তেয়েরী,1
ইট্টু,1
কোয়া‌লি‌টি,1
(লোকেশন,1
গুদারাঘাট),1
যৌথ,1
অন‍্য,1
বাড়িতেই,1
বাঙলায়,1
প্রত‍্যাশা,1
ভালুকা,1
সি‌কিম,1
আতও,1
নস্টালজিয়ায়,1
মোড়া,1
ভয়েসটা,1
লুক্স,1
চাবাইয়া,1
জটিল,1
একএকটা,1
চোদায়,1
কৃত,1
দায়ের,1
গাহুক,1
পসাসন,1
পসাসনের,1
ডিসেমবরে,1
দার্জিলিয়ের,1
শুন্দর,1
যাওয়াতে,1
পৌঁছানো,1
ভালাে,1
মানুষটিকে,1
★আসুন,1
মাথানথ,1
সুদুগিল্লেন,1
খনেই,1
আভিধানিক,1
বিশদ,1
মাতলে,1
আতংক,1
এন্টিভাইরাস,1
হটেলের,1
☣,1
কৃতঞ্জ,1
এ্যপোলোতে,1
ইউউউউ,1
কাটাচমচে,1
ঘরকা,1
ঘাটকা,1
পশ্চিমী,1
আদব,1
কায়দা,1
চিন্তিত,1
লীলাখেলা.,1
বাড়িয়া,1
নরপিশাচ,1
মানুষগুলা,1
রিজক,1
বাডিয়ে,1
পায়েলা,1
বৈধভাবে,1
মেজবানির,1
ফাডায়া,1
কালেদ,1
অাল,1
স্বপ্ন',1
গুলশানের,1
মামাবাড়ি,1
ভালো.,1
বিনপি,1
পরুষ,1
মিলালাম,1
জোট,1
নেতাকর্মীকে,1
বারান্দায়,1
দখিন,1
গোরান,1
খিলগাও,1
মাদানি,1
এজেন্সিতে,1
বুনার,1
ভেড়ার,1
কেশবপুর,1
কালোমুখো,1
কেশবপুরের,1
অাশে,1
খোজে,1
নোরওশিনের,1
বহোদ,1
নরশিনের,1
ডোর,1
সার্জারী,1
লাগ্লেই,1
'মাহসান,1
বিপদের,1
ঘুরতাসেন,1
ধয়া,1
ভাইফুল্লাহ,1
বেলো,1
ছিলেনকোন,1
আল্লহুআকবার,1
কাদালেন,1
হাসালেন,1
উদ্যোগে,1
কাতারে,1
প্রজাতির,1
ছাত্রনেতা,1
চিড়া,1
দাঁড়িয়েছে,1
প্রিজ,1
আলুটিলা,1
১৮সালে,1
গুহায়,1
জিভাই,1
:),1
নুনু,1
ক্ষমাসুন্দর,1
দৃষ্টিভঙ্গীতে,1
নেত্রী,1
হ্রদয়,1
কাঁপবে,1
নিসন্ধেহে,1
ফেশে,1
ভুটানেও,1
১৩সালে,1
দেখাইসে,1
সত্তিই,1
রিভিয়,1
বাড়লে,1
কোফ্তা,1
কোফ্তার,1
উপকরন,1
ক্রিটিক,1
হাসঁ,1
বুরিমারি,1
কেমরাও,1
কেমরার,1
সিন্ডিকেটের,1
গরীবে,1
নেওয়াজ,1
মুখরিত,1
রেখেছিলাম,1
কমতে,1
অনুকরণীয়,1
অ্যাডভান্স,1
রাখতাম,1
‼️,1
প্রাই,1
নাচা,1
নাচি,1
স্টাবেল,1
করতেছিল,1
বাঁধ,1
জলাবদ্ধতা,1
কমতোনা,1
জলহস্তীর,1
চ্যানেলস,1
ডালনাকে,1
ওরিজিন,1
পোর্টের,1
ফর্মে,1
বাহ্.,1
মৃত্যর,1
বাঁচালে,1
বুব,1
মারবেননা,1
নিয়াই,1
ধরতেছে,1
রেস্তরাঁয়,1
খাইয়েছিলো,1
খেয়েছিলাম,1
পুনরায়,1
করিয়ে,1
সদা,1
বলাটাই,1
বুয়ার,1
সাড়া,1
রজনিতি,1
জুনে,1
অন্দরসজ্জা,1
১৯৭১,1
ভয়ঙ্কর;আরও,1
রামপুরা,1
বানাইলো,1
জসিমুদ্দিন,1
উপকিরত,1
নেত,1
ঠেকে,1
স্বাদু,1
ঘুটা,1
হয়‌নি,1
অসব্য,1
*ছাত্র,1
প্রয়োজন*,1
কলকাত্তাইয়া,1
নয়),1
তারচেয়ে,1
দাবিদারদের,1
অপরুপ,1
অনুভূতিই,1
আগরতলার,1
খুঁনতি,1
কড়াই,1
শুয়োররা,1
সিপাত,1
বরবর,1
আকজন,1
হিংসুক,1
ধুকাবাজ,1
ধনীরা,1
পরিপূর্ণভাবে,1
অপরেশ,1
লকারে,1
পাওজায়,1
ফি্রি,1
সা'দত,1
প্রোফাইলটা,1
ওড়ছে,1
থাকিনা,1
বড়আব্বা,1
লবার,1
খেইতে,1
দেড়,1
তারেক,1
তায়ালর,1
দুইজনই,1
১২০০০,1
খোয়াবে,1
জীবনকে,1
কুত্তারলীগ,1
দিনটাই,1
কিপ্টারে,1
চ্যানেলগুলাও,1
বারতেছে,1
লাগোনা,1
বারার,1
মাষ্টার,1
মাদারচুদের,1
কামাচ্ছে,1
গুয়ামেরে,1
পিচনে,1
কাইনডলি,1
আন্ডাররেটেট,1
জিনিশ,1
মহৎকর্ম,1
দেখেননা,1
ছেড়ের,1
চালবাজি,1
চেক্,1
মানুষজনদের,1
বিদেসে,1
পুসি,1
কেড়ে,1
মারধর,1
সুদি,1
মুডটা,1
পাওরুটি,1
পোড়ানো,1
বয়েসে,1
পেরেও,1
ধনিয়াপাতার,1
থানকুনি,1
ঔষধি,1
নজরদারি,1
বাড়ানো,1
কুক্তার,1
পার্সপোর্ট,1
জোবান,1
ভয়েসের,1
হইলেও,1
সুদী,1
ফেলবি,1
খোলাজাই,1
পতারকের,1
আইতায়,1
জেন্ত,1
পুরিয়ে,1
সুরুচির,1
পিএনপি,1
মিথ্যে,1
অভিযোগ…,1
প্রপারলি,1
ডেসক্রাইব,1
নয়তো,1
তরিকা,1
পারচোনাল,1
যুমোনা,1
খাইতি,1
কড়াই,1
লাতী,1
লুকটাই,1
ওরেই,1
দেখসি,1
আইসক্রিমও,1
আগেরটাই,1
চাটগাঁয়,1
গ্র‍্যান্ড,1
মানুষেরই,1
সম্পূর্ণরূপে,1
শুনাচ্ছে,1
ভোটারের,1
কর্মক্ষেত্র,1
কেন্দ্রই,1
অমানুস,1
খাইতেছি,1
থাম্বনেইল,1
ভাবসি,1
হাউ,1
ডাজ,1
হি,1
আর্ন,1
ডিপার্টমেন্টে,1
হইনা,1
ইলেক্ট্রিসিটি,1
চারজ,1
কারিরা,1
ভাবমূর্তি,1
বহুবার,1
বোঝায়,1
চুপা,1
বাশঁ,1
ভাই☺☺,1
কেডানিং,1
বিপন্ন,1
উচুতে,1
রিকয়েস্ট,1
মৈত্রী,1
এক্সপ্রেসে,1
হলদিরামের,1
শনপাপড়ি,1
নওয়াপাড়ায়,1
দইয়ের,1
মেনকোর্সের,1
ফোক,1
প্রি,1
মালামাল,1
ফুনশোলিং,1
চিজরুম,1
দৃশ্যে,1
বাজিমাৎ,1
ম্যানদের,1
একটারে,1
আরেকটারে,1
তোমাই,1
পোহাইছে,1
লকেশনটা,1
হাসব,1
কলাউ,1
মেনশন,1
বিস্মৃত,1
নিশু,1
ক্যামন,1
গোমাংসের,1
প্রসাদ,1
র্্যব,1
মন্তব্যে,1
ক্ষমাপ্রার্থী,1
অশোভন,1
বলছিলো,1
নেক্টট,1
শয়তানে,1
সেপশালী,1
ব্যবসায়িক,1
ঘৃন্য,1
হিন্দুগো,1
মৃত্যুদিও,1
কামলাদের,1
রাখলি,1
মুমিন,1
লিখলা,1
পড়ো,1
পিচ্ছি,1
বলদা,1
কামও,1
বলদার,1
চোদেরদের,1
কেয়ই,1
কিনবেনা,1
কবের,1
হেলেদুলে,1
লাগাইসে.,1
চায়.,1
পিছনেও,1
চিড়িয়াখানায়,1
•••••••,1
ক্যামিস্ট্রির,1
আচার্য,1
সমগ্র,1
দেশব্যাপী,1
একতু,1
চারজন,1
অটোতে,1
চিত্রলেখা,1
কচকচে,1
বিয়েবাড়ির,1
বণনা,1
রাবার,1
প্রেসিডেন্ট.,1
পাম,1
নার,1
নাইছ,1
মিস্ট্রি,1
থ্রিলার,1
রহস্যটা,1
গ্লাবস,1
তক্তা,1
এগুলাদের,1
মালি,1
জীভে,1
কল্লোল,1
বিশৃঙ্খলা,1
সেগুলোকে,1
লোকালয়,1
ক্যমেরাটার,1
বেজাল,1
লাগবে.,1
পুড়াইতেসে.,1
ঝলা,1
ফুসু,1
পাছার,1
দিবসের,1
চামড়াসহ,1
ভাবধারা,1
কাহিনীর,1
দুইহাত,1
মিলায়া,1
খায়লে,1
‌দে‌খেই,1
ক‌মেন্ট,1
বেহুদা,1
ভিডিওটাকে,1
যেটাকে,1
কমলার,1
রঙের,1
এবড়োখেবড়ো,1
রান্নাতে,1
ফ্রেস,1
জামির,1
মৃধার,1
বনেই,1
চুদানির,1
কিলিয়ার,1
সৌন্দর্যময়,1
সৌভাগ্যবান,1
পেয়াজু,1
ষোলকোটি,1
যন্নো,1
পাবা,1
ময়দানে,1
এতবড়ো,1
ধার্য,1
দরাই,1
জন্তরনা,1
তেরী,1
পাকিং,1
চাওয়াল,1
শচীনদার,1
শচীনদা,1
কিউসেক,1
পরাধীনতার,1
রুমাল,1
সাগরসম,1
লাভড,1
100কে,1
শাহরিয়ার,1
কবিরের,1
ফিলোসফির,1
ফ্যাশন,1
জানাচ্ছো,1
আসেনাই,1
জাইগাতে,1
ফোরজি,1
মেধাবীর,1
বৈঠক,1
জিনিসরে,1
ভোদারপোলা,1
এমাউন্ট,1
গিলাইয়া,1
টুং,1
টাং,1
বারুইপুর,1
আসমা,1
গসভুনা,1
তন্দূরি,1
শুভরাত্রি,1
অপশান,1
পট্টি,1
ভিডিঅ,1
মেশিনটা,1
ঠেকাইয়া,1
ক্যাপসুলটা,1
অনুরুদ্ধ,1
খানকিরপোলা,1
কুত্তারবাচ্ছারা,1
পতরনা,1
লজ্যার,1
সংবাদিকের,1
হুঁশ,1
তেলবাজি,1
*জঙ্গি,1
দেখাইয়্যা,1
বেশি.বাপ,1
স্কুলেই,1
বাধ্যতামূলক,1
সুম্মা,1
নটিরপোলা,1
বিয়ার,1
অ্যালকোহলিক,1
সাইট্রাস,1
অধোপতন,1
ভুয়া,1
লাক্ষো,1
টোই,1
কুনটা,1
ফেঁসে,1
আসছিলো.,1
১০০টাকা,1
১২০টাকা,1
6দিন,1
অাসা,1
সিদা,1
চুদাচুদি,1
বানানোও,1
ধান্দাবাজী,1
পুটকিদা,1
পোকা,1
একসঙ্গে,1
তা্রিয়ে,1
অপরাদি,1
ধ্যানবাদ,1
হাফকে,1
কটার,1
কোথায়ে,1
পেচাল,1
পাইরা,1
জামায়াতের,1
ফাসান,1
সর্ষের,1
বিতরন,1
প্যাকেজিং,1
খোছানো,1
প্রজেক্টর,1
ঢুকায়,1
কেথায়,1
বেক্তিগত,1
ট্যুরটা,1
ভুক,1
তিনে,1
চুদিয়ে,1
চোদনা,1
আবারের,1
আচারের,1
পথচারীদের,1
মৃধা,1
কোরছেন,1
লাগেনারে,1
বোলছি,1
রোসিক,1
সুন্দরীই,1
টেলেন্ট,1
টেলেন্টদের,1
পুলিশগুলাই,1
আশ্রয়,1
প্রশ্রয়,1
নৌয়াখাইল্লা,1
ইয়ে,1
শেখাবেন,1
আধটু,1
আহারের,1
ভলিউম,1
ট্রেডিশনে,1
অদ্ভূত,1
পাইতাছেন,1
দেখেছিস,1
পুতিটা,1
ক্যাসেনিও,1
কম্পানির,1
স্যান্ডউইচ,1
ইউনাইটেডের,1
ব্যাবোহার,1
বেবহৃত,1
পাইখানা,1
আর্তনাদ,1
পওয়ার,1
বোবাকান্না,1
তাগ,1
চেরি,1
গার্জিয়ানের,1
গ্রেপ,1
জিহবে,1
দানা,1
বেধেছে,1
আবেশ,1
এরমধ্যে,1
ক্রিটিকসগণ,1
আকাশী,1
লুকায়া,1
3টায়,1
বেচারি,1
হরহামেশাই,1
পক্ষাঘাত,1
অমুক,1
দোয়ারইলো,1
নিরামিষের,1
অন্ধকারাচ্ছন্ন,1
ক্রিশ্চান,1
চীনা,1
মুসলিমে,1
দেখাইছিল,1
ফিরেও,1
তাকাইনা,1
কোনদেশে,1
হাসচ্ছেন,1
ভিডীওই,1
মাল্টীপল,1
খাতি,1
সোনায়,1
বালে,1
মহা‌দেশ,1
জামাকাপড়,1
অা‌ফ্রিকার,1
বই‌য়ে,1
প‌ড়ে‌ছি,1
বাংলা‌দেশ,1
মিছে,1
230,1
স্বাচ্ছন্দ্যে,1
কুশলে,1
গ্রুপে,1
বিশ্বাসের,1
শিখাবেন,1
ফেমিলিকে,1
বাঁচান,1
এতোটুকু,1
ঐটায়,1
প্লেয়ারদের,1
পিছপা,1
পিংকি,1
Таиланд,1
скорее,1
Бангладеш,1
И,1
спасибо,1
посмотрели,1
его,1
из,1
России,1
রাখেনাই,1
ভণিতা,1
বাদদে,1
হবিনা,1
আক্বীদা,1
ছিকিম,1
দেখেনা,1
সৌরব,1
গাঙ্গলি,1
কুব,1
কৃতঙ্গতা,1
ইদ,1
ইদে,1
বাদ্দ,1
ল্লা,1
ফাটারি,1
ভুমি,1
কমপন,1
মোসলমান,1
বাবরের,1
(বসুন্ধরা),1
শিখানো,1
তাওহীদ,1
উপরোল্লিখিত,1
বিষয়গুলিতে,1
নিপতিত,1
ঈমাণহারা,1
মুরতাদ,1
ফেলসেন,1
মামুরা,1
মানুষেদের,1
সুষে,1
বেড়া,1
ম্যাসেঞ্জারে,1
জেনেছিল,1
যন্ত্রনাই,1
নুসরাতের,1
তনুর,1
বিশ্বজিৎ,1
গুদে,1
কিনব,1
পোলোগরে,1
আদর্শে,1
খানইতে,1
কর্তাকে,1
ধীক্কার,1
বানালেই,1
হবোনা,1
পোলারাই,1
চোহারা,1
কোতাও,1
জালে,1
ভূমিরে৷,1
জনসংখ্যাবৃদ্ধির,1
সাবস্কাইবার,1
গতকালকে,1
সন্ধ্যায়ও,1
ইগনর,1
াক্টোবরে,1
ওরাও,1
রাইতা,1
বোরহানীর,1
মেুন্যতে,1
তীরে,1
ঠিকানারে,1
জালালের,1
আরশাফুলের,1
অন্ধরা,1
আফসুস,1
আঃ,1
সীম,1
সাস্থ্য,1
তোখন,1
ফেক,1
মটি,1
জ্বালিয়ে,1
নিক্ষেপ,1
শনিরআখরায়,1
ব্রুস,1
ইস্টিট,1
ফেবারেট,1
প্রতিভাবানদের,1
বক্তব্যে,1
বিনয়ী,1
করাতেন,1
ঘুরবেন,1
রিপ্লাইয়ের,1
মারি✅,1
01869266231,1
বগুড়া,1
দইয়ের,1
অংশে,1
বিনিত,1
পাইবা,1
হাদিস,1
চুল্লা,1
ওইখানকার,1
লেজটা,1
পূর্নতা,1
ফন্ট,1
আসহায়,1
লাগতো.,1
উখিয়া,1
আমান্ত্রন,1
কোলাকুলি,1
প্রায়ইইই,1
জুহটা,1
বোমঝাল,1
সাইদ,1
সাবেন,1
প্যান্থার,1
ডোটেড,1
ভয়েস্,1
ইচ্ছাটি,1
লিখেছিলাম,1
প্রতিউত্তর,1
সাহিত্য,1
হ‌য়ে‌ছে,1
এখা‌নে,1
পান্থপথ,1
স্কয়ার,1
ডানে,1
দোতলায়,1
রেস্টুরেন্টটি,1
ফেজবুক,1
পেজের,1
সামির,1
একজনো,1
মাদারীপুর,1
৫ওয়াক্ত,1
সাম্প্রদায়িকতা,1
পেলেই,1
হিংস,1
জম্মোদিচ্ছে,1
অভইদ্ধ,1
বদার,1
জংগল,1
বাদাড়েও,1
খিদমত,1
ক্যামেরাম্যানরে,1
প্রতারকদের,1
দিশে,1
চরিত্রেরও,1
প্লাজা,1
পিলারের,1
সাস্টেইনেবল,1
নিরলজ্জতা,1
বেহায়াপনা,1
দাড়াতে,1
পুলিশদিয়ে,1
ভোটচুরি,1
মিথ্যাবাদী,1
ঘুমখুন,1
নিধন,1
করিতেছে,1
দলবাজ,1
খুনিেদের,1
গনদৌলাই,1
বাঁচাইতে,1
থাকুনওখানে,1
সুথু,1
চেইনজ,1
যথার্থ,1
আললার,1
অসেস,1
রগমতে,1
বেচেগেলো,1
আলহামদুলিললা,1
কানার,1
হোয়াটসাপ,1
ঘুরা্র,1
ল্টারির,1
আদকেউ,1
এটিও,1
ঘটনায়,1
মাতাতিলে,1
ব্রিফ,1
বাংলাদেশীর,1
দেনতো,1
রইলো.,1
আগুইন্যা,1
বর্তনানে,1
বিপরীতার্থক,1
কবিতা,1
ঝুলন্ত,1
অবলম্বনের,1
পোহাতে,1
দাঁড়াবে,1
প্রত্যাশা,1
জিহ্বায়,1
ধরষনের,1
আশামিকে,1
রানা.,1
পর্বই,1
আরামসে,1
পর্বও,1
নির্মাণের,1
জান্য,1
গরত,1
আমাজনে.,1
কিনিনা,1
দেখিনাই,1
অন্ডকোষ,1
ওয়াই,1
গোবরের,1
গণেশ,1
ল্যাব-রিপোর্ট,1
চেয়ও,1
গোগ্রাসে,1
ভত্তা,1
পাইরেসির,1
টাকেম,1
জিলাপির,1
জংলি,1
জন্তু,1
কিডা,1
৪৮,1
11নাম্বার,1
ফ্যামেলী,1
মাইক্রফোন,1
পূন্যভূমিতে,1
লনডন,1
প্রতিযোগিতার,1
দেইকা,1
3400,1
রাখছিল,1
মুড়ির,1
অনেস্টলি,1
হাংরি,1
আইসের,1
ঝুড়া,1
একগাদা,1
মেয়োতে,1
চুবানো,1
মোচড়,1
উঠেছিলো,1
ছিটাবেন,1
কিইনটু,1
আামিই,1
ঝালমুড়িতে,1
বাচ্চারও,1
আঠার,1
ভাবুন,1
খাইলি,1
ওবাইদুল্লারে,1
সিজেনে,1
খুরদের,1
পার্লারে,1
উল্টিয়ে,1
প্রানের,1
ক্যাম্পাসের,1
ফোর্থ,1
সিজনের,1
উত্তরায়,1
তাকায়,1
রাখিস,1
দিনমজুরের,1
কিডনী,1
চাই.গরীবদের,1
ন্যায়পরায়ন,1
অন্ততঃ,1
নবমী,1
ফোটা,1
আদিখিল্লাহ,1
এসপ্লানেড,1
ফিঙ্গার,1
ভেজিটেবল,1
কোর্মা,1
ফ্রায়েড,1
অসাধরন,1
প্রসারের,1
তরুন,1
কুত্তাদিয়ে,1
মাতি,1
অপেনে,1
গোষ্টী,1
ছলনা,1
কাইলেন,1
মাখন,1
9ম,1
ডিসকাশন,1
গুরুত্ত,1
অপরসীম,1
দুগ্ধ,1
দাত্রী,1
রহিঙ্গা,1
আপন‌ে,1
ম‌‌েস‌েজের,1
দ‌‌েন,1
ঠ‌‌িকাছে,1
ফেরেস্তার,1
থামতেন,1
প্রশংসানিয়,1
পুলিশও,1
আর্টিজান,1
সোহেল,1
চিনবে,1
01869,1
431174,1
উপস্থাপনায়,1
বনর্না,1
সৌরাভদার,1
ঝাঝালো,1
না্ম্বারটা,1
তদ‌ের,1
জোমবে,1
বুদার,1
অ্যাপোলো,1
এক্সকারশানে,1
মিউজিয়াম,1
বটানিকাল,1
ঢাকাতেও,1
নীলফামারিতে,1
দেখোক,1
প্রসার,1
করুক☺☺,1
ছত্রলীগ,1
লাঠিয়াল,1
ইপশা,1
ফাশক্র,1
আয়িন,1
ঠকবাজ,1
দেসে,1
তইরি,1
করচ্ছে,1
তারি,1
ঘুস্টি,1
রাজধানীর,1
ফকিরাপুলের,1
ইমাম,1
হ্যাকার,1
এসপি,1
ডিসিদের,1
বাণিজ্যের,1
গ্লাবসটা,1
ঘাড়ের,1
ঘুরেফিরে,1
সাবক্রাইব,1
অাহ্,1
হবাৱ,1
সারাটি,1
জলকে,1
চেনেন,1
করতেছিলাম,1
তুলসি,1
ডুবাইয়ে,1
খেজুর,1
বাগানে,1
প্লাসের,1
প্রোডাক্শন,1
টেলিফ্লিমপেটুক,1
সাউন্ডের,1
ছুটিতে,1
স্ক্রিনের,1
পীড়াপীড়িতে,1
বেড়িয়ে,1
অাসলাম,1
যাচ্ছতাই,1
পরিবেশনকরে,1
গাজীপুরের,1
কেপ,1
ফ্রেজবুক,1
থালিতে,1
ব্রিলিয়েন্ট,1
সেটি,1
একেবারি,1
যুক্তিক,1
স্বাদুই,1
লেগেছিলো,1
ব্যবধান,1
সুতি,1
একজনেরটা,1
খাছ,1
কিপ্টা,1
আত্মাকে,1
শ্লোগান,1
সন্ত্রাসীকে,1
রক্ষার,1
ধ্বনিত,1
বাজের,1
পুরস্কারটা,1
ডাঃ,1
দুদকে,1
জিজ্ঞাসাবাদ,1
ওর্ডার,1
হিউমারের,1
ধুলা,1
গোস্তো,1
এপ্লিকেশনে,1
এরাবাল,1
পুকুরের,1
৩৫০,1
সত্যো,1
সাখি,1
দুরবল,1
চামচিকারাও,1
পড়েছেন,1
হাশের,1
দাবিগুলো,1
অফশন,1
রিয়াক্ট,1
ভিত্তির,1
অর্থনীতি,1
মিশেল,1
বাহাস,1
পরিণতি,1
ছবিও,1
দুজনই,1
একজনকে,1
আনলেন,1
আরেকজনকে,1
ঐতিয্য,1
দেইয়,1
সমপরিমাণ,1
নেত্রীত,1
কোনোভাবে,1
বাস্তভায়ন,1
ঘটনাটাকে,1
নির্দেশে,1
দালালিই,1
এসেগেলো,1
খিদিরপুরে,1
খাবেনই,1
স্পার্ম,1
শুভাকাঙ্ক্ষা,1
ড্রাইভারকে,1
খাওয়ালেন,1
এগজ্যাক্টলি,1
থিং,1
ডিস্ক্রিপশান,1
দেলাম,1
রেলগাড়ি,1
ব‌িচার,1
ফাপড়ও,1
জনোগের,1
শএ,1
খায়রে,1
13000,1
উাদাও,1
যতখানি,1
আটলে,1
পারল্ম,1
মুরুক্কুদের,1
এক্সপেরিমেন্ট,1
আত্তিয়তায়,1
পাচ্চে,1
ফাপড়কে,1
সময়তে,1
মহুরতে,1
বুজিয়ে,1
দূষিকে,1
অনুমানে,1
ভুলও,1
চালার,1
পারকিং,1
অতপর,1
পালায়ন,1
আহোসান,1
মঞ্জিলের,1
অত্যাধুনিক,1
সবাইরে,1
গুসটি,1
অববাহতি,1
এগো,1
প্রকৃতিজাত,1
কমপ্লিট,1
করব‌েন,1
স্পষ্টবক্তা,1
অকপটে,1
ভিডিয়ো,1
খাটতাছে,1
অসি,1
চাঁটগাইয়া,1
রক্স,1
চাকরিচ্যুত,1
কান্নায়,1
বুকটা,1
সবকটি,1
শোনায়,1
স্টিম,1
নিষেধাজ্ঞা,1
পথটা,1
এগারো,1
মোড়েই,1
মিত্তু,1
যথার্থই,1
সেকটরের,1
ময়লার,1
খাল,1
জাওয়ার,1
বামে,1
সুলভ,1
জমার,1
করেননি,1
এইমাত্র,1
মিছ্,1
লঞ্চে,1
সুকুমভিত,1
চোপড়ার,1
নেএালয়,1
পরিবরতে,1
চিএ,1
তুইসালা,1
লোকমাইন্নায়,1
তুইতো,1
জুয়াড়ি,1
রেখেছিস,1
সুই,1
পদবি,1
পুটে,1
খাইতেছে,1
সাতখীরা,1
ফেরিতে,1
হাসপাতালটিকে,1
আসানসোলে,1
সাহিত্যের,1
দিকপাল,1
সাহিত্যিক,1
বলরে,1
মাঠিতে,1
পরিছন্ন,1
নিরকৃষঠো,1
জানোয়া,1
সনদেহো,1
জরমের,1
ছিমছাম,1
প্রিয়াঙ্কা,1
চালান,1
হাইকমিশনে,1
ইনভালিট,1
তাছাড়াও,1
রিভিউটার,1
রিভিউয়ারের,1
হোটেলগুলোতে,1
বক্ষিলারে,1
লুইটা,1
পুইটা,1
গ্রামগঞ্জে,1
পোউছায়না,1
পোস্টটি,1
পড়ার,1
রিকষাভাড়া,1
দলগুলোর,1
বেতেরে,1
এফআয়র,1
ওয়ারেন্টি,1
কষার,1
রেজালার,1
অতো,1
লাভজনক,1
কিরকম,1
খানাটা,1
পরিচালনায়,1
বেইজ্জতি,1
>_<,1
সায়েম,1
চ‍্যাংরাবান্দা,1
আপুটাকে,1
দোই,1
আবিনয়,1
মাদারচুদরাই,1
140টাকায়,1
মাদারচোদো,1
বিদ্র,1
গালাগাল,1
বংশ,1
পৈত্রিক,1
নেকি,1
সুচিত্রা,1
ভালোই☺☺☺☺,1
সেইটার,1
অয়েটার,1
বয়কে,1
বকসিস,1
পোরার,1
কইরে,1
বাবালে,1
নজ্জা,1
নাগে,1
দেখছোনি,1
সপ্নর,1
আগুইন্না,1
চীনে,1
6আরএমবি,1
সালাক,1
কাহিনিটা,1
মাইক্রোসফট,1
প্রচেষ্টায়,1
সারধন,1
পোষ্টগুলো,1
এরও,1
কুদরতের,1
জায়গা.,1
মার্জিত,1
এজেন্সি,1
খোলেন,1
গুয়,1
মাথাটা,1
বারেই,1
সাবাশ,1
ভিডিওরই,1
পু,1
বৃদ্ধির,1
ডেলে,1
গালিদিয়েছি,1
নাস্তাতা,1
নরুভাই,1
বিলিয়ন,1
একতাবদ্ধ,1
ইক্কি,1
স্টেন্ড,1
ভাজার,1
গিয়েছিলেন,1
খাটে,1
রিকোয়েস্ট,1
সেহেরিতে,1
সুলতান্স,1
চিহ্ন,1
দুনীর্তিগ্রস্ত,1
ঔখানে,1
নিমু,1
আফ্রিকার,1
সেহরী,1
অপনাদের,1
ভালোলাগলো,1
সিরিছ,1
পরিপুর্ন,1
মেলামেশা.,1
ইজিলি,1
দুটোই,1
কঠনা,1
অবৈধভাবে,1
জাফ্রন,1
খারা,1
হয়েছে;,1
আজাব,1
বেশীদিন,1
টিকেনা,1
যেতেও,1
খার,1
পারিনাতবুও,1
সেকালের,1
ছবিগুলির,1
নুতন,1
স্মৃতিচারনা,1
শিক্ষর্থী,1
ইউটিউবের,1
এবাউটে,1
পিঠার,1
পিঠাগুলি,1
জানুয়ারীতে,1
আল্লাহ্‌র,1
জানিয়া,1
বাইঞ্চোদি,1
কটা,1
ও-ই,1
রেডিয়াস,1
10টা,1
মধো,1
গারীর,1
ওছি,1
পায়ু,1
সুঘ্রাণ,1
ভিখিরি,1
এসেছিস,1
সোনাগাছির,1
ঘুঁপচি,1
ফোঁড়া,1
‌কেউ,1
পা‌রেন,1
রি‌পোর্ট,1
টি‌ভি,1
বুঝা‌লেন,1
বাংলা‌দে‌শের,1
পাইতিস,1
পারতি,1
দেয়.,1
পদস্থ,1
রকমারী,1
স্পেশালি,1
ডিমটা,1
আঙুলের,1
তিনটি,1
ধরলাম,1
টেকে,1
ব্লুগার,1
ফেরাউন,1
কানাকড়ি,1
আয়য়ুন,1
পুরলি,1
টিকিটটা,1
জাতা,1
ভুলবো,1
ক্যাভেন্টার্স,1
কোরানো,1
ফ্রুটের,1
চাটনি–,1
শোনেনি,1
পড়ছেন,1
নমশিম,1
বিলেতে,1
মিরপুরেই,1
ডুপার,1
অনুষ্ঠিত,1
ভল্গ,1
কৃষ্ণচূড়া,1
গিদর,1
হানকার,1
বানায়া,1
ফেলায়সে,1
হেদার,1
মুরোক্ষ,1
হইসস,1
যাইবনা,1
সেহেরির,1
রমজানের,1
হাইলি,1
গোরব,1
বাড়ে,1
মালিকেই,1
অহেতুক,1
বাঁচবে,1
বডারে,1
অনবদ্দ্য,1
তাজার,1
মরলেই,1
নিঞ্জা,1
ফিঞ্জা,1
বারাইবো,1
শিলিগুরি,1
ফুডে,1
বোঙ্গবন্ধ,1
দিচছে,1
এরেশট,1
বাগান,1
মিন্নির,1
আইনজীবীর,1
ঠেলে,1
হীনমন্যতা,1
মনোভাব,1
কৃষ্ণচূড়া,1
উদ্ধারে,1
লিপ্থ,1
লুচচামি,1
অনতোরংগো,1
জমিয়া,1
ফেলছো,1
12বাজাইছে,1
খেতারা,1
সাউদিয়া,1
সুইটসএর,1
প্যাটার্ন,1
ব্যবস্থাপক,1
ধরতেছিল,1
ব্যাটনটা,1
বেবোস্তা,1
করাহোক,1
সেয়ারের,1
শেখা,1
বিশ্বদরবারে,1
গাইবান্ধায়,1
লাগামছাড়া,1
যেতোটুকু,1
বার্গারটাতে,1
বুড়িমারীই,1
ব্লগারের,1
মহাস্থানগড়,1
পোঁদ,1
মাড়া,1
আললা,1
গাঁড়,1
পাহাড়ে,1
গায়ের,1
তারার,1
হাশিটা,1
বাইনচোদের,1
ডিলেসিয়াস,1
আ্যকটিং,1
কাইন্দা,1
বুজছে,1
অনতিবিলম্বে,1
লাটারী,1
অতিথীপরায়নতা,1
অবশ্যিই,1
কটকটি,1
সাতমাথা,1
আরামবাগ,1
গভারমেন্ট,1
ওয়,1
চাফওয়ান,1
মাসা,1
মারাইছে,1
ছিটার,1
নেশার,1
অবতার,1
শুক্ল,1
দ্বাদশ,1
একেমন,1
ভালোবাসতে,1
বাসতে,1
দিককার,1
শিক্ষত,1
ফিরবো,1
জামায়াতের,1
ভ্লোগার,1
মার.,1
এক্সাটলি,1
আওয়ামীগ,1
চুূদছে,1
চুরিকে,1
গল্পটাকে,1
সাস্তিক,1
ডিফেন্সের,1
মেডিসেন,1
লালমনিরহাট,1
সুনার,1
রুপান্তর,1
ইউটিব,1
বাঙ্গলী,1
খাওইতে,1
ঊল্টো,1
পানসিতে,1
ফ্রিজে,1
মানুষ্,1
কাসিনোর,1
জায়গায়দি,1
বিকৃ,1
কোরিদিতেছে,1
জিন্য,1
উন্নয়নে,1
হারুন,1
পাপীদের,1
হইচো,1
এক্সপিরিয়েন্স,1
কোয়ালিটির,1
দইয়েরে,1
ধালবেন,1
আকবোরিয়া,1
চিনিপাতা,1
ক্যাপটা,1
বেড়েছে,1
বীরকে,1
অা‌মি,1
উচ্ছ,1
কথে,1
খমতায়,1
ঐটাই,1
বিরূদ্বে,1
ফেললো,1
হতাভাগ্য,1
বরন,1
অসাধ্যসাধন,1
কুমড়োফুল,1
পোস্ত,1
*কারা*,1
*কমেন্ট*,1
*লাইক*,1
খিচুড়ির,1
আড়ালের,1
নিষ্পাপ,1
জলযোগের,1
বিরিয়ানিও,1
ব্লগারকে,1
দস্যু,1
কেমারা,1
ক্রফ,1
নাতনি,1
ঘুমটাই,1
হৈছৈ,1
হাসেন,1
মারত্নক,1
রাজিবুল,1
লস্কর,1
বেচরামের,1
দেউরিতে,1
রাজশাহী‌তে,1
থা‌কি,1
সূর্যের,1
সোসাল,1
মাঝরাতে,1
খাও্যার,1
চট্রগ্রামের,1
দিধা,1
অামিও,1
সমাদর,1
পরাশক্তি,1
অপশক্তি,1
কৃতপক্ষকে,1
অনেকবেশি,1
ধান্দাবাঝদের,1
আদুনানা,1
পরী,1
ক্যামেরাম্যানকে,1
রিক্সায়,1
ক্ষালাম্মা,1
গরের,1
তুইও,1
যেমনে,1
বাতি,1
রিপিট,1
লিটু,1
মেয়োনিজের,1
শসায়,1
মরিচে,1
বিবিধ,1
5জনের,1
গেছো,1
বিল্লুটার,1
মান্য,1
জাদা,1
জজ,1
সিচুয়েশন,1
কডাগন্ডা,1
ক্ষনি,1
এসছে,1
মাদারচোদরা,1
আজীবনই,1
বেওয়ারিশ,1
বুইরার,1
হেদায়ত,1
ঠাপাবে,1
ফেসবুকজুড়ে,1
রিভিউটাও,1
কর্মর্কতার,1
আস্থাহীনতায়,1
দায়ীদের,1
শোডাউন,1
ভাবের,1
ন্যাংটা,1
বিন্দুও,1
ঝাকুনি,1
গুষ্ঠি,1
অভিযোগগুলো,1
হিউম্যানিটির,1
আম্মী,1
ছাত্রদেরকে,1
নির্যাতনগুলো,1
মোক্তার,1
ছিড়ে,1
গাধাঁ,1
আত্রাই,1
দেশীয়,1
কাচির,1
দাড়,1
ফুটপাতে,1
মাস্টারসেফ,1
ফজলুকে,1
প্রায়ই,1
ব্যর্থতা,1
মৌলিক,1
চাহিদাই,1
রবে,1
ক্রোশ,1
টেন্ডুলকারের,1
লন্ডনে,1
পিড়া,1
ক্যান্টালোপ,1
আজো,1
দলিয়,1
কাছা,1
কাছি,1
ব‍্যাবসা,1
বসসে,1
দৃশ্যটি,1
আপনরা,1
কাচারী,1
ট্রেইলার,1
;;;,1
গাজিনি,1
ফিলিম,1
গোত্রীয়,1
মেলন,1
কতগুলো,1
জালায়ে,1
মাছও,1
ট্রানজিটও,1
নেমতন্য,1
পয়াবার,1
আয়োযক,1
সমোজীত,1
আয়োযোক,1
দেখাজাক,1
মান্থলি,1
গোলাপি,1
লাগেজ,1
পাপনরে,1
বাসমতির,1
এরথেকে,1
ভাঙ্গির,1
লাগলেই,1
ফকিরে,1
দরগা,1
সাগতম,1
ভঙ্গিমা,1
না.নেপাল,1
মহিলাটাকে,1
চুক্তিতে,1
বাড়ানোই,1
নোয়িং,1
হেরিটেজ,1
প্যাকেটে,1
ফলটা,1
জাভা,1
ঘ্রাণ,1
নেওয়াটা,1
জুয়ার,1
সেভেন,1
অনুকরণ,1
ভাবভঙ্গিতে,1
পৈশাচিক,1
অস্বস্তিদায়ক,1
স্বস্তি,1
ধাপ্পসবাজী,1
কেনাই,1
গাইডে,1
পেন্ট,1
পথটাতে,1
শান্তিতেই,1
তোমি,1
ডাউনের,1
র্গাল,1
ক্রপ,1
সেন্সর,1
করিয়েছি,1
বিরলা,1
আল্লকা,1
আউচ,1
ত্রমন,1
মোহান,1
চালিয়েছে,1
চাকরিসূত্রে,1
ছয়টা,1
কসমেটিকস,1
উঠো,1
চেজ,1
খানকে,1
মালটার,1
মালটা,1
কররুন,1
01919205362,1
অনুযায়ী,1
মাউন্ট,1
আপদ,1
অ্যাক্টিং,1
শোন,1
মুছিস,1
৩০-৩৫বৎসর,1
এবাবেই,1
কুড়াল,1
বিহেভিয়ার,1
এডুকেটেড,1
ম্যানার্ড,1
প্রত্যেকবার,1
এফসিও,1
মক্কার,1
যো,1
আদমি,1
ইনছান,1
করতেসে,1
রেওয়াজ,1
রিক্সাওয়ালা,1
চিরিয়া,1
খেন,1
পুটকির,1
পাশেরর,1
তুলেছেন,1
একাত্মতার,1
(আ),1
আঙ্কেল,1
গাউছিয়াতে,1
তাঁত,1
রংধনু,1
উর্ত্তীর্ণের,1
রুনি,1
কুস্টিয়ান,1
ফ্যামেলি,1
দেক্লেই,1
্‌্‌,1
ওনা‌কে,1
আব্দুর,1
বল‌বেন,1
সেদেশের,1
অাই,1
সুদানরে,1
প্রতিষ্টিত,1
রোম,1
ইতালি,1
জাচ্ছেন,1
সমুদ্রে,1
নৌকার,1
বস্তার,1
হইতেছ,1
দর্জ্জির,1
ব্যানারে,1
অনেকগুলো,1
নূরা,1
সাস্তসম্মত,1
ভূলতা,1
দেখানের,1
ও‌দের,1
রাংনা,1
দুইনার,1
আজে,1
রেঞ্জার,1
বিশ্বব্যাপী,1
রিপ্রেজেন্ট,1
স্নো,1
কপালের,1
সিরিজ৷,1
দাড়াও,1
পৃষ্ঠপোষকতা,1
বডারেই,1
টুরেস্ট,1
পিল্চ,1
রেসট্রিকট্রেট,1
শীতে,1
হাওদের,1
বুছভে,1
ঠিম,1
বেগুনভাজার,1
মুলমন্ত্র,1
পাকস্থলীর,1
পাইছি,1
বিটিভি,1
তাৎপর্য,1
দিচ্ছেনই,1
সথে,1
ঠকানো,1
গোলাই,1
পাংগাস,1
ফি-আমানিল্লাহ,1
রিশোট,1
পুয়ান,1
পাংস,1
চুড়ি,1
কুল্ফি,1
কুষ্টিয়াটার,1
ইচ্ছায়,1
যাখুশি,1
ভিকটিম,1
বিরিয়ানিটা,1
কুড়িগ্রামের,1
রসমলাইও,1
পঞ্চগড়ে,1
কুচবিহারের,1
করণীয়,1
বিশ্বস্ত,1
ইউটিউবাররা,1
বেরাই,1
এখনতু,1
জঙ্গীর,1
গড়,1
এভা‌বেই,1
থা‌কো,1
জনগ‌নের,1
ডায়াবেটিক,1
ভাল্লাগেনি,1
এক্সপ্রেসান,1
গলায়দড়ি,1
কদে,1
কোর্টে,1
একক,1
কৃত্রিম,1
আশপাশে,1
~,1
ক্ষমতায়নে,1
মাসুল,1
………,1
নেপালীদের,1
এলার্ট,1
জারি,1
‌আর,1
‌হতে,1
‌বোনের,1
ডার্জিলিং,1
প্রিল্জ,1
পাবেনাতো,1
হাতানোর,1
পন্থা,1
টিচার,1
ছোট্টবেলা,1
শুনিনি,1
কেজীই,1
টেকনিশিয়ান,1
ঝিনাইদহে,1
মায়রে,1
বিয়া,1
400,1
মান্দারপু,1
অভিযোগকারী,1
ছেলারাই,1
মযলা,1
শ‌ু‌নে‌তো,1
দা‌র্জি‌লিং,1
উপস্থিত,1
কষায়,1
অর্থ্যাত,1
জানানোও,1
9বসর,1
তারমধ্যে,1
ইউরোপে,1
বৃটেনে,1
বাফেলো,1
আমেরিকাতে,1
চিনেনা,1
বিজ্ঞানের,1
তত্ত্ব,1
পাইক্কা,1
সেকারিন,1
ইচছা,1
আম্মাকে,1
হচেছ,1
বুঝছিনা,1
সাচ,1
ডায়বেটিস,1
০৬,1
জাপন,1
অাদি,1
শুক্রাবাদ,1
জেভাই,1
ভিভিয়,1
তাকেতো,1
আরদিলেও,1
এঠো,1
কিশোরগঞ্জ,1
শালারাই,1
রাকথে,1
ডিটেইলসটা,1
খানিকটা,1
ঝাপসা,1
বেচাকেনা,1
বলেবে,1
ইউটিউবটা,1
ব্যবহারও,1
বিদঘুটে,1
খাদকের,1
ধ্যাত,1
শষ্যে,1
✌️✌️,1
সাওয়াডা,1
পিছন‌,1
জয়তে,1
এগুচ্ছে,1
আদ্দন,1
আরেফিন,1
লাস্টের,1
করেছিলি,1
ডিএনএ,1
মুখেই,1
সুনেন,1
ডুকেছে,1
মসলাটা,1
5প্যাকেট,1
পায়খানায়,1
পেশাকেই,1
ক্যারিয়ারের,1
কানো,1
তোরাতো,1
ছিলিনা,1
পরলাম,1
ফাটায়া,1
ফ্লোরিং,1
ক্ষীণ,1
বিচারকগুলোকে,1
শিখনো,1
ভাবেইবিচারকের,1
পযায়ে,1
ইফতেখার,1
ফাহমি,1
গানডু,1
মূখ্য,1
ফাহমিকে,1
বিস্মিত,1
লাইসেন্সধারী,1
টু‍‍র,1
খানারে,1
মনডা,1
গিল্লা,1
লাইতাম,1
মোদীর,1
নোটঃ,1
বুইজ্জা,1
প্যাচাল,1
☹☹,1
রেপার.আস্ত,1
অগ্নিগীরী.,1
লাংটা,1
দাড়করায়ে,1
ডিসিপ্লিন,1
মূর্খরা,1
পদার্থ,1
সংস্পর্শে,1
গোছালো,1
রোস্টের,1
খিচুরীর,1
ড্রাইনেসটাও,1
রাখলাম,1
পূর্নাঙ্গ,1
কালিমপঙ,1
বরাদ্ধ,1
টেলিকাস্ট,1
ততোটুকুই,1
এপিসোডগুলা,1
এনজয়,1
হুদদা,1
ওভারএকটিং,1
জাতটাকে,1
কাংলার,1
গরুচোর,1
মুড়িভতার,1
রেব,1
মানুষটারকে,1
হেপাজতে,1
রাখিয়েন,1
শুকাইতে,1
বড়.,1
পাল্টানো,1
জগ,1
তাপের,1
দেখেছিলেন,1
স্বয়ং,1
নিষ্ঠাবান,1
লাগাচ্ছে,1
প্রিমিয়াম,1
সেগমেন্ট,1
সম্মানী,1
টেনের,1
ছাটাই,1
বহুমুখী,1
তেলতেলে,1
চর্বিযুক্ত,1
রাইসে,1
দলাপাকানো,1
দামনুযায়ী,1
সর্বক্ষণ,1
কোনকোনো,1
হরিণ,1
টিন,1
৮৫৭,1
জামিল,1
ফেলতেছি,1
পরজন্ত,1
ইউজলেস,1
রেশিও,1
অাওতাই,1
নির্দোষকে,1
ফাসানোর,1
সিসিটিভিই,1
সিসিটিভিতে,1
সত্যেও,1
কাঁদছে,1
সিঙাপুর,1
অাত্মীয়দের,1
কুইসিন,1
সেকশনে,1
নোটিস,1
প্রাণিকে,1
উক্তাক্ত,1
ওগুলো,1
এককোটি,1
কষাই,1
ফরিদপুরের,1
বোয়ালমারী,1
উপজেলার,1
সূর্যমূখীর,1
রাজবাড়ীর,1
চাবেন,1
দীপজল,1
চুলায়,1
প্রতিভাহীনরা,1
জনমের,1
বদলা,1
শতকোটি,1
প্রনাম,1
ধারনাটুকু,1
বড়োই,1
মিলানো,1
খেয়াল,1
বিরিয়ানির,1
পার্থক্যটা,1
লাগাইয়া,1
এলি,1
সুযোগটা,1
বান্ধবী,1
নুরুাহম্মক,1
ভেলকিবাজ,1
লোকজনদের,1
মেরিন,1
ড়্রাইবটা,1
রোড়টা,1
কতোইনা,1
মিনিস্টার,1
মন্তব্যকারী,1
কবায়,1
অধীরভাবে,1
আগ্রহে,1
অপেক্ষো,1
শার্টির,1
ওড়না,1
বেয়াদব,1
উম্মম্মম,1
শালারপুত,1
কুসুমটা,1
গড়িয়ে,1
পড়ল,1
বুজব,1
থার,1
রিকশায়,1
যমুনার,1
ধর্মেও,1
পোশাকে,1
জনপ্রিয়তা,1
বিনীত,1
ইংলিশরা,1
যেবাবে,1
মালায়ন,1
ইউটিউবারকে,1
বাহানা',1
'গুণ,1
সাকিবের,1
মাগুরার,1
বাসাটাও,1
ক্ষমতাই,1
ঊল্লেখ,1
ভুলা,1
লাভে,1
চটকান,1
ফুডব্লগার,1
ম্যানারটা,1
বণনাটা,1
থোতে,1
খবারের,1
বিষয়টার,1
অাকষণ,1
ঘড়িতে,1
কইকা,1
বুঝইন,1
মাষ্ট,1
প্লেইট,1
খাটাস,1
হয়সে,1
মাদারফাকাট,1
মোদখোর,1
পাপি,1
চুল্লুকে,1
ক্যাসিনেতোও,1
দিনেই,1
রিয়ালিটি,1
লেকটা,1
সবযায়গায়,1
ৱাক্ষসের,1
পইরাই,1
মৌলবাদী,1
প্রশ্নগুলো,1
মনেহলো,1
হাতরালাম,1
চাচি,1
কাচচি,1
আশবে,1
থকব,1
প্যাজন,1
সরন,1
গরিবেরা,1
নিপিড়ীত,1
সরণ,1
হিসিবে,1
সার্কাস,1
বাজরা,1
অধিবেশনে,1
যুব,1
নেতাকে,1
বলির,1
পাটা,1
নারীরাও,1
গীরী,1
শ্রেনীর,1
লড়বে,1
শিরছেদ,1
ঝাঁপাইয়া,1
রখম,1
আমিকি,1
পারেন্না,1
বামদিকে,1
পিবিআইয়ের,1
মুচলেকা,1
80কিলো,1
তৃতীয়,1
এনড্রস,1
বুঝায়,1
বাগ,1
নরমেল,1
জ্বর,1
মুসালমান,1
যুগিতায়,1
খুযে,1
ক্ষিধে,1
টাইটোনিকের,1
বাচ্য,1
ক্যারেক্টার,1
ক্যাম্পের,1
কয়টি,1
বত্ব,1
ফুডব্লগিং,1
জুশ,1
জীবনও,1
হেতারা,1
সুদীপাতো,1
দোওয়া,1
দিচ্ছিনা,1
সচিবের,1
ট্যুরপ্লান,1
200৳,1
ম্যাগী,1
দর্শকের,1
বাংলাদেশেরে,1
একনম্বর,1
35বৎসর,1
ডিজিটালের,1
নোংরামী,1
টাও.,1
আওয়ামীলীগকে,1
হারাবি,1
ভারতবর্ষজুড়ে,1
মাংসকে,1
পায়খানাটা,1
অশ্চর্যের,1
আসতেছেনা,1
ধৈর্য্যচ্যূতীর,1
12জন,1
ছাগলকে,1
রেলমন্ত্রী,1
মন্ত্রণালয়,1
গতিকে,1
ব্যাহত,1
__অবশ্য,1
চিটাগাংয়ের,1
মেজবানের,1
বিশেষত,1
সিটির,1
দুর্ধর্ষ,1
চিরনবীন,1
যুবকটির,1
পড়িয়ে,1
পাপইন্যে,1
কুশিক্ষিত,1
বদমাইশ,1
টেক্সির,1
ছাড়ছেন,1
বুজলি,1
সিজারের,1
বাওয়ার্চি,1
মেরিডিয়ান,1
রেস্টুরেন্টগুলোও,1
করবেনই,1
এরোমেটিক,1
হেন্ডেল,1
সাবসক্রাইবার,1
জীবনবীমার,1
দায়ী,1
শোচনীয়,1
বিত্তের,1
গুনা,1
ক্ষিধা,1
নিয়াও,1
ভয়ে,1
সোনাই,1
আবরি,1
জাতীকে,1
গ**,1
সহযোগী,1
করতাসেন,1
যেকোনও,1
ওহো,1
ব্যারার,1
সদরের,1
গুলিয়ে,1
খাওয়াতে,1
বেবহারে,1
রাস্তাঘাট,1
নিশ্চয়ই,1
সাংবাদিকদেরকে,1
পৃিথীবির,1
নিকৃিস্ট,1
ক্ল্যাসিক্যাল,1
ইচ্চে,1
এসেগেছে,1
বুট,1
শসা,1
গাজর,1
খো,1
মনুষ্যত্বের,1
অান্তরিক,1
করতাচে,1
অনিক,1
লোগো,1
শন্তানরা,1
সন্তানরা,1
ধন্যনাদ,1
নরলে,1
আরাফ,1
বুলশিট,1
মোটার,1
ব্যবস্থাই,1
নেবেনা,1
উনিও,1
সর্বত্রই,1
পরিচালনাকারী,1
কর‍তে,1
চোশমা,1
ড্র,1
ফলাফলই,1
পেইজেও,1
অনিয়মেই,1
বাটপারিও,1
আসবেও,1
বিউটির,1
ওভাব,1
পুরের,1
বালুরঘাট,1
হিন্দিভাষী,1
রুটির,1
অতটুকু,1
ভদ্রলোকের,1
কোরতেছে,1
গন্জ্ঞ,1
মুসাপুর,1
দরবের,1
বাংলিশ,1
ঘুসখুর,1
শান্তিসৃংখলা,1
নৌশীনে,1
আপনারতো,1
বলসেন,1
কনগ্রাচুলেশন,1
দিনগুলোর,1
শেয়ার্ড,1
গাড়িতে,1
শেরেবাংলা,1
সাস্থি,1
আদোও,1
ভোজনচর্চা,1
লজিকে,1
কন্য,1
দাইকে,1
সমালোচনাই,1
কিংস,1
সকালটা,1
দেকছি,1
নাড়িয়ে,1
খাঁটি,1
পাইলোনা,1
রিবিউ,1
থাম্বনেইল্,1
খাদ‍্যগলিডেকার্স,1
জানালা,1
পাঠবে,1
এক্সিডেন্টের,1
জীবদের,1
কাদেনা,1
হাতিদেরকে,1
ঘিয়ে,1
কলিজি,1
ভূনা,1
সুজি,1
কালিয়া,1
কোফতা,1
পোখত,1
বিফলে,1
হৃদয়ের,1
বললেম,1
মুহাম্মাদ,1
েদের,1
এইরুকম,1
দিগুণ,1
বাড়বো,1
দিটেলে,1
বম,1
বছরেরে,1
রিবিউয়ার,1
অাপনারও,1
খাগড়াছড়ি,1
সন্ধ্যান,1
সবজায়গা,1
বাঃ,1
একেকভাবে,1
কেতা,1
গ্রিলের,1
শর্মার,1
ঢোঁক,1
গেলার,1
লাবাং,1
ফ্রেঞ্চফ্রাই,1
সমুচাও,1
এইসবই,1
বাংকাদেশের,1
নেংটা,1
রোজা.,1
জরিপানার,1
খুলছে,1
নয়নমনি,1
পেরোবেই,1
সাংবাদিকগুলো,1
ভাইয়াজান,1
চাবুক,1
শেষমেশ,1
গুমের,1
সহযোগীতায়,1
করাপশন,1
বামহাতে,1
কেন‌ই,1
ডাক্তারেই,1
ওয়াদা,1
25:05,1
নাড়ানোটা,1
ডর,1
মাদারচোদদের,1
পরিয়ে,1
নিয়েবেড়ানো,1
ঠেকিয়ে,1
টেষ্টি,1
চুই,1
মেঘা,1
ফ্রেন্ছ,1
প্রতিষেধক,1
টিকার,1
নিরোধক,1
টিকা,1
রোষানলে,1
নিশ্চিয়,1
চাপানো,1
বরাবরি,1
মাননা,1
করুুন,1
গেলাসের,1
একদিকে,1
শেখানের,1
দায়িত্ববান,1
ডিসিকে,1
ফাঁসানোর,1
চিন্তাধারা,1
গণপ্রজাতন্ত্রী,1
চাঁপাইনবাবগঞ্জ,1
পুরোষের,1
সরমগো,1
মাও,1
কিষের,1
এইগুলাগ,1
হনুলুলু,1
ইডিয়েটর,1
শুভজিৎ,1
ইংরাজীতে,1
রাক্ষশ,1
উইনসের,1
আসনের,1
একব্যাক্তির,1
জিকে,1
জিকা,1
কন্যা,1
ফরমটা,1
ফকন্নিরা,1
ধাপ্পাবাজি,1
দুরনিতির,1
ইলিস,1
লেখো,1
আইটেমটি,1
নিয়জিত,1
বাইঞ্চুদ,1
কতটুক,1
বিক্রয়,1
নাভারণ,1
শাশা,1
মূল্যটা,1
অাসল,1
চেহেরাটা,1
দুর্গাপুরে,1
পব,1
বগুরা,1
বিখ‍্যাত,1
উত্তরার,1
ভাগ্যকূল,1
জেনেশুনে,1
যৌক্তিক,1
1না,1
পারাটা,1
মুরঙীর,1
ফ‌টোগ্র‌ফি,1
শিখ‌বো,1
দল(এডমিন,1
প্যানেল),1
পুরাতোন,1
উপস্হাপনার,1
*আচ্ছা,1
দমনের,1
কেংারু,1
ওয়াস,1
বিচারকরা,1
মাকেটের,1
নাভারণে,1
স্লিম,1
হলনা,1
পোতারনা,1
আইনগত,1
চুতমারানির,1
পোলাগুলারে,1
পিডাইলো,1
ড্রাইভারই,1
জাহান্নামি,1
রিমায়িনে,1
বঊরে,1
প্রি্য়াঙ্কার,1
দ্রশে,1
আদনানভাই,1
ধোকার,1
চুঁইঝাল,1
ভেজে,1
জানোয়ারকে,1
লেংটা,1
বোলদার,1
শেরপুরের,1
সাউদিয়ার,1
মুখটারে,1
ইয়াক,1
এমনিই,1
পাস্পোর্ট,1
ইনস্ট্যান্ট,1
ঘুরায়া,1
আম্মার,1
চৌড়হাস,1
আরিফের,1
লঙ্কা,1
চিন্তাকে,1
বাংগালীরা,1
দিগে,1
জোরেশোরে,1
টক্কর,1
হইয়াও,1
চু্দ,1
চুয়াডাঙ্গা,1
পিচ্চিটার,1
তুলা,1
টাচ,1
আমকে,1
বেটারী,1
টিপ,1
জতটি,1
পক্কের,1
বার্সিটি,1
গুলাতেই,1
আঙুর,1
টকের,1
ভিভো,1
ফেরদৌসীর,1
সেলিব্রিটি,1
লাচ্ছা,1
ব্রাশফায়ার,1
আাপনাকে,1
দূরেও,1
দূরত্ব,1
রেস্টরন্ট,1
মা-বাবার,1
রাষ্ট,1
জলপাইয়ের,1
লেম,1
আত্মতৃপ্তি,1
কাঁচির,1
ধারই,1
জাগানিয়া,1
পুর,1
মূত্র,1
হয়েছিস,1
জানারই,1
মায়ালাগতাছে,1
আহাগো,1
মহাবিশ্বের,1
ভনিতা,1
বানানা,1
সম্পর্কেই,1
তাতেই,1
পিঁপড়ে,1
সিংহে,1
করণে,1
সম্পকে,1
কমকতাদের,1
নুরজাহান,1
আসিফ,1
খেলাও,1
নড়াচড়া,1
রেসিপিতে,1
অপরাধিদের,1
ফাসির,1
এিশ,1
এভয়ড,1
তুললাম,1
রুইলুই,1
পেরাওনের,1
এপ্লিকেশনের,1
সর্বশ্রেষ্ঠ,1
কবরখানা,1
হেরিটেচের,1
রাঘব,1
বোয়াল,1
প্রকল্প,1
ইন্সপায়ারিং,1
শাবাস,1
দিয়ো,1
উদিচির,1
ফ্রাইগুলো,1
আয়নালের,1
শাসনামলে,1
কলাংক,1
হোটেলএর,1
যাত্রি,1
থামিয়ে,1
কেদে,1
আমায়,1
কাদায়,1
ইউনিভার্সিটিগুলো,1
নোটিশ,1
টাঙ্গাতে,1
ছেচ্রা,1
বাচাইয়া,1
কানেক্টেড,1
দেখাইলিরে,1
আমারকি,1
হয়েছে.,1
বাটপারদের,1
আকর্ষণীয়,1
স্বর্গ,1
এরম,1
ক্ষমতাসীন,1
বিশ্বাবিদ্যালয়,1
অস্হির,1
অভিযানের,1
ভলো,1
1বার,1
জগাখিচুড়ির,1
বেনচ,1
বাচাবে,1
সারোয়ার,1
ঝোলামাল,1
ডিসিশনও,1
জারজটারে,1
পু*কি,1
রিপটিং,1
এভানেই,1
বলেছ,1
অনর,1
অনিয়মে,1
লটারিওয়ালাদের,1
লটারিগুলো,1
ডায়বেটিস,1
ভ্রমণমূলক,1
জায়গাটি,1
অরগানাইজ,1
ভবিৎসতে,1
পেলুম,1
জল্পনা,1
শতবার,1
কুস্তি,1
জনবল,1
কৃর্তপক্ষের,1
মগা,1
কাঠে,1
কেরালা,1
চেন্নাইয়ের,1
মালয়েশিয়াতে,1
কেরালার,1
আগানো,1
কখনওই,1
দেইখো,1
পারিলে,1
পার্শ্বে,1
আ‌বেদন,1
অনলি,1
ডিসট্যান্ট,1
রেলপথে,1
ভিক্ষার,1
অরুন,1
কচুরী,1
সহ‌যোগীতা,1
কর‌ছি,1
ক্রে‌ডিট,1
কা‌র্ডের,1
এন‌ডোর্স‌মেন্ট,1
আ‌ছে,1
ই‌ন্ডিয়ান,1
শিলিগুড়িতে,1
ভিডিওগুলোতে,1
সিবির,1
বিএন,1
টাক্কু,1
৫০০০০,1
10000,1
পায়েআ,1
মূর্খতার,1
পদ্মাসেতুর,1
সকতি,1
উপস্থাপনতো,1
ইউক্যাস,1
ভালও,1
ইসব,1
থাকী,1
নামেও,1
আইক্কা,1
ঢুকাই,1
সুদনের,1
মধ্যপ্রাচ্যের,1
কথাগুলা,1
লিফটে,1
জানাবা,1
চিটারের,1
শাদুবাত,1
হিজলা,1
আমতোন,1
চাঁদাবাজির,1
গমর,1
আওমীলিগ,1
টু‌রিস্ট,1
ক‌রি,1
চিলাম,1
আসিফের,1
বনশ্রীর,1
রাফির,1
করিতে,1
গায়েবি,1
মাডার,1
খালাত,1
তাহলেত,1
খেতই,1
লেগেছ,1
পার্টনার,1
ডাইলগ,1
প্রাঞ্জল,1
*এ,1
ডানলার,1
আমা‌কে,1
পুরানা,1
নয়া,1
কাউকাউয়ানি,1
বাহার,1
ইংরেজরে,1
শোনান,1
ফুটানির,1
কাপলকে,1
বোশ,1
ফিরছি,1
ভুখা,1
সাঁটাতে,1
শুঁটকি,1
পুষিয়ে,1
মালিকানা,1
আরেব্বাহ,1
সামনেও,1
পাস‌পোর্ট,1
এন‌ডোর্স,1
স্টেট‌মেন্ট,1
দি‌তে,1
অফার,1
নরমালই,1
এপোলোতে,1
তন্দন্ত,1
সুুধু,1
বিরধী,1
বৌউ,1
বর্ষ,1
পাঁ,1
মড়েল,1
তেমুন,1
দূর্নীতিতে,1
ফালিয়ে,1
সহীহ্,1
ছালামত,1
রাখে…অামিন,1
প্রথমের,1
কোরিয়ার,1
সার্বিছ,1
টাইগারের,1
বাকীগুলো,1
হাদিসের,1
নেষেধ,1
ফ্রেশনেস,1
গাত,1
স্বল্পভাষী,1
এিপুরায়,1
খাওয়াসসে,1
আবাল-ই,1
"প্রমাণ""",1
চেগাইয়া,1
এ্যাংকর,1
হদুল,1
গেঞ্জির,1
ফেইস,1
বাইরাল,1
ঢাকনা,1
বুঝাইলে,1
৩কোটি,1
জাউরা,1
এআর,1
এরপরই,1
সেরেছে,1
জেটা,1
অইটা,1
সেইটাইতো,1
আনহেলথি,1
চাপাইনবয়াবগঞ্জ,1
আসিয়েন,1
উজ্জীবিত,1
সুখস্মৃতিতে,1
অবগাহন,1
আন্তরিকতার,1
পুনম,1
তানজিলা,1
বিছারের,1
পানসে,1
উপচ্থাপনা,1
রেস্টূরেন্টে,1
দ্বিতীয়ত,1
বোনরেও,1
মেয়েটাকেউ,1
কুঞ্চি,1
পেটাকরে,1
ডুকাইতে,1
বাঙ্গালীরাও,1
পেয়েছেন,1
আপনাকেতো,1
পিলার,1
দেখলামনা,1
ব্যারিস্টার,1
নালিশ,1
এরকমের,1
গোবেট,1
ঢুকালেও,1
গাহক,1
কিপটে,1
পাচায়,1
সালিদের,1
পদ্যা,1
সুজগ,1
এিপুরার,1
সাস্থ্যসম্মত,1
মোবালই,1
পড়,1
শরিক,1
নামিদামী,1
রেস্তোরাতে,1
বেড়াচ্ছে,1
বান্দরবন,1
হোক্,1
সমবয়সী,1
গুরুত্বভাবে,1
শারমিন,1
এলাকায়ও,1
লেটুস,1
পুদিনা,1
বোবার,1
কামল,1
মোহাম্মাদপুর,1
ইন্দোনেশিয়া,1
টিকিতের,1
হুনলে,1
গযব,1
পারভেজ,1
লাগলো.,1
বারাসাতের,1
মৌচাকে,1
ক্যান্টনমেন্টের,1
তাদেকে,1
কাদেরকে,1
থাকছেই,1
গাদ্দারি,1
হোঘা,1
কয়রা,1
খাওয়া~দাওয়া,1
আসতেই,1
সামথিং,1
চোদরে,1
বেরকরেদে,1
অসভ্যর,1
এইগুলোর,1
মানবিকতা,1
জাহিদুর,1
রাক্ষুসির,1
খাবারতো,1
ইশারায়,1
চল,1
আরার,1
অবজেক্শন,1
ম্যাডামকে,1
তাবাকে,1
জগন্নাথ,1
শব্দেইতো,1
বাংলাদেস,1
পাগরছাগলের,1
কমখরচে,1
আলুভর্তা,1
আসলটার,1
ভাইই,1
ঘুমাইয়া,1
পাঠই,1
চুয়ে,1
পুয়া,1
বানাইসনি,1
বারিয়ে,1
কোয়ালেটি,1
পরিবরের,1
অনক,1
বুঝস,1
বাবাজান,1
চেনো,1
উঠতেও,1
বাজাচ্ছে,1
চোরেরা,1
শাউয়ার,1
চোদনাগো,1
বাঞ্চুত,1
হাসার,1
নবজাতক,1
যবক,1
যুবতীরা,1
জাউরাটাকে,1
পাবলিকও,1
নডিপুএ,1
চলতো,1
যম,1
নরমের,1
শক্তের,1
এস্টেট,1
কুমিরগুলা,1
রাখাই,1
কর্মর্কতাদের,1
বিরুদ্দে,1
পাকাইছেন,1
কিউরোসিটি,1
রীতিমতো,1
দুইটাইতে,1
শুকোবেনই,1
বুড়ার,1
পায়তারা,1
কোম্পানীর,1
রাখবা,1
গোড়ার,1
ঢালা,1
আগস্ট,1
বিভিন্না,1
বন্যায়কবলিত,1
বউদি,1
দুজনকে,1
বসরের,1
প্রতিতালয়,1
ঘটবেই,1
দেখামাএ,1
দিছেএদের,1
খাদে,1
বাটবারি,1
পোখারাও,1
রাস্তাটা,1
সঙ্গী,1
সবখানের,1
পাল্টা,1
ছোট,1
মোটামুটি,1
বোম্বাই,1
প্রস্তত,1
ছারবো,1
না.,1
জায়গাতো,1
জায়গাগুলাতে,1
অগ্রজ,1
বারবল,1
ঘষে,1
ঘরানার,1
আগামি,1
যেগুলি,1
চেখেছেন,1
সেগুলিরই,1
কাংগালের,1
চিত্কার,1
ভণ্ড,1
বাকশালের,1
মূহুর্ত,1
দিশেহারা,1
হইবই,1
লুচচারা,1
বাঞ্চত,1
সেহরিরর,1
প্রশংসনিয়,1
ব্যাকগ্রাউন্ডের,1
ভাঁড়ার,1
বাটপাড়ি,1
হাতই,1
জিবিকা,1
তাইলেই,1
রহমাতে,1
অবাশ্যই,1
লুচচামিই,1
সবলের,1
আবুধাবিতে,1
কুঠি,1
পায়ছে,1
বদের,1
বিধায়ই,1
6টা,1
7নং,1
বাংালদেশের,1
কাউরে,1
পরুয়া,1
নানু,1
দেবনিয়ারেও,1
ভার্সেটাইল,1
নাগের,1
বেরাতে,1
বনদি,1
মরবেনা,1
অাসে,1
শুটকির,1
নারীত্বেআমরা,1
যানানো,1
মনুষত্ব,1
কেসোনের,1
মহানগর,1
ঝাঁঝ,1
মতোন,1
নিমিষেই,1
অহররহ,1
ঘানি,1
টানছে,1
এবিষয়ে,1
পিপল,1
পদ্দার,1
মাওয়ার,1
গাইবান্ধার,1
রসমঞ্জুরির,1
যাচ্ছিলাম,1
হিসেবেও,1
সবে,1
পুরণ,1
জরিমনা,1
ফাটাইয়া,1
ডুবাইয়া,1
বুলেটের,1
খাইয়ায়,1
স্নোফল,1
জুরাবো,1
কুনজর,1
অচিরেই,1
কচুক্ষেতে,1
মজিদ,1
লাগছেনা,1
খুউব,1
বোমাভাজি,1
গ্রেনেডের,1
বারুদের,1
কব্জী,1
হালুয়া,1
মেশিনগানের,1
সরমা,1
দোসার,1
লঞ্চার,1
নিউক্লিয়ার,1
বাদেই,1
খাওয়াচ্ছে,1
খা্চছে,1
ভাড়াতে,1
পরল,1
অাপনের,1
যায়না,1
ইবাদতে,1
ভীড়,1
প্রেমালাপ,1
দোলনা,1
দোল,1
এগুলাকে,1
বাততি,1
লিবায়া,1
ভরো,1
চেলো,1
বাকসের,1
সময়েও,1
ইউনিভার্সিটির,1
জমায়,1
পিটামু,1
বছরেই,1
বিদ্যনন্দ,1
প্রতিষ্টাতা,1
স্টাফ,1
ভলেনটিনারদেরও,1
গাউসুল,1
কুদরতদারা,1
চিটিংদেরকে,1
মিয়াকে,1
মানুষদেরকে,1
জজদের,1
ইয়ানতাই,1
ইতিহাস.,1
অংশীদার,1
বন্ধে,1
জিনিসপত্রের,1
কুত্তলীগ,1
রজ্ঞন,1
সব্বার,1
চাই‼️,1
মনিরোল,1
বললেনা,1
বুয়েটেই,1
গুলোতেই,1
খুলেনা,1
পরিনতির,1
কিউরেসেটি,1
আছে.,1
রেকোমেন্ড,1
আমারোও,1
ন্যাকামি,1
দিব্যি,1
ব্রাঞ্চে,1
শিঙারা,1
মজাকে,1
কুত্তগুলোকে,1
পিটানোর,1
চ্যাটের,1
দেখাস,1
পরিবেশনটাও,1
চেডেদিবেন,1
মহারাজায়,1
খুটিয়ে,1
ইফতারির,1
01711,1
189922,1
এইরূপ,1
অক্ষুণ্ন,1
‌যেতে,1
বাঁধা,1
‌টাকার,1
শালি,1
দ্বিধাবোধ,1
চরিত্র॥,1
অতিব,1
ঘুরতেছিলো,1
তিনিত,1
প্রতিবাদি,1
নেক্সটাইম,1
ডাকি,1
​,1
ঝর্না,1
হুহুতান,1
নিতেও,1
বাড়াবাড়ি,1
পতনের,1
ছাইতেছে,1
কোরবো,1
ফলোয়ার,1
গাব,1
ইডিয়েট,1
হেভ,1
কাচ্চিটা,1
দুচোখে,1
হুহু,1
মাবূদ,1
জিনজিরা,1
বাসরোডে,1
এতবেশি,1
লাগবেনা,1
দান্ধাবাজি,1
ট্রেডমার্ক,1
মেহমানদারি,1
নকি,1
ঠিকাছে,1
ফালাচ্ছেন,1
সাহিদ,1
তাকায়নি,1
ম্যাজিক,1
ঘোষ,1
খুর,1
কেনো,1
দোকানেরটাও,1
১৪কেজি,1
করিছ,1
এই‌,1
ছাইলে,1
জাবেনা,1
আসাধারন,1
খিচুড়িটা,1
459],1
সামলাইতে,1
কাজও,1
ঘুরাও,1
পরতে,1
নিজস্বতা,1
ব্যাক্তিবিশেষে,1
ছোটখাট,1
ঘামানোই,1
পুরমানিত,1
কবুতরের,1
চাকরীর,1
[আবূ,1
সসিটাই,1
মোখ,1
চিনোস,1
এহসান,1
চমকাই,1
…পরে,1
ট্যুরেতো,1
মাদাচুদের,1
বিক্র,1
করেচ,1
সামবাদিক,1
দাঊদ,1
পৃথক,1
শেষবার,1
পতিতারা,1
ভাবার,1
করতেছো,1
স্লুগান,1
ঝরছে,1
প্রাইচটা,1
ওয়েটার,1
কমেডিয়ান,1
মামলেট,1
কারিতে,1
গুলাখেয়ে,1
বলেখেয়ে,1
মিটানোর,1
বিছানা,1
যৌবনের,1
মিটাইতে,1
অাহবান,1
জানায়নি,1
কাজগুলোতে,1
মধ‍্যে,1
ব্রাহ্মণ,1
ওষুধের,1
নিরীক্ষার,1
কনিকেরস,1
প্রহার,1
সহোজ,1
গুরিগ,1
নাছি,1
গলদ,1
রুমেও,1
ময়মনসিংহের,1
দায়িত্বটা,1
গুনটা,1
মনেকরি,1
হাসানো,1
গোমরা,1
অদ্ভুদ,1
প্রাণির,1
বি.বাড়িয়া,1
৩দিন,1
শূয়রের,1
মারলেন,1
দুইশো,1
৪৯,1
যুদ্ধে,1
৩৮৩,1
বাহাদুরি,1
পোষ্টে,1
প্রশাসনে,1
যাদেরকে,1
বনশ্রির,1
প্রেজেন্টেটর,1
ছিলও,1
দ্বিগুণ,1
যাবিরে,1
উদ্বিগ্ন,1
মুরুখ,1
ভালোবাস,1
নুডুস,1
আনছিলাম,1
আবসতা,1
মাম,1
চারবার,1
পানিও,1
দোরের,1
আরাল,1
দলমত,1
আপরাধ,1
টিকবে,1
পেস্তার,1
আছেরে,1
একটানেই,1
এনেছিল,1
হইছিলাম,1
সয়ং,1
সুবীর,1
যন্ত্নে,1
বাচ্চান,1
টুকো,1
বোজাইতে,1
মেধার,1
হেডাভরা,1
মাখনের,1
বেঁধে,1
জার্মান,1
যাইতেছিল,1
আটকাইয়া,1
বারগারের,1
বেওয়াজাতি,1
আগিয়ে,1
মূল্যের,1
সত্যতা,1
☝,1
ন্যায়বিচার,1
চেয়েছিল,1
মুজিবুর,1
গুলোকে,1
হইতেছিল,1
ফটোগ্রাফার,1
আশরাফুলকেই,1
উৎসবে,1
মেতে,1
ফোরকাস্ট,1
পিটান,1
ডিপাড়্রট,1
মেন্ট,1
বেজ্জমা,1
গুটি,1
বেজ্জমার,1
বাংগালীকে,1
নাকটা,1
ডিগ্রিতে,1
শেপার্ড,1
ভাবায়,1
নানাকে,1
বুহুদিনের,1
পেটানো,1
ভট্টাচার্য,1
দুর্বার,1
বীষ,1
কেচু,1
অবোইদো,1
মনএিচ,1
তায়ালার,1
তথ্যচিএ,1
বলিশ,1
পাদেন,1
এক্টিং,1
কাহিল,1
বাবারে,1
স্টমাক,1
আপসেট,1
আজাবের,1
মোত,1
সাসক্রাইব,1
যথেস্ট,1
ভাঁগাড়,1
আসেননি,1
লাগে❤❤❤,1
মূলমন্ত্র,1
এক্সপেন্সিভ,1
ক্রেতাগনের,1
হেদ,1
এনআর,1
কয়টায়,1
স্বেরাচারী,1
101,1
দেরী,1
হয়েছিলাম,1
কাফফারা,1
রোজাদারদের,1
ওল্ড,1
লাগাবো,1
পিজ্,1
ডিএ,1
কুইজিন,1
টাউ,1
শোনায়,1
এতইইইই,1
গবেষনার,1
শেষই,1
দিতাছে,1
খুভি,1
ভেজালকারীদের,1
অবেলা,1
আজেবাজে,1
কিছুরি,1
শনি,1
চাপায়,1
টাকাটাও,1
খেয়েছিল,1
সুললিত,1
কণ্ঠে,1
মোহিত,1
ফেলেছো,1
শলারা,1
চাইতো,1
বাঁচিয়েছে,1
শির্ক,1
শুদ্ধভাবে,1
আইফোনে,1
অ্যান্ড্রয়েড,1
মাশাল্লা,1
দেনমোহর,1
শালের,1
তেমার,1
আওয়ামীলিগের,1
এসববের,1
সেতুকে,1
হাত-পা,1
জটিলতা,1
সিখস,1
খানও,1
86,1
কোটিতে,1
২৩০,1
শিবির,1
হিরোইন,1
পড়টা,1
চিরিয়াখানা,1
মানষ,1
টিবিকে,1
এয়ারপোর্টে,1
কেপল,1
ইনডিয়াতে,1
ইনডিয়া,1
পর্ন্য,1
ব্যাহ্ম্যা,1
দিছ,1
নেস্ক্ট,1
সম্বলিত,1
বসানো,1
ওইসব,1
লজ্জাস্থানে,1
কেকটা,1
ঢুকিয়ে,1
কোথায,1
লাগল.,1
সায়াম,1
বাড়িয়েছেন,1
অনুসন্দান,1
সবগুলিই,1
চালিয়েছে,1
একেবা,1
রাডার,1
ছাই.বয়,1
কাটলে,1
ফ্রেন্ড.ছরি,1
ফ্রেন্ড.,1
যমযম,1
হইতাম,1
সবশেষে,1
কেছকি,1
মাছকেও,1
হাতদুটো,1
কেনেন,1
খাওয়ানা,1
ক্যারে,1
টিকেটটা,1
নদির,1
উঠাতে,1
অবৈধ্য,1
কমেছে,1
পরহেজগার,1
গোংটা,1
সারোয়ার,1
রেবের,1
ছাইড়া,1
ডিস্কাউন্টে,1
রূপিতে,1
ফেনি,1
ভেলোর,1
সম্ভবই,1
আছতো,1
সদস্যের,1
হাবিব,1
গেস,1
ব্যবসাই,1
নাপাক,1
সায়মার,1
পাহাড়ের,1
তাকায়,1
উঁচু,1
মালিবাগ,1
মধ্যস্থানে,1
পিশাচদের,1
ফাঁসিতে,1
ঝুলানো,1
অ্যান্ডয়েট,1
সিকুর্টির,1
অফের,1
ঘোরেন,1
অথেন্টিক,1
মেয়েটির,1
ধর্ষকদের,1
ভালোবসি,1
ন‌িসন্দেহ‌ে,1
পা‌পিষ্ঠদ‌ের,1
র‌েখেছ‌েন,1
সাংবাদ‌িকদ‌ের,1
ওউনার,1
ওদোয়া,1
থাকিয়াও,1
অমিল,1
বলিউড,1
হলিউডের,1
নির্মাতারা,1
কিছুবলে,1
আদাপয়সার,1
কলোঙ্ক,1
কাটলেটগুলো,1
ত্যালা,1
‌‌,1
শালা‌,1
মানেটা,1
কর্মজীবনের,1
ৃার,1
পরিচালানা,1
ভদ্রতাও,1
খাওলে,1
বনফুলের,1
মেথির,1
মেথি,1
সিলেটো,1
আওয়ার,1
পাচভাইত,1
যাইবায়,1
বিক্রাতা,1
সাথ‌েও,1
তাহল‌ে,1
ক‌িসের,1
আপনা‌দের,1
অাছো,1
অাসনি,1
তাহলো,1
করয়েন,1
০১৭১২১২৯৫০৯,1
হয়ছিস,1
ইউটিবার,1
নিলেও,1
চাঁদপু‌রের,1
হ‌য়েও,1
থা‌কে,1
আমা‌দের,1
পারছোনদের,1
চাঁদপুর‌কে,1
ধরুক,1
গডফাদারদের,1
উন্মোচিত,1
আলার,1
ব্যপারগুলো,1
ন‌ওশীন,1
ইমপ্রেশনস,1
টমেটোর,1
ভাইজা,1
রাখেন,1
জামাল,1
সেনাবাহিনীর,1
চ‌েয়ার,1
অনুুরোধ,1
বস‌েছে,1
যদ‌ি,1
প্রশ্ন‌ের,1
দ‌িতে,1
পার‌ে,1
দ‌েশ,1
বাচাও,1
একত্র,1
ভন্ডদ‌ের,1
তাড়াও,1
নেতিবাচক,1
নূরুর,1
এরিক,1
নেতৃত্বে,1
আগ্রাসন,1
কিনেছিলেন,1
সারুলিয়া,1
কোনাপাড়া,1
মানিব্যাগে,1
করমু,1
মাইরো,1
খাইট্টা,1
জয়.❤️❤️,1
উদাও,1
৮৫,1
করতেহবে,1
মুরগিটা,1
নমনা,1
তোলিয়েগেচে,1
আউটডোর,1
দোভাষি,1
পৃষ্ঠপোষক,1
অন্যটা,1
প্রকল্পের,1
এক্সপ্রেসওয়ে,1
ঝামেলাে,1
পাকাবে,1
মগবাজার,1
ফ্লাইওভারের,1
টার্ন,1
ইউলুপে,1
বোঝানোই,1
ধ্যান,1
ধারনার,1
বর্মের,1
হাহাহা.,1
থাকিও,1
পরিও,1
আক্রমণ,1
বাংলাটা,1
বলতেতো,1
এলেন,1
ওলামাদের,1
বোহু,1
এরক,1
কাশমীরের,1
গ্লুকোমার,1
বিট্রিশ,1
রাজপরিবারে,1
নরশিন,1
খুঁজেন,1
সহিত,1
অনুগ্রহ,1
বুড়িমারির,1
টুরিস,1
করিয়েছি,1
চেন্নায়,1
ছানি,1
বোঝায়,1
অভিজ্ঞতার,1
মারানোর,1
বিলাসী,1
পার্কিং,1
জার্নি,1
মিলিয়েই,1
ঝট,1
তিলকে,1
তাল,1
তালকে,1
পায়দা,1
ধানমণ্ডি,1
বিক্রেতার,1
বেরিসটার,1
আব্দুল্লাহ,1
বণর্না,1
কাটাতে,1
পাঞ্জাবিতে,1
সমভাব,1
ওটিই,1
কটি,1
বাচ্চাদেএ,1
উম্মেচন,1
সন্নাসিতে,1
গাজন,1
অইবাবে,1
মাইন্ডব্লোয়িং,1
জায়গাগুলো,1
স্যুপটা,1
আনন্দময়,1
মুর্হুত,1
নিরন্তর,1
অনাবিল,1
5পিছ,1
মহিশএর,1
পিছএর,1
10টাকা,1
রাকলাম,1
পাঠাই,1
উন্নয়ের,1
এতগুলার,1
নিঃশব্দে,1
ইয়ং,1
প্রগতিশীল,1
নিবাসী,1
তারাপদ,1
গুহরায়ের,1
বাঙালিয়ানার,1
নাম্বারটি,1
দেখবায়,1
করিই,1
চিবানো,1
শকুনের,1
নাড়ানোর,1
খুনটা,1
ভক্ষখ,1
বেড়াল,1
মুসকিল,1
রাইখ্যা,1
বাল্ব,1
বাস্ট,1
ফিররা,1
আইব,1
জিতেছিল,1
স্রোতে,1
বঙ্গপসাগরে,1
ভ্যালুর,1
ভ্যালু,1
কাটছাট,1
স্মরণীয়,1
মুহুর্তগুলো,1
আড্ডাস্থল,1
সম্রাজ্য,1
‌র‌্যাবের,1
আত্মগোপন,1
গ্রেপ্তারে,1
একত্রিত,1
জবাবদিহিতা,1
10ঃ,1
নিযাম,1
হোটেলর,1
পেয়েছিল,1
দুঃখীদের,1
উড়বে,1
জঙ্গিদের,1
বড়ির,1
ঝাঁজ,1
ঘনত্ব,1
বানানাের,1
01711189922,1
বেশিনা,1
মোখে,1
রোচি,1
টাইতে,1
সেহরির,1
রবিউল,1
দরজায়,1
এতগুলে,1
জ্বীভে,1
স্বাস্হ্যকর,1
বলচে,1
ব্যেক্তিত্ত্ব,1
বিষয়ের,1
গুরুগম্ভীর,1
পরম্পরার,1
রইলেন,1
যমীনে,1
ভাবিই,1
সাফিনা,1
মালিকই,1
বত্তার,1
অারেকটা,1
দেকবেন,1
সোহাগা,1
রিকইষ্ট,1
আদিবাশী,1
আওমিলিগ,1
শয়তানকেউ,1
কুলিশ,1
আজিবন,1
লেফট,1
হ্যান্ডেড,1
ভন্ডরা,1
বেবহার,1
পাত্রে,1
খাওয়াও,1
মূর্খচোদা,1
ভুলভাবে,1
সারওয়ার,1
পেললে,1
&৫,1
ধংসন,1
ডাইনে,1
বেটারা,1
নেছ,1
নম্বারি,1
ডাকাতদের,1
ফোর্স,1
জামাতের,1
ম্যাজিস্টেট,1
আবেগী,1
গোইং,1
শব্দে,1
বরশিত,1
অাবাল,1
হয়তেবা,1
মুবিটি,1
সিনেনা,1
এমনটিও,1
মুবি,1
চৌতি,1
উষা,1
কারেক্ট,1
গ্যাজেট,1
তফাৎ,1
মুখমন্ডলই,1
বরাবরই,1
একনজরে,1
হিলোল,1
আসাধারন.,1
হস্তক্ষেপ,1
অঙ্গাঙ্গীভাবে,1
বার্গারও,1
চালাইতেই,1
এভিশন,1
বিমোহিত,1
সালাদটাও,1
তুমিও,1
ঝুঁকিপূর্ণ,1
পাইছিলাম,1
ঝুঁকিটা,1
ডেসক্রিপসান,1
শিখিত,1
360ডিগ্রি,1
পৌরসভা,1
হোল্ডিং,1
ফজরের,1
যায়.,1
হিসাবের,1
খাতায়,1
লিছে,1
বরেণ্য,1
পারোনা,1
বুয়াকে,1
শারদীয়ার,1
শায়েস্তা,1
নাতী,1
ফুডানি,1
মারাইতে,1
পূজায়,1
জাহেলিয়াতের,1
গোষ্ঠী,1
তয়,1
বাজান,1
তোমাগো,1
ভালবাইস্যা,1
হুন,1
3জন,1
থালির,1
বন্দো,1
যুমা,1
নোতুন,1
জুটিকে,1
রংপো,1
পারমিট,1
বুরি,1
মাড়ি,1
গ্যাপটা,1
হারিয়,1
পিথিবীতে,1
গোলামি,1
কালশির,1
ফী,1
পরটায়,1
প্র্যাক্টিক্যাল,1
ভাইবা,1
জিতবে,1
ফোটোগ্রাফই,1
পার্সন,1
হাহাহাহ,1
বেটে,1
আটবো,1
সবকিছুতেই,1
সেগুলার,1
বিশেষজ্ঞ,1
জড়ানো,1
হাঁটলেই,1
উপযোগী,1
ভয়েজটা,1
মালের,1
ভাইদেরকে,1
সময়তো,1
ঠাকোনা,1
ভালোবাসবে,1
মিরিকে,1
নিরব,1
স্টেশনের,1
নামলেই,1
রেখ,1
কিছুয়,1
থাকিবে,1
ইউনিয়ন,1
আটজনের,1
কৈত্থিকা,1
বিলানের,1
গুরুদায়িত্ব,1
আইছেন,1
বিড়াল,1
শালাগো,1
খুঁজেও,1
ভিটা,1
মুন্সীগঞ্জের,1
চিত্রকোট,1
নাড়ির,1
আলফা,1
টিকিয়ে,1
নমক,1
আমারদেশের,1
দুর্ঘটনায়,1
লুপ,1
কাঞ্চন,1
জংঘা,1
ঠাসাঠাসি,1
চাট্টিখানি,1
মোবাইলে,1
সিগনাল,1
পাকস্থলী,1
হাওয়াই,1
অার্বজনা,1
কালেক্টরে,1
শাফিন,1
আস্রয়,1
বাংঙগালী,1
ট্যাক্র,1
শিয়ালদের,1
শিয়ালরা,1
ভিয়েতনাম,1
থর.করতো,1
কুরবানি,1
কন্না,1
সুনতে,1
থিম্পুতে,1
হোটলে,1
ঘোরাঘুরি,1
থাাা,1
বেড়ানো,1
ঢোক,1
গেলাটা,1
অ্যাভয়েড,1
গায়ের,1
এটারো,1
পল্লি,1
বেইসা,1
পতির,1
বসলাম,1
ভাজাটা,1
কন্টাক,1
ঠেলাও,1
লে‌গে,1
ঘ‌রে,1
গি‌য়ে,1
এক্সাট,1
সম্মব,1
মাদারিচুদ,1
শষ্তের,1
বক্ত,1
নরোমের,1
ঝম,1
কামড়া,1
কামড়ী,1
পরিচয়তো,1
গেজাইতে,1
আগ্রহি,1
নির্যাতনের,1
লুঙগি,1
ড্যান্স,1
রোগের,1
প্রতিরোধক,1
হাডের,1
ব্লাডপেশার,1
ইতিমধ্যে,1
সমালোচন,1
উপেক্ষা,1
হ‌চ্ছে,1
কার‌নে,1
ঝু‌ড়ির,1
গণধর্ষণ,1
ঠেকাতেই,1
নারি,1
হারবাল,1
লওয়া,1
দায়িত্বশীল,1
স্বামিকে,1
ডাকতে,1
পেটটাই,1
র‍্যব,1
সচিবালয়ে,1
731,1
113,1
এক্স্যাক্ট,1
276,1
কর্মিপ্রান,1
সমর্থক,1
আমৃত্য,1
কর্মি,1
অপিছারদের,1
কিরকর,1
মেয়েকেও,1
বোল,1
জীবেরও,1
পিপিকে,1
সেটিস্ফাইড,1
সাশ্তি,1
পাগলকে,1
সড়ক,1
গেলেম,1
1তারিখ,1
অ্যাড্রেস,1
বসিয়ে,1
আলমকে,1
বসাইলে,1
বিচারিক,1
পরিচালককে,1
সমমুখী,1
জনগনএদের,1
কিদেখি,1
কিশোর,1
সারেন,1
গেং,1
যুবসমাজ,1
কোথায়গিয়ে,1
দাড়ালো,1
নরান,1
"""ওবায়দুল",1
নওয়াব,1
দয়ালো,1
ফালতো,1
ফুনসোলিং,1
ফ্রেন্ডলি,1
ডালো,1
বাথরুম,1
সালাদেরকে,1
কিশোরগঞ্জের,1
এইদেশে,1
প্রাণীর,1
মুখেও,1
মজিবও,1
লেস্টারের,1
নিউইরকের,1
আবসোস,1
সন্তাশ,1
বান্দির,1
ফোন্ডা,1
হেরা,1
টংগীর,1
বুঝেনিন,1
বোঝাগেল,1
কর্মস্তল,1
জিবের,1
গডিয়ে,1
পডল,1
সময়টি,1
জিবলা,1
কতৃপক্ষের,1
আপারা,1
শিয়ালের,1
বাঘই,1
পাইতো,1
করাইছে,1
আলুরদমই,1
সময়টাই,1
অভিনীত,1
ঝল,1
ওফ্ফ,1
বেইচ্চা,1
ওনারটা,1
মিনিটও,1
রাখলেই,1
ফেলসে,1
সওয়াব,1
যাবে.,1
২০০১,1
দেখবও,1
আইলে,1
বোজা,1
জাইবো,1
সম্পূর্ন,1
সেনা,1
বেষ্ঠিত,1
বাইতুল,1
মোকারমের,1
উনুরদ,1
রুট,1
রাস্তাতেই,1
করবার,1
দাড়ায়,1
ঈসমাইল,1
পরিচালনায়,1
প্রযোজনায়,1
বনোজ,1
ধনীদেরকে,1
নাইই,1
কতৃক,1
ডিস্ক্রিপশনে,1
দেখেলে,1
100000000000000000000000000000000000000000,1
মকবাজারের,1
উজ্জল,1
রামপুরার,1
চোট,1
দামকে,1
কুমার,1
চিত্রনাট্যে,1
3কোটি,1
অপতৎপরতার,1
আলখাল্লায়,1
দালাদের,1
পিঁপড়ের,1
এডিস,1
মশা,1
অকাম,1
গুজরাট,1
তাড়াতে,1
আশাকরা,1
রেন্ডিয়া,1
পাতুক,1
সোন,1
আম্মুর,1
মোগলী,1
ইস্ট্রিট,1
পসরা,1
সাইফুল,1
শীতকালেই,1
বান্না,1
মেট্টোম্যানের,1
ভিডুওতে,1
ধানাই,1
পানাই,1
নুরুভাই,1
পড়তেও,1
মিররলেস,1
ল্যাপটপে,1
উচিৎ.,1
স্বাস্থ্যের,1
লাকতে,1
কাকাটা,1
ছাএরাজনিতী,1
তাইলেতো,1
ভায়েরো,1
পরিবেস,1
পাডার,1
পাডা,1
ভূগছি,1
ইম্পর্ট্যান্ট,1
নির্বসিল,1
স্কার্ফ,1
দূর্ঘটনা,1
97455658697,1
ডালডা,1
প্রেজেন্টার,1
গুুলা,1
বুঝছে,1
সাময়িক,1
হয়েছ,1
২০২১,1
(সূএ;রাহুল,1
টুডে),1
পরিস্কারভাবে,1
নিরদেশ,1
দ্বীনি,1
সুবিধাবঞ্চিত,1
অর্ডিনারী,1
বাচ্চারে,1
হোল্ডার,1
রাজমাতা,1
বাড়ীতেই,1
খমতাওঅলারা,1
বাহরী,1
আইডিয়ার,1
মাফিয়াকে,1
মেয়েটাকে,1
ওয়ালাদের,1
রোলও,1
বন্ধুবান্ধবের,1
নিমন্তনে,1
ওলাকে,1
রমনা,1
পলটন,1
জ্য়গায়,1
আসপাশের,1
৪৪,1
কপিরাইট,1
এগুলো,1
শীর্ষে,1
মিয়াঁর,1
নামিদামি,1
বলছিলেন,1
কাতারের,1
আনুন,1
পাখিটা,1
নামতো,1
মূসলমান,1
হাসবে,1
তাড়াবে,1
তাড়াচ্ছে,1
নির্ভয়ে,1
গুটকা,1
গুজ্জু,1
রোড়,1
সব্জির,1
দাওয়াতের,1
শব্জির,1
তালিকার,1
একাধিকবার,1
কেরি,1
পোকার,1
আটকানো,1
সারমিন,1
সমপদের,1
লুকানোর,1
ত্রসপ,1
সারমিনকেও,1
বিডিওটা,1
বুলতে,1
বেলীম,1
সন্মন্ধে,1
মাশে,1
আওয়ামিলীগের,1
জায়গাটার,1
্্্,1
আঁতলামি,1
পরায়,1
কুরিয়ার,1
বিউদি,1
দুজনেই,1
সংবাদকর্মী,1
নুসরাত,1
সাজেশ,1
পেন্টস,1
চিংড়ির,1
ঢিক,1
সুদ,1
জীবাণুমুক্ত,1
চেলেজ্ঞ,1
চ্যানেলগুলোকে,1
চাঙ্গা,1
যদিওবা,1
ভিউর,1
টাইইটেল,1
ওত,1
বড়ও,1
সেলিব্রেটিও,1
এঞ্জাইম,1
গারিতে,1
চলমান,1
বুরুরে,1
মুসুলমানি,1
কালেমা,1
পরাও,1
আল্লহর,1
19000,1
পুরাপুরি,1
খাছেছেন,1
বালিগঞ্জে,1
মনভোলানো,1
জনসম্মু্ূখে,1
দিঘিনালা,1
কিসু,1
পর্জন্ত,1
শনিবারে,1
আপ্রাণ,1
সিসিটিভির,1
পুলার,1
মুঞ্চাই,1
জঘন্যতম,1
আমানিয়ার,1
ঝুটা,1
অভ্যেস,1
আসলের,1
1600,1
সবদরনের,1
ছারাও,1
কুভ,1
ব্লগই,1
আনিত,1
বিধানের,1
একটিকে,1
অপসন্দ,1
সাভক্রাইব,1
সাভাক্রাইব,1
প্রমিজ,1
খাগরাছড়ি,1
শাপলাচত্বর,1
ইন্ট্রোগুলা,1
দুর্দান্ত,1
আন্ডার,1
দশটার,1
তাইএরকম,1
শ্বশুরবাড়ি,1
নড়াইলে,1
ততোবার,1
মাওয়াতে,1
ভুলি,1
নাহ্,1
ভূমিদশুো,1
এলাকাবাসী,1
দেওয়াটা,1
বেংক,1
ঘুদা,1
দিবালোকে,1
রুই,1
কোকে,1
কোকের,1
ক্যালোরী,1
কোক,1
চিনির,1
অল্টার,1
স্বাস্থের,1
সবসময়ের,1
নশ,1
ভাল্লাগ্লো,1
তবিব,1
এক্সচেঞ্জ,1
তখনি,1
রইল*,1
কোক্খোণো,1
পত্রিকা,1
দিল্লী,1
খুঁইজাও,1
দত্ত,1
ফুটপাথে,1
হয়া,1
গেছিল,1
খাবারেরও,1
নিসে,1
সেকি,1
মরবেন,1
ভিড়ের,1
*রানার,1
ঘুরলে,1
কাওার,1
থামান,1
ফাটবো,1
ট্রি,1
লজ্জাবোধ,1
উঁহু,1
বেলুন,1
বিস্পোরনে,1
উচিত.,1
আহহহহহ,1
জিনিয়েস,1
লিরিক,1
টেকআউটের,1
ডুপ্লিসিটি,1
মখুব,1
পাকনামি,1
ভূস্বর্গ,1
সুদীপাকে,1
এনেছে,1
অপরাজিতা,1
আঢ্যকে,1
আ্যপ্লাই,1
প্রমোকোড,1
সার্ভিসের,1
এধরণের,1
মৌলভীবাজারে,1
বরংচ,1
ছাড়েন,1
বাড়ুক,1
জানুয়ারী,1
র‌ওনা,1
ওয়েদার,1
সহনীয়,1
জয়টাকে,1
ভালোবাসে,1
কোনো,1
এতেও,1
বাচিঁয়ে,1
প্রোগ্রা,1
মেনেনেওয়া,1
ধান্দাভাজি,1
কুচিয়ে,1
ম্যানরে,1
আপারহাসিনাহাতুড়ি,1
হ‌চ্ছি,1
প‌রেও,1
কে‌নো,1
বার‌ছে,1
সুখসাগরে,1
উদ্ধারকারী,1
শেষরক্ষা,1
শুরতে,1
লেবুচুরে,1
মিশ্রণটাই,1
বিরুধি,1
নিবেদিত,1
সৈনিকদের,1
কীটদের,1
জরিপানা,1
পিংয়াকার,1
কামিইছে,1
জলযোগ,1
/মাস/বছর,1
হ্যালু,1
ক্যমরা,1
উওরায়,1
চাইবো,1
রেটেড,1
মটকি,1
বন্যা,1
গুইসাপ,1
খুব্,1
জমানো,1
স্টেডিয়ামের,1
ইনছানিয়াত,1
মানুুষে,1
ডাউল,1
ব্লোগ,1
ট্রুরের,1
পরিশকার,1
মধ্যম,1
বায়রোড,1
্আমি,1
নেইনা,1
আপনারো,1
ব্রাজিলিয়ানদের,1
ধর্মতো,1
ম্যানষেই,1
মানুষকেতো,1
টয়লেটের,1
কুলকুচি,1
লাগাইয়া,1
যবো,1
চাঁদে,1
নাসার,1
টুটুর,1
ডায়েটে,1
হযেছিল,1
যথরীতি,1
আম্মুকে,1
ফকিন্নীর,1
কিয়ামতের,1
হুংকার,1
খাবারটাই,1
হাটেন,1
সেইখানেই,1
মেইনলি,1
খাটাশ,1
গিয়েছিল,1
দ্বিতীয়বার,1
খাইতাছে,1
কসায়,1
নাম্বারসহ,1
কগজে,1
মজুরটির,1
প্রশাসনিক,1
জানোয়ার,1
কর্মকর্তারাই,1
দাঁড়িয়েছে,1
ইতারে,1
এক্সপোজার,1
দাদির,1
শুনান,1
কাক্বু,1
ব‌উ,1
মজ,1
বরডার,1
আর্তনাত,1
বোঝবেন,1
চায়ছে,1
গোল্লি,1
বলতেছের,1
ফিকে,1
মেজর,1
নেগেটিব,1
হাইজীন,1
বিবেচনার,1
লক্ষীপুর,1
ফ্লট,1
বোঝালো,1
ঢু,1
প্রতু,1
বোরকা,1
নেকাবে,1
পারছিলাম,1
বাইছা,1
অডিশন,1
কিসমিস,1
সামী,1
অামাকেও,1
অাকৃষ্ট,1
কসাইখানা,1
নওসীন,1
জিও,1
খাাবারের,1
ফক্স,1
হোস্টগুলা,1
চিকনা,1
কানড,1
ভাগ্যটাই,1
শোরুম,1
অটুট,1
বন্ধনে,1
চামুচেই,1
পরতেই,1
রায়সাহেব,1
বিহীত,1
হইয়া,1
অক্ষত,1
ভবন,1
সুযোগ,1
হয়না৷,1
১বাটি,1
নিছিলো,1
সুনুন,1
তালার,1
রয়েলের,1
খাইলেতো,1
অজ্ঞান,1
ছরাবেন,1
পারলোনা,1
ডাইজেস্টিভ,1
দাসের,1
কোয়া,1
৫০+,1
রাখতো,1
মুমতাহিনা,1
ঝামেলাটা,1
জোঁক,1
গল্পের,1
গাড়িবাড়ি,1
মুখোশধারী,1
ইতাদি,1
হাওয়াই,1
মিঠাই,1
ওওওওওও,1
আঞ্চলে,1
ইজরাইল,1
দেশগুলা,1
✋✋,1
ফখরুদ্দীন,1
খয়রাত,1
কামাইলেন,1
বিডিতে,1
চোরি,1
উচ্চতর,1
সম্রাটদের,1
একপিছ,1
গাজীপুরে,1
ঘুরি,1
জায়াগায়,1
নিরমিত,1
সিস্টেমের,1
হাসিটাও,1
ওজনে,1
খুঁটে,1
মামাবাড়ি,1
কিল,1
চড়,1
ভ্যাগ,1
তাকাই,1
স্বত,1
স্ফূর্ত,1
দরর্শক,1
ব্যাঙমোরগ,1
অশিক্ষিতের,1
দুষ্টামি,1
ফয়যানে,1
২২৯,1
মাজমাউয,1
যাওয়াইদ,1
২৩,1
হাদীস,1
৭৯২১,1
প্রজাতি,1
উরুভূমি,1
220,1
পড়লেও,1
সুপারশপ,1
মিডিয়াতেও,1
ফ্ল্যাকচুয়েট,1
জসিমের,1
হত্যাকারীদের,1
হোক.✋✋✋,1
আহেলির,1
োদ,1
দেয়‼️,1
হাঁটানো,1
পাপনকেও,1
সংযুক্তি,1
গেংয়ের,1
নাগরিকরাও,1
নীলক্ষেতের,1
পুরুটা,1
হেল্‌থ,1
দুরান্ত,1
পৌঁছাবে,1
কদিন,1
বনধু,1
হাওড়াতে,1
খালের,1
নবাবপুরের,1
যেম,1
খাউয়ালের,1
তেহারীটা,1
সায়োন,1
রিল্যাক্সে,1
কল্লাকাটা,1
জেডা,1
সেইডা,1
খায়ছি,1
পসেস,1
রাস্টের,1
সাংবাদিকে,1
ছেলেমেয়ে,1
করাবার,1
মাথায়আসে,1
চিটাগাংইয়া,1
নোয়াখাইল্লা,1
গনপিটুনি,1
বেক,1
কাটিয়েছি,1
সৃতির,1
থাকবনা,1
টিংকু,1
বালপাকা,1
বিছমিল্লা,1
হোস,1
হারাই,1
পশ্চিমারা,1
কিসব,1
অখাদ্য,1
সুযোগটা,1
মৌসুমে,1
পুড়াইতেসে,1
ঘুড়তে,1
ইনডিয়ান,1
ভাগ্নে,1
অস্থা,1
লক্ষণীয়,1
কাটাখালি,1
ওইখানের,1
আহহা,1
শেঠীর,1
বেঙ্গা‌লোর,1
ট্রিট‌মেন্ট,1
ছুইটা,1
১৩০০,1
ওইদিন,1
ওবং,1
কিয়ামত,1
পরেছে,1
শিরিকি,1
বচিয়েছেন,1
সর্বশক্তিমান,1
মাইয়ারা,1
গাঞ্জাখোর,1
ব্যাবহারেই,1
বুঝেছি,1
স‍্যাটিসফ‍্যাকশান,1
পাবলিকঃ,1
টিশার্টে,1
বিটিভিতে,1
পেলতো,1
বল‌লে,1
রামের,1
দুর্গের,1
ঘটালেন,1
হাফপ্যান্ট,1
দাঁড়ানো,1
বাডপারে,1
বানাক,1
দুষ্টু,1
অাইন,1
অভনতির,1
খাবা‌রের,1
জয়বংবন্ধু,1
বিটিভির,1
অঅভ্যস্ত,1
চখের,1
আটকাতে,1
মিথ্যামামলায়,1
নেয়ামত,1
ভাবনায়,1
খাওনের,1
লইগ্গা,1
প্রত্যকে,1
খিচুর,1
মনদ,1
পেজ,1
ভাঙ্গে,1
অনুমোদিত,1
ভাঙার,1
চিড়িয়াখানা,1
89,1
নুনুর,1
সুতা,1
বেধে,1
ইলেকট্রিকের,1
খুটির,1
আপনারেও,1
ভ্রমণে,1
ছরি,1
চালাকির,1
রাজরানি,1
মাকেও,1
ততবার,1
মেরিনেট,1
লখনৌয়ের,1
সমূহের,1
কোনটাকেই,1
বৈশিষ্ট্যের,1
সমাদ্রিত,1
গবেট,1
জানবিবিগিরি,1
গর্দভ,1
দর্শককে,1
র‍্যালী,1
হিজড়াদের,1
অংশটা,1
ছুছা,1
বেড়াই,1
অভিযোগে,1
রুপী,1
স্ক্রীনের,1
কর্নারে,1
হইলেই,1
বাকা,1
স্টাফরা,1
বেসসির,1
খায়ার,1
বেসসি,1
খানাই,1
দালালরা,1
মাঝেমধ্যেই,1
সবগলোই,1
দেহমিলনের,1
চালাবে,1
শামুক,1
জায়েজ,1
রাষ্ট্রপ্রতির,1
কিছক্ষণ,1
দৃশ্যের,1
যুক্তিসংগত,1
মাধবঃ-,1
পান্ডা,1
শিববাটি,1
কালিতলা,1
উত্তরবঙ্গের,1
গুয়াই,1
সোনাতলার,1
স্মরণিকার,1
ঝোলটার,1
চাইনি,1
গিয়েই,1
নাট্যাভিনেতা,1
ভিডিওগুলিতে,1
কটু,1
প্যাঁচ,1
মস্তিষ্কের,1
ক্ষুদ্রতাই,1
জড়ায়া,1
লজ্জাজনক,1
ফারিয়ার,1
হাশি,1
টঙ্গীর,1
প্রতিজন,1
লোমহর্ষক,1
নিন্দনীয়,1
ব্যপারে,1
সুখ্য,1
আর্কষন,1
চিনস,1
রান্নাঘরটাও,1
বক্সে.,1
বগুড়ার,1
আগামীর,1
বর্ষে,1
কামাইছো,1
পথেই,1
শাদিন,1
অশন,1
কান্সেলেশন,1
পাঠাও,1
পাহাড়েত,1
ভাফ,1
উটে,1
বৌয়ে,1
বক্তব্যের,1
সিংহকে,1
স্বপনকে,1
গর্জে,1
ওয়ার্ল্ডের,1
ট্র্যাভেলারদের,1
ধৈর্য,1
আচরণে,1
চুদাচুদির,1
চোদারুরা,1
নারকীয়,1
বহুত,1
এদেশেই,1
ব্যাস,1
অসং্খ্য,1
উস্কানিমূলক,1
মরিস,1
ফেলসি,1
ব্যাংকিং,1
ক্রামচাপ,1
চারম,1
ডাবিং,1
সুন্দরর,1
ভাংগাবো,1
স্ট্রীট,1
হয়✌,1
চুদাইবো,1
180,1
আবালা,1
মেনুগুলো,1
স্টোর,1
বাংলাবাজারের,1
ডাউনলোড,1
রোম্যান্টিক,1
বোরহাণীর,1
রেসেপিটা,1
বানিজ্য,1
খরচায়,1
আদালতকে,1
নির্দেশ,1
হয়েছে৷,1
পরোটাই,1
লাগেই,1
কর্নারের,1
আপেক্ষিক,1
সায়্যিদুনা,1
বেগুনের,1
আনাস,1
রাদিয়াল্লাহু,1
আনহু,1
ইরশাদ,1
ওয়াসাল্লাম,1
প্রোডিউচার,1
আসবেই,1
পিছুপা,1
পিটের,1
চামড়া,1
মিশুক,1
অাচারটা,1
লাগাটা,1
গড়ালে,1
বিব্রতকর,1
জানতা,1
ধৈর্যের,1
ইনফরমেটিভ,1
পর্বটার,1
আপেক্ষায়,1
বেচেও,1
তবেও,1
কোনটার,1
কোনটাকে,1
ঘড়,1
খাদ্যও,1
মদ্যও,1
সাবটাইটেল,1
বাইনচুদে,1
অজানার,1
রেখো,1
ব্যাচেলরদের,1
মানুষটির,1
টাকাগুলো,1
রাসটু,1
পতিকে,1
পাত্তাও,1
রাস্টু,1
বেবেচিলেন,1
তাকেদেকে,1
হাতমারবে,1
সেআসা,1
বড়পূজার,1
ফালাইতাম,1
ভ্রমণের,1
সাবসাবলীল,1
জবাবদিহি,1
চরকায়,1
অপচয়কারীকে,1
উপরওয়ালা,1
কৃষি,1
জান্তা,1
সমশের,1
মের,1
দোকানের,1
কোটিপতিদের,1
মহাদেশে,1
অভিনয়ের,1
নাবার,1
০১৭১৮৩৪৮৭৩৩,1
ওয়াল্টনের,1
কোষাগারে,1
চ্যনেলে,1
একত্রে,1
উফফফফ,1
আলিবাবা,1
মৈথুনবিলাসর,1
উদ্ভব,1
ব্যাঙ্ককের,1
গল্লির,1
প্রসিদ্ধি,1
সর্বাধিক,1
পাঠ,1
দুংখ,1
সয়তানে,1
শ্রেয়,1
ওয়ারি,1
টিকাটুলিতে,1
অপরিচন্ন,1
আপনারটাও,1
গলির,1
মূর্খামির,1
কইছে,1
ছিঃছিঃ,1
হাগতে,1
রাহুল,1
টুডে,1
সুসময়,1
ইনসাআল্লাহ্,1
এইকিছুদিন,1
দেছেরে,1
ভাউ,1
হতো.,1
কমোট,1
কোমট,1
কোমটে,1
ভেকেশনে,1
2021,1
কফিও,1
হারসিছ,1
সিরাপ,1
আইস,1
কিউব,1
নেসকেফে,1
না☺,1
সদিচ্ছা,1
দুরুহ,1
দুর্নিতি,1
প্রয়োজনীয়,1
সূএ,1
ফালাইয়া,1
বরব,1
মিশর,1
পুতগরে,1
লটকাইয়া,1
যাইমু,1
আচোরনেই,1
বাচ,1
অনিহা,1
দারোয়ানের,1
বুয়েটের,1
থাপ্রাইতে,1
দিই,1
গাঁড়ে,1
আমিরাত,1
5টি,1
শত্তুর,1
জনোগনের,1
তোমায়,1
প্রচেস্টা,1
ইচ্ছেটাকে,1
তুললো,1
রংপুরেও,1
লাইন্স,1
রংপুরে,1
থাকলেযে,1
দ্বীপ,1
জ্বিবলাই,1
নেক্সটে,1
উত্তেজক,1
ঘনটা,1
চ্যানেলটায়,1
লোকজনরে,1
পাইতাম,1
রাষ্ট্রপ্রধানদের,1
কুততাবাচচারা,1
জায়গাই২০,1
বাচ্চাকাচ্চা,1
তারো,1
কমান,1
যেংান,1
ঝর্ণা,1
বুদ্ধিজীবী,1
র‍্যাঞ্জার,1
বুঝেছো,1
চাড়ে,1
চুদী,1
বিজন্মা,1
বঙ্গীয়,1
অঞ্চলে,1
বঙ্গ,1
শতাংশে,1
থামলো,1
কট্টর,1
মৌলবাদীর,1
ওয়ার্ডটা,1
কেমনে.,1
হওয়াই,1
বাপ্পির,1
শুনছিলাম,1
করলা,1
ভাজিও,1
চিনতেই,1
বেরাশ,1
বাষট্টি,1
মিটার,1
ঝুরে,1
কয়টার,1
ভূটানি,1
কোং,1
তব,1
রেস্টু,1
নায়ক,1
হাসবো,1
বাউতাবাজি,1
পড়লো,1
দুচক্ষে,1
80%,1
ধবাতে,1
শুক্র,1
জিংলি়,1
সুপএবং,1
অনথণঅনেক,1
ঐটাতে,1
চুলাটা,1
ওভেন,1
বেকডই,1
হন্যে,1
অধম,1
পাপ্য,1
পটুয়াখালি,1
তরকারিতে,1
পুরিয়া,1
ভরিয়া,1
৭৮০,1
ব্যাপারী,1
বেচতে,1
রুচিই,1
খুঁজুন,1
সব‌ই,1
প্যাঁয়ে,1
রয়ে,1
কাকিমার,1
রইল❤❤❤,1
হোটলের,1
একদলিও,1
যাইতেছে,1
অক্তপাস,1
স্কুইড,1
মুস্লিমদের,1
গুণ,1
বাহানা,1
হায়েনার,1
নানেয়,1
যনগনের,1
দেওয়ান,1
.ওরে,1
বাঙালিয়ানা,1
সোসাইটির,1
পজিশনের,1
লোকরাই,1
ভোঠান,1
এক্সপ্রেশনগুলো,1
বেস্যা,1
আলমগীর,1
স্মাট,1
হেলাল,1
সালাগরে,1
দরেছি,1
আনলিমিটেড,1
শংকৱ,1
নৃতালয়,1
ভাৱতে,1
ঈ,1
বেচাকিনা,1
সানি,1
সারভ,1
পন্থী,1
কর্তৃক,1
সম্বাব,1
শতশত্রু,1
জারাই,1
এডড্রেস,1
অবিচ্ছেদ্য,1
ক্যাসেনো,1
ভরিসকার,1
রাতাটা,1
সবুজের,1
বরপুর,1
যিনা,1
জাহেলিয়াত,1
বেহেশ্তী,1
গরীবেরা,1
আলহামদু,1
লিল্লাহ্,1
কাসে,1
কাজতা,1
থিক,1
আপনারাও,1
সবখানে,1
মোটরসাইকেল,1
পর্বগুলোতে,1
চিনিছাড়া,1
দুঃখটা,1
আসোলে,1
কিক্রেতাদের,1
গনপিটোনিতে,1
মহাখালীর,1
দোকানেও,1
রাখছ,1
পিকসিন,1
জুগিয়ে,1
চোদারা,1
900,1
দারিদ্র্যতার,1
ব্যবস্থাটাও,1
পিপাষু,1
কুততালীগ,1
তুলো,1
মেয়েদেরকে,1
1কোটি,1
দিণে,1
দিয়ি,1
খুল,1
দেখতা,1
উচু,1
ছোছ,1
গুহ্যদ্বার,1
গালাজ,1
সাধ্যের,1
আয়ের,1
অফিসিয়াল,1
প্যরাডাইস,1
গতবছর,1
হায়দারাবাদে,1
দিখী,1
মস্কো,1
নন্দ,1
উদ্দোগের,1
এডিশনে,1
জমতো,1
খাওয়ানো,1
খেতা,1
প্রতিনিয়ত,1
দুআা,1
মুর্তি,1
অান্তরিকতাটা,1
বরঞ্চ,1
থাবায়,1
নাশ,1
কাঠগড়ায়,1
ব্রেকফাস্টের,1
রিয়্যাক্টের,1
কয়েকদিন,1
প্রত্যেকটায়,1
কিসুই,1
রফাত,1
একধম,1
সকোল,1
এতোকিছুর,1
রাখলেন,1
ভবিসত্তেও,1
তাড়াহুড়োর,1
লক্ষণীয়,1
জন্মনেয়া,1
বাবিকে,1
সম্পত্তির,1
ছিলামনা,1
কাস্টমারকে,1
বিএনপি'র,1
ভক্তভুগির,1
ভ্রাম্যমাণ,1
চালিয়েছিল,1
কিডনির,1
রোগে,1
আক্রান্ত,1
পূজার,1
বদমাশ,1
গন্ধযুক্ত,1
প্রিপেয়ার,1
অর্ডারের,1
নেতাই,1
ফেইক,1
নিখুঁত,1
পুলিয়ে,1
পন্ডিতগিরির,1
সাভস্ক্রাইবার,1
কুকুরকেও,1
শুনতেই,1
গৌরনদী,1
খালেক,1
সুশিক্ষাই,1
বাংলায়ই,1
2050,1
উবুদের,1
পুরিকে,1
জবজবে,1
দেখতাসে,1
অসাধার,1
নিয়মাবলি,1
১৯৯৫,1
বিরাল,1
কুথাথেকে,1
শুয়ারেরবাচ্চা,1
নামালে,1
পাঠারা,1
আল্লাই,1
বেপারটা,1
এইহানে,1
পোলাগুলা,1
আল্লাহওয়ালা,1
দুর্নীতে,1
এমপিদের,1
বাড়ীতে,1
তহন,1
তত্থ,1
নুডুলসটা,1
অনেল,1
মুরগীইতো,1
উৎপাদন,1
নতুর,1
বানাতো,1
এলিয়ন,1
9000,1
সাপ্তাহেই,1
অন্যাই,1
পামু.,1
যাবু.,1
ঘুরমু.,1
যাদু,1
পরীক্ষার,1
ব্যানিজ্যিক,1
মুসুল্লিদের,1
কথাটাও,1
দিছো,1
লাইট,1
দারাজ,1
এক্তাই,1
ঘুরুন,1
করবেন্না,1
যতটুকুম,1
হচ্ছেন,1
ভাল্লাগছেরে,1
খুব্বব্বব্বব,1
দামআচে,1
নাচ,1
সাধীনতা,1
একাত্ত্ব,1
জীভের,1
শিখুন,1
বিঝাই,1
যাচেচ,1
সিমিত,1
খায়কে,1
মাইক্রোবাসে,1
দুরন্ত,1
চকচক,1
দোভাষী,1
সাফাই,1
শ্যালো,1
সংগী,1
যারজ,1
বইনরে,1
দিয়াতো,1
কামাইতে,1
গটনাটা,1
হুয়াও,1
গটনা,1
শুয়েরের,1
প্লেসমেন্ট,1
একঘেয়ে,1
হসিটা,1
কষ্টটাই,1
আব্বার,1
ঠেলায়,1
ধুমপান‌ই,1
ফাঁসানো,1
গরুরমাংসো,1
হাদরাবাদের,1
ফোনর,1
ঘুনে,1
আসাছাড়া,1
জানাতেও,1
বিদ্যাপিঠের,1
ঠেকেছে,1
নৈতিকতা,1
সেঞ্চুরি,1
জয়ী,1
শ্যুট,1
প্রসেসটাও,1
মিটাচ্ছি,1
চুদবে,1
খানির,1
প্রথা,1
ভালোবাসত,1
স্নিগ্ধ,1
করাইছেন,1
যাবেননা,1
বাঞ্চোদেরা,1
বিবেকে,1
বাদলো,1
সমস্যাটি,1
গুরুতর,1
মানগত,1
মানিকগঞ্জ,1
পদানশিল,1
আওমিলিগকে,1
লেপ,1
মিষ্টিজাতীয়,1
পারলার,1
অজুহাত,1
দেখাল,1
ছাড়তেছে,1
নিয়ন্ত্রণে,1
সহায়তায়,1
ড্রিগ্রি,1
অংেশ,1
ক্ষমতাসীনদের,1
জবাবদিহিতার,1
চট্টলা,1
চট্রলা,1
সবদের,1
ঢেল,1
দিচ্ছিল,1
অাটক,1
ছোদান,1
স্থানীয়ভাবে,1
কামালের,1
বিরাণী,1
সাম্যবাদের,1
দেখেতো,1
এসেপরে,1
পায়েসকে,1
কম্পিউটার,1
অলিগলির,1
জেতার,1
সাবস্ক্রাইবারসদের,1
রাসূল,1
ভাগাড়েই,1
কেন্সার,1
হাস্পাতালের,1
বরাবরঈ,1
এসছেন,1
উপকারি,1
আচে♥♥♥,1
দোষের,1
ইতস্তত,1
জন্মাইসো,1
ভাগাড়ের,1
ঢেকুর,1
উল্টায়ে,1
প্লাইটে,1
যোগা‌যোগ,1
রী‌তিমত,1
গে‌ছি,1
নওসিন,1
খাইয়েনা,1
ডায়েটকন্ট্রোল,1
বোটের,1
সিঁড়িতে,1
ইডেনের,1
জায়গাএকি,1
দেখেুন,1
উইদ,1
লাফাইছে,1
হাইকোর্ট,1
অডার,1
আইল্যান্ড,1
উত্তরাতে,1
তগো,1
পরিস্কারমনে,1
দোসা,1
কাঞ্চনজঙ্ঘা,1
01844016194,1
"প্লিজ""""বাংলাদেশের",1
উটের,1
খাইয়াও,1
পারলা,1
কুল‌ফি,1
ব্যামের,1
পিটুনিতে,1
সিকোরিটি,1
লাঠির,1
লোকরা,1
ধফাধফি,1
শুনেনা,1
কিম,1
শাসকরা,1
ব্রেকফাস্টকে,1
নাশ্‌তা,1
বৃহস্পতিবার,1
ঝাপ,1
পশু-পাখিদের,1
ড্রিগ্রীর,1
অবস্তিত,1
সিরাজগঞ্জের,1
জিল,1
হোসেনের,1
গ্রেজুয়েসন,1
বাদী,1
বাংলাই,1
শুয়ুরে,1
গেচু,1
ফিরলাম,1
জলপ্রপাত,1
বড়লেখা,1
গাঈড,1
ইনফোর্মেশন,1
দুইবার,1
মাগীবাজ,1
পুটকী,1
আরোক,1
প্যাশনেট,1
️কলকাতা,1
মাণষের,1
আনকম,1
শুক‌রিয়া,1
যায়গার,1
আপননি,1
ঘড়্রে,1
সিঙাড়া,1
তোশক,1
উর্ধ্বগতির,1
এটাতে,1
মহাবিপদ,1
ইয়ালিদ,1
ওয়ালিদ,1
আকর্ষণীয়,1
প্রধানকে,1
মনেহয়,1
(রাঃ),1
পাড়ে,1
বাবায়,1
শাড়ির,1
সারি,1
বালু,1
চরের,1
মেলায়,1
প্রখ্যাত,1
কেল্লায়,1
তৈরীর,1
পর্দতিটা,1
বেলাও,1
এইসবগুলো,1
উত্তরের,1
পাইলস,1
কোনোটাই,1
হাহাহাহাহাহাহা,1
২০২০,1
পাঠাতে,1
শয়তানকে,1
সইতে,1
পুরিও,1
গেরান্টি,1
কারীম,1
চুরমার,1
স্ক্রল,1
বিচিত্র,1
কমড়,1
লাড়া,1
হাতিরা,1
কোথাই,1
ঘুরবো,1
নিচ্ছিলেন,1
সাংবাদিকরাই,1
গিয়েছিলো,1
এখনিই,1
নকলটা,1
যেতেন,1
সম্মুখীন,1
প্রচারনার,1
হায়দরাবাদের,1
অছাম,1
চালাইয়া,1
চাঁটগা,1
শ্লা,1
হালারপুতরে,1
মরহুম,1
আলীর,1
পদক্ষেপে,1
রেজেলার,1
রেজালাটা,1
পাইকা,1
লিরিকও,1
থিমটা,1
ছন্দে,1
মনোটোনাসও,1
বোর,1
উইক,1
শিলং,1
চেরাপুঞ্জি,1
বগুড়াই,1
ফিরেপেতে,1
স্থানীয়বাসির,1
অভিজ্ঞ,1
প্রথমত,1
বৈচিত্র্যময়,1
সাভার,1
চ্যাংড়াবান্দা,1
দাজি,1
লিং,1
ভংগিটাও,1
প্রশংশনিয়,1
দ্রব্যমূল্যের,1
রেস্টুরেন্টা,1
গরীর,1
ভাকাটা,1
স্ন্যাক্স,1
হোটেলগুলো,1
হোয়াকবার,1
হেঁরে,1
কাঁদবিনা,1
পেইজের,1
পাঠিয়েছি,1
হাইজ,1
পুলিশগুলোকে,1
2শত,1
ধানমন্ডিতে,1
টোকেন,1
ধামরা,1
তওফিক,1
পাইয়ে,1
ধীরেধীরে,1
হাড়িয়ে,1
নেটওয়ার্ক,1
বিস্তৃত,1
অংশেই,1
আ্ছে,1
️হ্যাপি,1
কি★,1
★,1
আহকাম,1
দ্রব্যের,1
দেশেের,1
ব্যাক্ষা,1
বাজাইছে,1
ডিএসএলআর,1
কিনছি,1
ফিফটি,1
এমএম,1
অ্যাপাচার,1
দোয়াকরি,1
ওবায়দুল্লার,1
ক্যান্সারজনিত,1
দিলিপ,1
ঘোষের,1
নমোদের,1
স্বপ্নপুরি,1
জাকারিয়া,1
স্ট্রীটে,1
ভাল্লাগবে,1
গিয়েসিলাম,1
দেখাইনাই,1
কমছে,1
গ্রাহক,1
লাভারস,1
হিন্দীতে,1
সুবহানআল্লাহ,1
প্রকিত,1
সাবেকি,1
চিপা,1
বসলেন,1
সাইটে,1
দস্তরখানা,1
কলাব,1
শৈরাশাসকের,1
চ্যেয়ারে,1
বসাইছে,1
শার্লক,1
হোমস,1
ধর্ষনতো,1
তাকানোর,1
বাবাই,1
তালুই,1
তেহেরীটা,1
অধীর,1
যতোই,1
উম্ম,1
জানছি,1
ততোই,1
চীজ,1
হ্যায়,1
মাগারমাছ,1
নূন্যতম,1
বলারও,1
মেইড,1
চেনেনা,1
স্কাউটের,1
স্কাউট,1
07,1
পুডিং,1
কৃমি,1
খাসনিতো,1
হারায়ে,1
কাইলা,1
সর্দি,1
ছিহ,1
থাকেইনা,1
ইদের,1
ওইনু,1
দৃষ্টিভঙ্গি,1
ট্রাঞ্জিট,1
কম্পোলচারি,1
জীবণে,1
কাতলা,1
শুশেদে,1
ডাকলা,1
দেখমু,1
কার্যকরে,1
গড়িমসি,1
কবুল,1
করোক,1
☺☺☺☺,1
পাওয়াটা,1
গেইট,1
সংলগ্ন,1
আমিরে,1
:কমিশন,1
ধনটা,1
আক্কেল,1
ঢোল,1
চিনলেন,1
সাংবাদিকই,1
বারাকাতিল্লাহ,1
শ্রোতারা,1
পেয়েছে,1
মাপ,1
খাওয়াটা,1
বোঝা,1
হাতিটা,1
জংগলে,1
চাদাবাজির,1
হইছছ,1
ফ্রাস্ট্রেশনে,1
বাল্কামা,1
দামেও,1
ভাবীসহ,1
নীতিবান,1
হাউজিং,1
গুড়ীয়ে,1
উদ্দারের,1
জড়ীত,1
বরসন,1
এশিয়ানদের,1
অন‍্যেরা,1
হাসিনারে,1
ভীমরতি,1
স্বচ্ছন্দ,1
বুড়ো,1
নামাষ,1
চেহেরা,1
ভন্ডামী,1
মোর,1
তাবেদার,1
দোস্তের,1
শিটের,1
বিড়ালটাকে,1
দেঋে,1
নরসিংদীর,1
ভাঙ্গানোটাই,1
190,1
আহাঃ,1
কিছুখন,1
অনুপ্রবেশকারি,1
কাঁচামরিচ,1
ডলে,1
এম্নেই,1
ভন্ডামি,1
লাখেরও,1
ওদেরও,1
দিতেছেনা,1
রঙ্গিন,1
ফিরছিলাম,1
কমেডিয়ান,1
দূর্গা,1
ভোজনবাড়ী,1
লচ,1
বিবেকহীন,1
রোজই,1
উফ্,1
গুলোই​,1
০১৮১২৯১১৯৫৬,1
০১৯৫০৪৬৩২৯৭,1
ইস্টাফ,1
পুর্বগ্রাম,1
চ্যানেল'ই,1
প্রতারিত,1
জর্জরিত,1
পূর্নবাসন,1
সুশিক্ষা,1
নবীকে,1
ইমোশনাল,1
ধর্মেই,1
বাঁচেনা,1
দারুন‌,1
তিনটে,1
সাথ,1
বোনটি,1
ভুনাকরে,1
ডায়বেটিকসের,1
পাগলাচোদা,1
শিয়ারা,1
বুটান,1
পাছি,1
নইলেতো,1
হজ,1
শর্টকাটে,1
সাতটার,1
নাশতা,1
দেইনি,1
হাতেনাতে,1
বনানীতে,1
রাস্তাগুলার,1
পাশদিয়া,1
দালালগুলার,1
বিপ,1
ওমরা,1
সহায়ক,1
টেবিলগুলি,1
সইছিলোনা,1
ক্রাম,1
চপের,1
জানটা,1
ভাই♥,1
চাইলেও,1
হতভাগা,1
খাটিয়েছে,1
মোমিনুল,1
সাঈদ,1
বাড়িতে.বিসিবিদের,1
শুকাবার,1
সাজসজ্জাতেও,1
360ডিগ্রী,1
নেইনি,1
ওন্থন,1
জ্যোস,1
ফেভোরেট,1
আপনিত,1
জনেরই,1
লাইসেন্সের,1
টেষ্টের,1
সুনে,1
ইউটিউবেই,1
ফাকা,1
পয়সাও,1
এক্সপেক্ট,1
সুলতানের,1
পরিবারকে,1
আফচছ,1
তেলাপোকা,1
হিল্লোলরা,1
প্র‌তিটা,1
ভা‌লোলা‌গে,1
ভি‌ডিও‌তে,1
প্র‌তি‌টি,1
দি‌বেন,1
জায়গাগুলোর,1
গুছায়া,1
বোরহানীটাও,1
ছাত্রবয়েসের,1
ব্র্যান্ডিং,1
চুনু,1
মারকেটে,1
নোরা,1
সেকশান,1
বশী,1
নিজেকেই,1
করউন,1
দেক্তে,1
বুঝলামনা,1
ছয়মাস,1
মসল্লা,1
নিরমুল,1
ধান্ধাবাজী,1
ধান্ধাবাজীকে,1
পরিশোধের,1
শাস্তিও,1
লুপে,1
বিকৃতি,1
পরিচায়ক,1
জিলা,1
এক্সস্টুডেন্ট,1
পেটিস,1
ব্যাখা,1
চিনেছি,1
বাংালীদের,1
ব্যাশার,1
মায়াকাটারা,1
সদরঘট,1
আমিথাকি,1
ঘোসখর,1
র্্যগিং,1
তানা,1
মেধাবি,1
ডেলী,1
টিফিনের,1
ক্যাসিনোতে,1
খারারটা,1
হয়েগেছ,1
ঘটার,1
টনক,1
সবৈরি,1
ভোক্তায়,1
অনেঅনেক,1
খাইতো,1
ভালোবেসে,1
সুরের,1
বহিঃপ্রকাশ,1
ঘটানো,1
দাঁড়ানো,1
গৃহবন্দী,1
দোকানপাটে,1
উপরন্তু,1
পক্কেই,1
ফালুদাতে,1
__গর্বের,1
হাইদারবাদের,1
বুঝলো,1
ভিমরতি,1
মধ‌্যে,1
স্প‌্যান,1
সেলেকশন,1
ইমপ্রুভ,1
পূর্বপুরুষের,1
সুমোন,1
কইছেন,1
‌কিছু,1
বোক‌চোদ,1
খু‌শি,1
বুড়া,1
আকাইম্মা,1
সিসিটিভি,1
বাংগাল,1
ইম্পরট্যান্ট,1
ইংলিশে,1
নাট্যভিনেতা,1
এংকর,1
রান্নাটা,1
খুজলাম,1
খাবোই,1
চেনা,1
জীর্ণ,1
খাঁয়,1
স্প‌্যানের,1
পর্দানশীন,1
দিবোনি,1
পার্মিট,1
গেস্টিক,1
নেন্ত্রী,1
কমার্স,1
বর্ষের,1
নগরীতে,1
দুর্গাপূজার,1
প্রতিমা,1
ছুরিকাঘাতে,1
সেজান,1
নিম্নবিত্ত,1
ইনার,1
3টার,1
বারবি,1
আত্মহত্যার,1
ক্যাসিং,1
রানীতো,1
মাঙ্না,1
চুটকায়া,1
খাতিরে,1
মাচ,1
ফিলিংসটা,1
ডালনাটার,1
সবম্বলিত,1
সিদ্ধেশ্বরীতে,1
এরোকম,1
খাবিনা,1
মূল্যেই,1
চাটাচাটি,1
ডকুমেন্টারি,1
বাঙালীর,1
খনার,1
বচন,1
পাছে,1
উপস্খাপনা,1
ছার,1
টুরিস্টি,1
ট্র্রান্জিট,1
গুরাফেরা,1
নাইতো,1
আকুলতা,1
দেখাতাম,1
প্রয়োজনে,1
সর্বস্তরের,1
হাপুস,1
হুপুস,1
মদদ,1
আঁধারে,1
ছাড়ে,1
ওজে,1
হাকিম,1
পেয়াদা,1
গেরামের,1
এগোলা,1
উল্লেখিত,1
পাতায়,1
কাচ্চিবিরিয়ানী,1
জিববাই,1
ফার্স্ট,1
ইওরোপিয়ানরা,1
রান্নাবান্নার,1
মুল্যবান,1
হাটি,1
প্যাটের,1
চরভি,1
কমেনা,1
টাইট,1
কষ্টা,1
আমাল,1
কমেডি,1
ব্যন্জনের,1
হাঁসি,1
জনন্য,1
টেষ্টার,1
বাঙ্গালীদের,1
অাপনী,1
প্রীয়,1
কাক,1
আরতো,1
বিত্তশালীদের,1
ফুটপাতের,1
অষ্ট,1
ভড়ো,1
উদ্দেশে,1
হোস্ট,1
স্ট্রেট,1
পিল্জ,1
দাড়ান,1
গন্ড,1
বাচা,1
চাবি,1
খুজলেই,1
গোসত,1
.জোশ,1
১মাস,1
পরিতেছিলাম,1
একট্রা,1
চাই✌✌✌,1
শালীনতা,1
সর্মা,1
এবি,1
এইটাকে,1
ডন,1
পন্দা,1
বান্দো,1
মুক্তিযোদ্ধা,1
গলিতেই,1
স্ট্রিটফুডের,1
আস্লেন,1
তুলতাম,1
করো৷,1
লজ্জাহীনভাবে,1
অসম্ভবকেও,1
ইনানী,1
অাল্লাহু,1
আকবাৱ,1
দ্ধাৱা,1
মানুষেৱ,1
মিলন,1
এইদরনে,1
গিন্না,1
কলক,1
সারকার,1
একসেন,1
নিবেনা,1
ইনফর্মেটিভ,1
হর্নময়,1
লিখবো,1
হয়রানী,1
জমাতে,1
হবে.,1
খাইয়্যা,1
ফ্যালা,1
খেয়েছো,1
রেস্টরেনট,1
ভেলপুড়ি,1
মনা,1
ট্রাি,1
যবে,1
বাঙলু,1
রাঁধুনিরাও,1
রাত্রেবেলা,1
নিউজিই,1
একটারও,1
মেরুদন্ডহীন,1
সিমা,1
সারিয়ে,1
প্ৰধান,1
মন্ত্ৰী,1
চুলার,1
পিজ্জার,1
গাবতলীর,1
আনন্দবাজার,1
ঘুরাচ্ছে,1
র‍্যাকেট,1
দুর্ভাগ্যজনক,1
শূকর,1
*কাঙলু,1
বাসাবোতেও,1
উছিলায়,1
ভুস্কির,1
ভগবানের,1
হয়েছি,1
মেযে,1
ছিলতে,1
ওষুধ,1
প্রিপারেশন,1
বালতিস্থান,1
গিলগিত,1
পাকিস্থানের,1
তাবোল,1
ব্যবহারগুলো,1
মারহাবে,1
গোপালগঞ্জের,1
দত্তের,1
দুইটার,1
পর্থক্য,1
সেনাবাহিনীতে,1
যুগান্তর,1
কৃত্রিমতা,1
বর্জিত,1
আবোল,1
স্থাপত্য,1
থাকবি,1
কোম্পনির,1
২০০৯,1
নকশার,1
লীড,1
প্ল্যাটিনাম,1
পুরস্কারে,1
হানিমুনের,1
রিফ্রেশরিং,1
সুর,1
পাল্টাছ,1
ট্রাইবুনালের,1
নাড়তে,1
হজ্ব,1
অ্যালকোহল,1
হিল্লােল,1
জ্ঞানে,1
কুলাইলে,1
সুপারিশ,1
লেখাই,1
চপস্টিক,1
রিয়াদ,1
বিভাগীয়,1
পুনর্বাসন,1
কাউন্সিলিং,1
আমরাতো,1
চাইছিলাম,1
এমহিলা,1
সাম্বাদিক,1
কথাবলে,1
লাগছে.মোদী,1
রে.একটুও,1
দিলো.না.,1
মাগীরে,1
লোহার,1
ঢুকাইয়া,1
রাখো,1
পুড়ে,1
ঙেই,1
আইডিওলজির,1
হিস্টোরির,1
নাদানেশ্বর,1
ড্রিংকের,1
গুমিয়ে,1
পরোক্ষভাবে,1
মাতালদের,1
হাইওয়ে,1
ধন্যবাদ❤,1
পুড়ল,1
হাতিদের,1
আফতাব,1
ঘটেছিলো,1
ঔক্য,1
গলেন,1
রাসুল,1
মদিনাতে,1
পুজিতে,1
নেয়াটাই,1
পেপারের,1
সুবহানাআল্লাহ,1
সাস্টে,1
ক্লান্ত,1
ভাগ্যেও,1
মক্তির,1
পেসাদার,1
বাবোরচি,1
আমাক,1
হোটল,1
এতকিছু,1
নিষিদ্ধ),1
শীতকালে,1
(ছাত্র,1
অ্যাপলের,1
প্রতিদ্বন্দ্বী,1
গেমার,1
ভালোভাবেই,1
কাঁদাবে,1
কমিয়ে,1
কিনুম,1
বেশিরভাই,1
হোগা,1
পালটাবেন,1
মিয়া,1
খাচ্ছো,1
কয়টা,1
ময়লা,1
বল্যতে,1
দুঃখী,1
কপচানো,1
ভুগিচুগি,1
টোকাই,1
খাটায়া,1
কামায়,1
শাহিন,1
গট,1
গস্ত,1
জিম্বাবুইয়ান,1
চ্যাংরাবান্ধা,1
প্রতিবেদনে,1
ওদেন,1
স্ট্যান্ড,1
উফফ্‌,1
বইলে,1
ইনক্লুডিং,1
টিরিস্ট,1
ক্রজ,1
প্লজ,1
নিচতলা,1
ভাঁড়া,1
ধাবাতে,1
মিডবাজেট,1
কমেএকটা,1
পশ্চিমে,1
ধান্দাবাজকে,1
সায়,1
নেয়েছেন,1
প্র্যাকটিক্যালি,1
বুঝাইয়া,1
মানোনীয়,1
হস্থক্ষেপ,1
বিকালের,1
শিফটে,1
আনকাট,1
ভালকিছু,1
সদস্যা,1
বলিং,1
কোচের,1
মুস্তাফিজ,1
ধরতাসে,1
ইবা,1
ঢুকুয়ে,1
দেননাই,1
অতীতেই,1
অনুসরন,1
রুজার,1
রাতরে,1
সমস্ষা,1
পরিচালনার,1
জন্মে,1
গোস্তোও,1
লাব,1
সম্পর্কাতা,1
ব‌ঞ্চিত,1
ঢিলেঢালা,1
পোষাকে,1
প্রলোভন,1
ভালবেশে,1
পসেটিব্লি,1
কর্মদিবস,1
মরো,1
গালিবাজ,1
খিলগা,1
জলপাইগুড়ি,1
সীমালংঘনকারীদের,1
সমাবেশ,1
তাসকিনদের,1
চোদনে,1
মানবীকতা,1
হাতিরঝিলের,1
জিড়াপানি,1
কেীশল,1
‍আমাকে,1
কৌশলটা,1
পুলিশি,1
দিচ্ছ,1
মেহজাবিন,1
চৌধরী,1
চুদো,1
সন্ধানে,1
ঠকাবেন,1
নির্ভীক,1
সাংবাদিকতাকে,1
চ্যানেলগুলোর,1
বস্তুনিষ্ঠ,1
দর্শকপ্রিয়,1
সর্বক্ষেত্রে,1
কাছেকি,1
ক্যানসেল,1
সফ্টওয়ার,1
বেজড,1
ক্যানসেলিং,1
অ্যান্টেনা,1
কাঞ্চংজংঘা,1
সুরসুরি,1
আ‌ছেন,1
টেকনিক,1
কামড়েই,1
কামড়ে,1
তৃপ্তিটাকে,1
দেখভাল,1
বেতনে,1
আসাও,1
পরিশ্রমে,1
বাগংলি,1
ভলোবাসি,1
হিজলারা,1
অমলেট,1
কালাভূনা,1
আইটেমগুলা,1
দেখানোই,1
দিয়েননা,1
ক্যাম,1
বিস্বাস,1
হাতচাটা,1
হাভাতে,1
চাটনিটাও,1
বঝাচ্ছে,1
পর্দানশীল,1
লাহজে,1
কিণ্তু,1
টেন,1
রিফ্রেশিং,1
দাড়াই,1
লীগই,1
কর‌বেন,1
বেশিক্ষণ,1
পায়খান,1
নরবড়,1
থাখলে,1
অভূক্ত,1
কমেন্টে,1
এরপরে,1
জায়গাতে,1
দেশটাতো,1
ওদেরই,1
যায়নাই,1
শামীমের,1
কাঙলু,1
ক্রমাগত,1
হারানোটা,1
অস্বস্তিজনক,1
মসকারি,1
বিবিসির,1
জড়িয়েছে,1
ব্ল্যাক,1
প্রতিবন্দীর,1
চটপুটি,1
টেন্ডারবাজি,1
পরিবতন,1
তিনটায়ই,1
মুভ,1
নিয়মিতই,1
বসুন্ধারা,1
রোলের,1
খাবেব,1
পাবদার,1
সায়,1
ভুতে,1
জনিত,1
কেকে,1
ফু,1
লাইটিং,1
ইফেক্ট,1
থাইরয়েড,1
কিনার,1
দেখাব,1
প্রেফার,1
প্রমোশন,1
লাগলো,1
আসালামুআলাইকুম,1
এরেঞ্জ,1
বিদ্যান,1
ঢুকালে,1
বাড়িয়ার,1
ব্রকলি,1
অভ‍্যস্ত,1
চোদে,1
সার্বজনীন,1
আইজকা,1
হোক.,1
মন‌ে,1
রা‌খেন,1
আসন,1
দুদিক,1
তুলবে,1
10গুন,1
গাওলা,1
বাজাই,1
383,1
❎,1
বন্ধকরা,1
ডায়াগনস্টিক্,1
চাখার,1
কুবুদ্ধি,1
কিলবিল,1
থাকবেনা.,1
ভাইয়,1
ভাইৱে,1
সৰ,1
নিশনে,1
দিশ,1
নিশ,1
তূমি,1
দূরনীতি,1
ও‌কে,1
বিষয়গুলা,1
বরফও,1
মাঝা,1
ওকি,1
চেনেলটা,1
সাসকাইব,1
খাবই,1
আস্সালামুআলাইকুম,1
পরলেতো,1
ছিক,1
ছেলেদেরও,1
মেয়েদেরও,1
য়ের,1
বোয়ালমাছ,1
মিথ্যাবাদি,1
করুইন,1
ফিরলেন,1
অবরোধ,1
ঘাতক,1
সাধারণের,1
সহর,1
দুস্তদের,1
বুজলো,1
পুন্দানো,1
মাদারচোদগুলা,1
সহ্যই,1
কপ্লনার,1
ভিদেই,1
ধান্দাবাজগো,1
দেস,1
300টাকায়,1
মারলাম,1
বর্ষ্কালে,1
তাদেরো,1
হেনেস্ত,1
ব্রণ,1
তৈলাক্ত,1
ইনফেকশন,1
রোদে,1
সানক্রিম,1
ইউলুপ,1
ফেরানো,1
হাটলে,1
রান্নাঘরের,1
600টাকার,1
তৃপ্তিজনক,1
যায,1
হয়েগেছেন,1
মুছা,1
পালতু,1
স্টেডিয়াম,1
ইংল্যান্ডের,1
আনাচে,1
কানাচে,1
একদেরকে,1
তারাকে,1
মিলিওনের,1
মিলিওন,1
অধিকাংশই,1
মোবারকবাদ,1
বেল্ট,1
খেকো,1
কুত্তালীগের,1
পরেরটা,1
ঘাউ,1
রাজননিতি,1
কালামারি,1
ফেলতাম,1
প্রতিকূলতার,1
প্রতিজ্ঞাবদ্ধ,1
অন্তস্থল,1
নাসতা,1
এপিসোডেই,1
হক.,1
মত.,1
গণ্ডমূর্খ,1
মানেন,1
ইন্ডিকেট,1
নাহিদ,1
থাকুম,1
অর্থাত,1
স‌ত্যি,1
ভি‌ডিওটা,1
ঘশা,1
বল্যে,1
আকাম-কুকাম,1
সহি,1
রিয়েলিটিশো,1
জতোই,1
ছেষ্টা,1
সংকেত,1
পারবেন্না,1
ইউটুবিং,1
আমগো,1
ভাড়ির,1
নলেজ,1
ফীআমানিল্লা,1
পশ্চিমবঙ্গ,1
সম্ভবের,1
দেওয়াকে,1
খুঁত,1
সার্থের,1
যোগাযোগে,1
৫জনের,1
_♥,1
সংরক্ষণ,1
প্ল্যানে,1
দুর্নীতিমুক্ত,1
ইজত,1
আপনী,1
খাইতাছন,1
দ্র,1
লাগাইসে,1
20বছরের,1
দিব্বেন,1
আকিদার,1
দিছিস,1
শ্রীনগর,1
মুন্সীগঞ্জ,1
আনি,1
রাজাকারের,1
চূড়ান্ত,1
লক্ষী,1
উঠোনে,1
মঞ্চ,1
বিত্তবান,1
পারবে❤❤,1
আনছেন,1
পরিমানের,1
ছারলে,1
সমর্পণ,1
বন্দরকে,1
অর্থনৈতিক,1
ফায়দা,1
ব্যবহারের,1
“আমাদের,1
গ্রামখানি,1
রতন”,1
ছিটিয়ে,1
রতনের,1
প্রত্যয়ে,1
ফান,1
মারবেন,1
হুগামারা,1
দুলাই,1
স্টের্ট,1
বগলে,1
ঘুড়তেছে,1
নারীরও,1
উনাকেও,1
ইচ্ছাকিত,1
নারীও,1
গেছি☺,1
হবিশ,1
10000000,1
প্রশ্নই,1
লন,1
তারাতারিই,1
তাইফ,1
কো্থাকার,1
ঘোড়ার,1
ডীমের,1
নুডূলস,1
সে্দিন,1
পাকা,1
একখানা,1
সরিসার,1
একপ্লেট,1
সয্য,1
প্রত্যাশায়,1
বিজয়ী,1
আন্সার,1
অানেক,1
গুচ্ছির,1
সর্ষে,1
চিংরি,1
শুনছেন,1
খমতাসিন,1
টেকনিকাল,1
ক্রিয়েট,1
ক্যান্ডিডেট,1
ইস্পাসি,1
হাটের,1
বন্যপ্রানি,1
জীববৈচিত্র,1
পুটকিতে,1
ভাতিজা,1
গ্লু,1
মাখায়া,1
শিল,1
সংকলিতডিপজল,1
পাক্কি,1
মুতাঞ্জান,1
রেঁধেছেন,1
ব্যয়,1
বিনিয়োগ,1
বাচলেই,1
দৱ,1
বুঝতেছিনা,1
শুনব,1
লিগে,1
পার্টও,1
নেশন,1
ভালবাসতো,1
মালিন্দোতে,1
উঠেছিলাম,1
এয়ারলাইন্স,1
প্রতিবার,1
পাওয়াটা,1
ওটাতেই,1
এরকুম,1
ল্যাঠা,1
এক্সপেকটেশন,1
সোদনে,1
জাগল,1
বাচিনা,1
আইছো,1
গীত,1
লাহান,1
কাল্লা,1
ঝাকাইচ,1
খাওয়ানের,1
সহজভাবে,1
কাঙালের,1
অবস্থাও,1
ইছছা,1
লাড়েচাড়ে,1
প্রেসেনটেশন,1
মোটামোটি,1
আব্বায়,1
মন্ডল,1
জুয়েলার্স,1
নজিপুর,1
01718074158,1
এমরান,1
এইস,1
চিল্লাইছিলো,1
নুরুও,1
পাড়ছি,1
ঠিকনেই,1
বাংগালিয়ানা,1
পরেছিল,1
একজনও,1
সিলেকশন,1
রাউন্ডে,1
আরকি.,1
পার্মানেন্ট,1
রেসিডেন্ট,1
প্রচারে,1
বসলেই,1
খাচ্ছ,1
নারায়ণগঞ্জ,1
দায়িত্বটা,1
সেগুলোর,1
আইনজীবীরা,1
ছেবলা,1
পড়বেন,1
পায়েশ,1
বাশার,1
কারযক্রম,1
বায়ান্নর,1
সেবামূলক,1
স্বেচ্ছাসেবক,1
ভলেন্টিয়ার,1
সম্পৃক্ততা,1
৫২,1
জাবার,1
শিখেছো,1
শিখনি,1
নাগরীক,1
আসামীদের,1
আজীজ,1
আলতাই,1
আনাহুক,1
90৳,1
চালাচ্ছেন,1
রংপুর,1
গুড়ের,1
✌✌,1
জুড়ি,1
সুদীপাও,1
বেকগ্রাউন্ড,1
উদ্দেশ্যই,1
মেনের,1
কইতেও,1
সইতেও,1
বলেননা,1
হবারী,1
চুম্বী,1
একারণেই,1
নামাজে,1
বিছিয়ে,1
অনুভূতিতে,1
মেডিয়ার,1
ছিরতেছে,1
পড়লাম,1
মানেনি,1
পরুষদের,1
১২.৩০/১,1
বেদায়েতী,1
ৃানে,1
দিখে,1
অস্তির,1
ছেলেটাও,1
গুলাতেও,1
এক্সসাইটেড,1
রেডিসন,1
ব্লু,1
নাচিম,1
বোকাচুদা,1
বাংলাদেশরে,1
কিস্সু,1
আলাই,1
নাফরমানী,1
বিরিয়ানিটার,1
বিদ্যানন্দের,1
কার্যক্রম,1
টিউলিপের,1
এপিসোড,1
আগ্রাহ,1
তাজ,1
অলি,1
অতিশিগ্রিই,1
দূর্নিতীবাজ,1
এলিফেনট,1
মামুন,1
বেয়াকেল,1
অভিনেতারা,1
মিলাশ,1
খাঁ,1
জোকস,1
এপার্ট,1
হাটে,1
যাবারও,1
নেশনের,1
নাজিরা,1
তিলপাপাড়ার,1
ভোলার,1
পানশির,1
পইছাই,1
কৱে,1
জারত,1
পুনর্বিবেচনা,1
পীড়াপীড়ি,1
ভ্লগটাও,1
তিনজনের,1
ফেমিলি,1
পোডাক্স,1
হুমমমম,1
মাতানো,1
ফলা,1
পারেনও,1
ধুমাইয়া,1
কিউতি,1
থিংকিং,1
কম্পানিতে,1
দরেছে,1
পথশিশুদের,1
করানোর,1
একিবাবে,1
খাওয়াবেন,1
ব্যাবহারটা,1
সাঙ্গু,1
পরবা,1
মাইরালা,1
ঝৈ,1
বাংঙা,1
সিগনেচার,1
হইছেন,1
লোকজনকে,1
ধানমন্ডির,1
কুম্ভীরাশ্রু,1
সত্তর,1
মোটি,1
এক্সাইটমেন্টটাও,1
সব্জী,1
পাওয়াই,1
বিয়ের,1
চোদাচুদিটা,1
মেঘালয়,1
কোনকিছুই,1
যুবতী,1
মে‌ছের,1
পাগলরে,1
কান্টিন,1
পাগলো,1
গলানো,1
গড়িয়াহাটে,1
ট্যুরিস্ট,1
গরীবকে,1
নাইবা,1
লাগাইনি,1
টিউটরিয়্যাল,1
দামটাত,1
ভোটান,1
পেকেজটা,1
হোয়াইটওয়াশ,1
ক্রিকেটবোর্ডের,1
মাদারি.অার,1
সন্ধিক্ষণ,1
কিসসু,1
পড়তেছিলো,1
3450,1
ফাইন,1
সফরের,1
ব্যার্থতা,1
ঢাকতেই,1
রিয়্যাল,1
নারায়নগন্জের,1
দুখঃ,1
সাপাই,1
খুজছিলে,1
হুমমমমমমমমমমমমমমমমমম,1
পাকিস্তানে,1
ধোকাবাজি,1
10মিনিট,1
ফোটোশুট,1
কোস্ট,1
ফোটোগ্রাফার,1
কেম্ন,1
কুওা,1
নৃশংস,1
হত্যাকান্ড,1
রাস্ট্রের,1
আহামরির,1
হনুমানেরা,1
পাশনাই.,1
ম্যাট্রোম্যান,1
উপরেই,1
সৃষ্টিকর্তাকে,1
ছিদ্র,1
কনডমের,1
ফেব্রুয়ারিতে,1
হলিডে,1
বাড়িটা,1
দ্বিগুন,1
বসলে,1
মাতায়,1
ঠাক,1
কানেই,1
ইনোসেন্ট,1
সমৃদ্ধ,1
ছাইয়া,1
পাইয়া,1
ছাগী,1
ম্যাক্সিমামই,1
সতেরো,1
বানাইতাছিলো,1
কোপা,1
সামসু,1
তুলছেন,1
মুড়োঘন্টা,1
ষাট,1
চুনা,1
পৃথীবিতে,1
একফোটা,1
টেক,1
সেটাপ,1
খুজবে,1
লোকদেখিয়ে,1
পরিতৃপ্তির,1
দর্শককুলকে,1
লুভানো,1
জিনিস্,1
কলাপাতায়,1
আপকে,1
নাস্তানাবুদ,1
#রানা,1
ডিসেম্বরের,1
ডাকাতিকে,1
আনসাবস্কাইব,1
প্রতিদিনই,1
মাইরি,1
মনত্রী,1
ভাইজিকে,1
গণতন্ত্রের,1
স্বৈরশাসন,1
বয়ে,1
গৃহযুদ্ধে,1
জালিমদের,1
অনকিত,1
টানাটানি,1
ছিড়তে,1
01625959562,1
মিয়ার,1
মাইনষের,1
হাজবেন্ড,1
ওয়াইফের,1
জাইগাই,1
পছন্ধ,1
মনটাই,1
দরকারে,1
কেরাণীগঞ্জের,1
জিনজিরায়,1
এইখানের,1
ধলু,1
দিয়েদেন,1
ভাগিনা,1
কমেমেন্ট,1
তাতক্ষণিক,1
লজ্জালাগে,1
কনর্ফাম,1
বোকামির,1
দণ্ডতো,1
শহরবাসীদেরকে,1
দিয়েন‌,1
পুলিশেরি,1
পিতৃ,1
ওয়লার,1
পুজা,1
বীরগঞ্জের,1
সাধনা,1
পারেননা,1
কালীর,1
অবস্থিত,1
প্রসিদ্ধ,1
অটো,1
অাজিব,1
ম্যানুয়ালি,1
ছারেন,1
ক্যাপশনে,1
কবজি,1
আপাদ,1
মস্তক,1
রিভিউএর,1
ধর্মাবলম্বীদের,1
জাঙ্ক,1
সুগার,1
বয়েসে,1
কোম্পানিতে,1
অনেকদিনের,1
ওঠেনি,1
1টি,1
খুচুরি,1
ঘরানা,1
শোনাবে,1
বালতি,1
নারায়ণগঞ্জের,1
সনাতন,1
মকবুল,1
ছাএলীগকে,1
জনিকে,1
হয়রানির,1
মাওলানা,1
বয়ান,1
ছাড়তে,1
ব্র্যাঞ্চে,1
মারানির,1
পুতাইত,1
আওয়ামিলিগের,1
পিকে,1
বুঝবেনা,1
নতুবা,1
জন্মাইতে,1
অধিকাংশের,1
দ্বারাই,1
সংগঠিত,1
ডিলেট,1
ফোকাসড,1
পেপারস,1
মাতানই,1
অনেককিছু,1
ড্রোনশট,1
মাইন্ডে,1
এস্কোবারের,1
বডার,1
নম্বরটা,1
হাততোলেন,1
কাউচে,1
রেস্তোঁরাঁ,1
ফেপে,1
উর্ধতন,1
অনুমতির,1
বাংঙ্গালী,1
নিরুপায়,1
মেজিষ্টেট,1
হেডলাইনে,1
5ওয়াক্ত,1
ভিউস,1
গ্লোবালি,1
আল্লাহরে,1
অদ্বিতীয়,1
বাকিকে,1
হালারপুতেরা,1
সৌরভকে,1
দীর্ঘশ্বাসকে,1
দিলুম,1
ব্যক্তির,1
পুরুস্কারের,1
মালিকদেরও,1
হাইলে,1
আইয়ুন,1
সম্পদশালী,1
কারুণ,1
ভাইঃ,1
মজুরের,1
উদ্যোক্তাদের,1
টাক,1
কর্মচারি,1
পদবী,1
অবশ‍্য‍ই,1
রিপোট,1
কচুর,1
অপ্রতুল,1
প্রীতি,1
নিয়মের,1
রওজার,1
বিড়িয়ানির,1
ক্যেশ্চেন,1
পুজোয়,1
এইটাকা,1
শাষকের,1
উলটাইয়া,1
আসামির,1
পকখে,1
রিপট,1
পোষ্টের,1
12000টাকা,1
হয়ও,1
শুকনা,1
পুশে,1
জমিনে,1
ক্ষমতাশালী,1
গজবে,1
জমিন,1
বিহাইন্ড,1
পরিবেশনটা,1
কায়দা,1
কাটো,1
চিকেনের,1
বিরিয়ানিকে,1
গেপতার,1
সাদারন,1
নামা,1
হীরক,1
রাজার,1
টাতে,1
সীন,1
আনসাবস্ক,1
আরামজাদা,1
লোকেশনের,1
50হাজার,1
ইন্সটা,1
ডট্কমের,1
গ্যাঙ্গ,1
অরহর,1
গণ্ডিবদ্ধ,1
একঘেয়েমি,1
একটানে,1
সুখাদ্যের,1
কালিন,1
মাতৃাষা,1
টিউবওয়েল,1
ন্যায়সঙ্গত,1
ড্রেনের,1
আমাকেই,1
হেল্পিং,1
এরাইবাল,1
টেংরাবান্দা,1
01718804890,1
01614000789,1
01618804890,1
ব্রান্ডের,1
ইইন্ডিয়ান,1
সঙ্গত,1
দাবির,1
নেয়ার,1
একাত্মতা,1
আন্দোলনে,1
‌‌‌‌তার,1
নেড়েদের,1
বীর্য,1
মিশায়,1
জায়গাটির,1
ছেলেদেরকে,1
সেইটাই,1
বোঝানোর,1
রুগীর,1
শুয়ে,1
চুলতো,1
নাগরিকদের,1
জীবন-যাপন,1
খাইলাম,1
প্রটেকশন,1
প্রদীপটাও,1
মাুনষকে,1
বাছবেও,1
মরবেও,1
লেবুচুরের,1
রুচিও,1
আপনজন,1
সরকারত,1
দরসনের,1
জাবিন,1
আনসি,1
হিষ্টরি,1
বোগরাতে,1
রাঙ্গামাটির,1
প্রত্যন্ত,1
.কেনো,1
.আজীবন,1
বন্দরে,1
কর্তৃত্ব,1
সার্বভৌমত্বহীনতা,1
নাড়ান,1
ব্যয়াম,1
বীরত্বের,1
সর্মাট,1
তেহেরীর,1
মাখলে,1
বালিভ্লগ,1
আলুপোস্ত,1
ছুঁয়ে,1
দিয়াও,1
জেগেছে,1
অনুপেরনা,1
সিজোন,1
পেটভরে,1
শাহাজালাল,1
ফুছকা,1
করলেননা,1
মিসই,1
পরিচর্যা,1
তেহেরীতে,1
খানেক,1
ঘুমাতে,1
চলছিলো,1
ইনশআল্লাহ্,1
ট্যাসিনো,1
এটুকু,1
আঁচ,1
গাইডলাইন,1
স্টে,1
খরচসহ,1
আনুষাঙ্গিক,1
বানিয়েছিলাম,1
ওইটাতে,1
কুওাদের,1
চপহারা,1
বাজছিল,1
পুরোদমে,1
আইচ্চা,1
ভিডিওতেও,1
বাল্লারাম,1
রাধারমণ,1
করেযাবেন,1
প্যারা,1
ওরিজিনাল,1
ঝালও,1
দামতাও,1
তাবিবও,1
সুধ,1
চ্যনেলের,1
মুরুব্বি,1
গাছের,1
পাতাও,1
নরে,1
ধরতেছেন,1
মাসুদা,1
ভাট্রিকে,1
নিরপক্ষ,1
উপস্থাপককে,1
নড়াইলে,1
রেজেলা,1
পাটিয়ে,1
মাশা'আল্লাহ,1
পাবাই,1
বসলো,1
11নম্বর,1
মাঝারি,1
ফালায়,1
বেহায়ারা,1
শফিউল্লাহ,1
অনাদের,1
মূখে,1
রেটিংটা,1
আইসো,1
বুঝবা,1
পাবোলো,1
বুনকে,1
এসকোবার,1
এসকোবারের,1
নখের,1
কামান,1
সোনারা,1
পাড়াতো,1
কলোনিতে,1
হইসি,1
পেকেটে,1
বসেওত,1
পুলাগোর,1
রসনাপ্লাবী,1
বেঘাত,1
দনের,1
সম্ভ্রান্ত,1
আমাজনে,1
অ্যালবামের,1
বিসিবিদের,1
ধন্যবাদান্ত,1
জাও.,1
ক্যামেরম্যানের,1
ফাল্গুন,1
আপুভাইয়া,1
বনজ,1
কুমারের,1
প্রশয়ে,1
ধ্যনবাদ,1
বোঝিয়ে,1
নিজামউদ্দিন,1
জাউ,1
করিয়েন,1
01752623978,1
চুলা,1
জীবনযাত্রার,1
ব্যয়বহুল,1
পরদা,1
মেনেই,1
রয়েলের,1
বাদামের,1
প্তিদেন,1
ধরনী,1
বন্যায়,1
সাবলিল,1
আপুঃ,1
বামউল,1
লিপিস্টীক,1
বেথা,1
অনুপ্রেরণাদায়ক,1
২০০৩সালে,1
২০১৯সালে,1
কালোকে,1
সাদাকে,1
চিরজীবন,1
দম্ভ,1
নেতাদেরকেও,1
কাফন,1
সারে,1
পরাবে,1
পাফন,1
দুর্নিতিবাজদের,1
বিচারর,1
নিশ্ছিত,1
গফ,1
মোচর,1
যাইবা,1
ভাবনার,1
প্রদত্ত,1
তুইকি,1
ডিনারের,1
অমিতকে,1
চড়াচ্ছে,1
তসবিহ্,1
নিবেন্না,1
কমাই,1
ড্রিগ্রির,1
সেলামিটা,1
টুকটাক,1
ঘোড়ার,1
কাজকে,1
৮৭০,1
রূপি,1
সত্যিটা,1
007,1
লিখতেই,1
আনন্দদায়ক,1
সাংবদিককে,1
খ্রিস্টান,1
মিসেস,1
দেইনাই,1
তাগরে,1
ব্বেসা,1
দূঃখের,1
বিবেকবান,1
হয়েও,1
নির্বোধের,1
সহ‍্য,1
কাপড়ে,1
হাগা,1
কল্লা,1
ঘড়িটা,1
গুজবে,1
ফেরে,1
অরজিনাল,1
৩০-৩৫,1
মাক্স,1
লালার,1
কণা,1
ছিটে,1
জন্মদিছে,1
মুডি,1
মন্তব্য‌ই,1
সর্ণ,1
অংগন,1
বাচনভঙ্গি,1
তিল,1
ব্রেক,1
সাভারে,1
পিরিয়ে,1
প্রত্যাশিত,1
মাঁঝ,1
ইনসাআললাহ,1
চাবাইছি,1
চ্যালেঞ্জের,1
ট্রিক,1
পানীয়,1
প্রাচ্চ্যের,1
নায়িমের,1
পারস্য,1
চাইলাম,1
উঠবো,1
পাঠাইছে,1
শ্রম,1
‘শামসুর,1
রাহমান’,1
সৃস্টিকরতা,1
কামরাই,1
পিপির,1
উক্ত,1
সাংবাদিকক,1
রাষ্ট্রিয়,1
লেখলেও,1
জেমনি,1
অম্রিত,1
যমুন,1
পার্কের,1
অাবালে,1
ইনিডিয়ান,1
কারেন্সি,1
প্রহর,1
হচ্চেনা,1
পরকাল,1
ত্রমনেত,1
হাতিরও,1
সহায়তার,1
ছারায়,1
দেওন,1
পারলামনা,1
ওইরকম,1
ধোকা,1
তাহসান,1
থ্যাংক্স,1
পাথর,1
সালাকে,1
ওয়েটারের,1
ভোটকা,1
বিছরি,1
চারজনের,1
আঁকবার,1
বেঈমান,1
লাগাইছি,1
আশ্বাষ,1
বিশ্বাষ,1
ভাংলো,1
অবধারিতভাবে,1
আশঙ্কা,1
ট্রাম্পের,1
পিছন,1
হুয়াওয়ের,1
মেট,1
থার্টি,1
ফোনটি,1
ছ্যার,1
সিনা,1
মোমোর,1
পার্টে,1
ওমামো,1
জুরযার,1
বুইল্লা,1
গেছু,1
মুগদেশের,1
ওবস্তা,1
আগামির,1
রাস্ট,1
ছেচড়া,1
বধ,1
প্রশ্নর,1
গেলো.,1
ভেটকিয়ে,1
হেট্রিক,1
ঋিন,1
শোধ,1
খেলবি,1
প্রধানমন্তীর,1
আত্মীয়রা,1
পুকুর,1
লিগাল,1
বিজনেসম্যানদের,1
পানীয়টি,1
রসনায়,1
পারসে,1
খবিশের,1
ট্রানজিটের,1
দূর্ভিক্ষ,1
পুলিশতো,1
কম্,1
ঠিকভাবে,1
করিলে,1
হনুমানে,1
আন্দুলনের,1
হাছিনারে,1
ঘুরলো,1
খাইসেন,1
জানুয়া,1
মানুুষ,1
দুর্ভিক্ষে,1
খাচ্চর,1
মেট্রিকটন,1
ভটকা,1
হয়ছ,1
ক্যেমেরা,1
পরিবারটি,1
ঈমানদারী,1
গাডি,1
মিটাপ,1
ভিডিওগুলি,1
ভিডিওগুলির,1
উপাদেয়,1
সংবিধানে,1
মো.,1
সবকিছু্ই,1
ন্যাশনাল,1
প্যারিস,1
সুস্টু,1
মিনিটডিসি,1
ইন্টারনালি,1
জন্মায়,1
খুভ,1
বিমাহীত,1
ছোখ,1
প্রানোচ্ছল,1
স্বাতন্ত্রই,1
তার.,1
বাইন****দ.,1
পা****.,1
বরজন,1
যাকের‍্যাব,1
খুঁজছে,1
সপ্তপদীর,1
স্পেশালিটিই,1
গেচেন,1
নুসা,1
পানিদার,1
কিনেছন,1
বিচারটা,1
দিতেছি,1
লোকি,1
কচুক্ষেত,1
এখুন,1
কয়দিনে,1
ইফতারিতে,1
কেবিনে,1
হেটেলে,1
পিচ্ছির,1
10বার,1
ছ্যাঁচড়া,1
হাইজ্যাকার,1
মাসির,1
সবসময়তো,1
পাটি,1
ফাকি,1
ভোজনরসিক,1
পোড়ানোর,1
হয়ছিল,1
পতিত,1
লাগে♥,1
অর্ধাহারে,1
ভাল্লাগলো,1
ফুরায়,1
বেটি,1
যশোরেও,1
ম্যানেজমেন্ট,1
ইম্প্রুভ,1
মেঘপুঞ্জি,1
রিসোট,1
ওয়ালা,1
মানোষ,1
শানতিয়,1
মাশরুম,1
অনার,1
একটুকোও,1
আমনে,1
পক্ষাঘাতের,1
ব্যাক্তির,1
থ্রেডে,1
জাতটা,1
ভালভাবেই,1
জিয়ান,1
টুকরার,1
শিটাকে,1
শিখাইতে,1
জ্বালা,1
এয়ার,1
হরিদাসপুর,1
সাড়,1
তই,1
পিয়া,1
ছোয়ার,1
প্রভাবিত,1
পাফনই,1
ধংশের,1
রাওজা,1
প্রাইসটা,1
ফুরাবে,1
লেও,1
সুয়রের,1
ফিশ,1
পতারনা,1
খতিয়ে,1
ফাদারদের,1
নেভার,1
শীর্ষ,1
মুচকি,1
চট্টলার,1
সিংারা,1
সমুসা,1
সুখটা,1
এবারে,1
দেখাহোক,1
শুঁকুন,1
বেইমানের,1
কৃত্ত,1
রাষ্ট্রীয়,1
মর্যাদায়,1
দুর্ভাগা,1
জানিয়েছি,1
নাজিমুদ্দিন,1
ট্রান্সফার,1
আমর্থন,1
রয়ল,1
মাহমুূদ,1
বুস,1
খাওয়া+,1
"""মানবতা""",1
উল্টে,1
হকুম,1
এখোনএখোনো,1
জাফ্রান,1
শিলিগু়িতে,1
অবসতা,1
বেডারে,1
ঘুরিয়ে,1
পেন্টি,1
টানবাজার,1
দড়ি,1
বাইন্ধা,1
নীরস,1
কর্কশ,1
মাইন্ডেড,1
পারবেব,1
গিম্বেল,1
"""আমারও",1
দিবেনই,1
ছা,1
ছপ,1
ছামুছা,1
গুলাও,1
(৭),1
্৩৫+,1
;৫০টকা,1
দিলাও,1
পানসীর,1
অখন,1
এসবে,1
ছাইড়া,1
টয়েলেটের,1
দহরম,1
মহরম,1
ঘেঁটে,1
মতলব,1
দেশসেরা,1
ক্ষীর,1
আয়না,1
জাযা,1
কাল্লাহু,1
জড়াবেন,1
মানাত,1
চাইবেনা,1
এডিটের,1
সিগারেটখোর,1
আলহাম্দূলিল্লাহ,1
বানালাম,1
মিসলে,1
সিংহভাগ,1
দুইপক্ষ‌ই,1
আপ‍্যায়নটা,1
উভয়,1
দোতলার,1
জিপি,1
বিদ্যমান,1
সাহরি,1
অনুপযোগী,1
সারদা,1
নারদা,1
রোজভ্যালি,1
আপুনি,1
লেখালেখি,1
কেঁদেই,1
হাউমাউ,1
ভ্রূণ,1
মমতাময়ী,1
মাংসাশী,1
বসবাসের,1
রক্ষকই,1
রখখক্ক,1
ডুবাই,1
প্রযত্ন,1
প্রএ,1
প্রজন,1
কথাটাকে,1
অর্ধ,1
পর্দাশীল,1
লজ্জাবতী,1
ললনা,1
নাড়াচাড়া,1
ট্রাভেলস,1
হাভাইতা,1
বখক্ক,1
চুমুকটা,1
প্রতিবাদের,1
অলাইকুম,1
কাতার,1
সিঙারা,1
বিড়িয়ানি,1
ওনারাই,1
গুলশানে,1
হেলমেট,1
অলওয়েজ,1
ঢুকেন,1
সসতা,1
ফ্রেঞ্চ,1
নায়িকাদের,1
সবমিলিয়ে,1
ফিল্ম,1
ভয়ং,1
ক্ষীন,1
হালালের,1
গিম্বাল,1
প্রয়জন,1
সহায়ক,1
নিওম,1
পারহলে,1
মোরবিনা,1
পরিপাটি,1
খায়ও,1
"""মানুষ",1
শাঁক,1
অবহেলার,1
অমক,1
তমক,1
সম্পাদক,1
করনেই,1
বকাটে,1
বেয়াদপ,1
অাকরাম,1
পেটমোটা,1
দেখাইলে,1
পানিটা,1
সাবক্রাইবার,1
হীরো,1
নারে,1
পাগলু,1
অল্পতে,1
শিগগিরই,1
কাবাবিয়া,1
পুরস্কারটি,1
হতভাগার,1
ভাবিরে,1
এইজদি,1
সচ্ছল,1
জনগণও,1
হেঁটে,1
আপ্যায়ণ,1
শাফায়াত,1
বান্দার,1
এলাহাবাদী,1
আতি,1
ফাইটা,1
জাইবন,1
লাগাম,1
মস্কোতে,1
খাইচোস,1
কেইশ,1
থামছিলাম,1
হেকারদের,1
কাই,1
কারবার,1
তামাস্যা,1
কালেকশন,1
খারাপির,1
দামা,1
শিরি,1
লিস্টে,1
জাইগার,1
ভালোহতো,1
সমোর,1
এস্কিন,1
হাসবেন্ড,1
একসাথেই,1
জীবের,1
ট্রিপল,1
ফিলার,1
ভেংে,1
হয়ছি,1
উৎকর্ষতায়,1
সবয়া,1
ভূলবেন্না,1
শিষ্টতার,1
তাড়াহুড়ো,1
যাবজ্জীবন,1
অভিযানে,1
হচ্ছ,1
ভাংগা,1
কাঁপতে,1
ঝালেই,1
সাতকরার,1
চনমনে,1
খুলবে,1
ভাঙ্গাইয়া,1
খাইছোত,1
টিকেটার,1
অংক,1
চাউমিনের,1
হাবড়া,1
হুমিকি,1
ভারতবর্ষের,1
৮১০১২৪৪৭৬৬,1
লক্ষ্যণ,1
বাটনের,1
হারূনের,1
ঐখানেও,1
ভিতরণ,1
গ্লোরিফাই,1
পাব.তাইলে,1
হতাম.ধন্যবাদ,1
এপেলোতে,1
এইসবের,1
তুচ্ছ,1
মিলনের,1
সর্বাংগীন,1
সেলিলা,1
চুষতেছে,1
ডিফরেন্ট,1
উদ্ভাবিত,1
ঢেঁকি,1
ঘরেও,1
দুনিয়াতে,1
শপথ,1
ছাড়বো,1
নিয়মটি,1
গ্যাপ,1
লাগনোর,1
মাউথপিসটা,1
ইনকামের,1
ধান্ধায়,1
পোলাওতে,1
ঘ্রান,1
বমের,1
লিস্টই,1
"জন্য""",1
আওফাও,1
মুটকি,1
শপগুলোতেও,1
পেলামনা,1
ধর্মকে,1
তোরই,1
জাতিভাই,1
মুসলিমই,1
নিয়েছেন,1
মিতা,1
গার্মেন্টস,1
পন্যর,1
মাইয়্যা,1
আইটাম,1
আপ্নি,1
রাজু,1
পশ্চিম্বঙ্গবাসী,1
উপাদেয়,1
ত্ররকম,1
থাকুন৷,1
ছেলেও,1
ছুরাঘাতে,1
ড়াক্তার,1
নিষেদ,1
একায়,1
আনগুল,1
অভ‍্যাস,1
পান্তা,1
লোকগুলিও,1
শাজা,1
কাকড়া,1
সিটের,1
লবস্টার,1
ইউটিউবিং,1
আরিইইই,1
ইফতারটা,1
শুলাম,1
সেইইই,1
খাবারগুলি,1
যাওতে,1
বাথরুমের,1
আস্সালামু,1
দেওয়াকারী,1
আলাই্,1
কুম,1
রহমা্,1
তুল্লাহ্,1
পারিস,1
তুলেদিতে,1
পাসি,1
দেওয়াহোক,1
বাংয়ালি,1
গলায়,1
রশি,1
চাটবো,1
উত্তরটাই,1
দুর্ভাগ্যবশত,1
স্পর্শ,1
ইরিটেটিং,1
লাগতেছিলো,1
চোরদেরও,1
ম্যন,1
হায়দরাবাদি,1
জাফরানি,1
বিপত্নীক,1
অশক্ত,1
ফ্ল্যাটে,1
আটকা,1
সৌজন্য,1
ওপরওয়ালা,1
ধুরমিয়া,1
জেকানে,1
সেকানে,1
এু,1
বটতলা,1
কিষ্ণচূড়া,1
বটগাছ,1
রেধেছে,1
তাকেন,1
ফিট্,1
আত্মসাৎ,1
গ্রহ,1
কিল্লাই,1
ফেল‌বে,1
পিছুনে,1
মালুদের,1
দরান,1
লাগুগ,1
স্টোরেজ,1
কন্ডিশনের,1
মাউরা,1
এমাজিং,1
হস্পিটালিটি,1
চুকিয়ে,1
ওদিকেই,1
নিউয়োজ,1
কাংঙ্গালী,1
পহশন,1
স‌রি‌য়ে,1
দেহজুড়ে,1
জারজের,1
জনগণেরই,1
পাথুরে,1
ঝিরিপথটা,1
বাছবে,1
খাওার,1
স্তাইল,1
চুদুর,1
বুদুর,1
সব‌কিছু,1
বদদোয়া,1
মা-বাবা,1
হুগায়া,1
নিরদিষ্ট,1
ধনি,1
দাইমন্দ,1
সনা,1
লক,1
আন্দাজে,1
সেকলো,1
ধরাই,1
রাসবিহারী,1
মোড়,1
চপাইয়া,1
সেজন্যই,1
বলতেছিস,1
মেরিডিয়েনের,1
কাঁপলো,1
মাসটাতে,1
আসেপাশে,1
ব্যবসায়িক,1
আয়নের,1
থাকোস,1
তুলার,1
মেয়াদউত্তীর্ণ,1
পেইন্টের,1
ঘার,1
কুচ,1
কেহতাহে,1
ধনিদের,1
কালুর,1
ব্যথার,1
স্যান্ডুইচটা,1
প্রেরন,1
ভাইজাম,1
সমুখ,1
পানে,1
রাক্ষসের,1
গিনা,1
নির্বিকার,1
নিম্ম,1
লাইফস্টাইল,1
খুঁটিনাটি,1
স্যান্ডুইচে,1
প্লস,1
মস্ত,1
পরেছেন,1
শালীন,1
দেখাচেছে,1
টাইটেলে,1
ছোটোবেলায়,1
স্মৃতিবিজড়িত,1
যায়গা,1
থাংক্স,1
নস্টালজিয়া,1
চ্যালা,1
যাইব,1
বাড়তি,1
তথাপি,1
অতিসাধারণ,1
ডিলার,1
অভর্থনা,1
পূর্বাভাস,1
হাদিয়াটা,1
বিবিধতা,1
ধরবেন,1
পেশাদার,1
টেনিস,1
বতর্মানে,1
তিকি,1
টেলিটক,1
ডিবিবিএল,1
লোল‌,1
গিয়েও,1
পিঠে,1
ফর্ম,1
কাস্টমারের,1
বেচেনা,1
এডা,1
চ্যানেলটাকে,1
পয়সায়,1
পরোক্ষ,1
অপরাধকেই,1
খরচটা,1
গ্রামগুলোতেও,1
বনফুল,1
ক্ষমতাশীন,1
পরিবেশকদের,1
কোপ,1
উপস্থাপনাটাই,1
দাম্পত্য,1
বেবির,1
লাগাড়,1
ঢেকেই,1
দাঁতের,1
কিচমিচ,1
আস্তাই,1
ক্যাসিনোর,1
নরেচরে,1
মেজবানি,1
ভ্রাম্যমান,1
গুলোতেও,1
জায়গাতেও,1
3তায়,1
জিহবার,1
একান্তই,1
ক্ষমতাশীলদের,1
মাবুদ,1
তুষারও,1
১.৩৭,1
স্মার্ট.,1
খান.,1
বিশ্বাসযোগ্য,1
চিড়িয়াখানাতে,1
মালিকানাধীন,1
ভরাই,1
স্টেবিলাইজার,1
প্রতিরোধের,1
শুভাকাঙ্ক্ষীদের,1
প্রেসারে,1
মোচাতে,1
মুলতঃ,1
মালুটেরিয়ান,1
পারের,1
মালুগুলো,1
সমানে,1
মন্দির,1
দর,1
সন,1
অ‌নেক‌দিন,1
পেলা‌ম,1
খূব,1
ভি‌ডিও‌টি,1
পে‌য়ে,1
পরিবহন,1
ধান্দাবাজির,1
ঢাকায়ও,1
ফেরিওয়ালা,1
বেদানার,1
জুসটা,1
টেক্সটার,1
কমলো,1
মুসাপুরে,1
ধোঁকা,1
ভুয়,1
কোরিয়ান,1
৬৪,1
রঙ্গের,1
বেড়াচ্ছি,1
ভাইয়া☺️,1
স্বচিত্র,1
প্রত্যেকে,1
আলুটোলা,1
গুহা,1
রিসাং,1
ঝরনা,1
রির্সোট,1
নুডুলসের,1
বেইশ্যা,1
নিজামে,1
হলেঃ,1
ব্রাইটনেসে,1
রিকশা,1
জুয়ারী,1
“ভালো,1
চাকতে,1
বেরোয়,1
পাঙ্গাসের,1
পিসের,1
কাঠি,1
মহিল্লা,1
৯৬,1
নায়,1
পাহাড়তলী,1
কেন.,1
এখনই.,1
লেস্ন,1
লাগিয়েছে,1
ঢুইকা,1
জায়গাটার,1
ফালাইলো,1
বরোফ,1
পোরছে,1
গলায়,1
পড়ানো,1
ইসরাইল,1
আপনজনেরা,1
দিয়েও,1
আকাশেও,1
প্লেন,1
প্রেমি,1
ছড়ায়,1
টিক্কা,1
পুরার,1
ইমিডিয়েট,1
00,1
পিচ্ছিটা,1
নেপালিরা,1
বুড়ো,1
ঘরকে,1
বলবৎ,1
(এমন,1
ধারাভাষ্যকারের,1
সামীই,1
ধারাভাষ্যকার,1
অকে,1
ডুয়েল,1
এন্ট্র,1
অর্থ্যাৎ,1
বিসমিল্লাহও,1
জাব,1
জাচ্ছি,1
লেখা-পড়া,1
তুমি),1
জঞ্জাল,1
ক্ষনি(২)গাইবেন,1
বাফারিং,1
আগামসিহ্,1
আন্ধা,1
লুলা,1
ছাপিয়ে,1
পঁট,1
এঁর,1
1995,1
বিড়ালের,1
ফায়ারিংস্কোয়াডে,1
শক্তিমান,1
ইনসাহ্আল্লাহ,1
দেবেনঃ,1
মারবো,1
তকারিতে,1
থাবা,1
সন্ত্রাসীলীগ,1
বিতারিত,1
করাহবে,1
রাখছেন.,1
গণধোলায়,1
৮৪,1
গ্যাংকে,1
দিতেইতো,1
দেখুন.,1
বহিস্কৃত,1
বুমবুম,1
হোটেলটির,1
রেন্ট,1
কাচ্চিবিরিয়ানি,1
বিড়িয়ানী,1
নিম্নমুখী,1
বেচেঁ,1
ফিরেছেন,1
ভোলেন,1
একনিষ্ঠ,1
গোষ্ঠীর,1
পরিজনে,1
গবেষনা,1
সুখিয়ে,1
নত,1
ক্রান্তি,1
ডাঙায়,1
জোয়ারে,1
নিঃস্ব,1
বিজেতাকে,1
অত্যচারীদের,1
মনচাইতিছে,1
দিলেনতো,1
মাদারী,1
কলঙ্কিত,1
গোল্ডেন,1
তীর্থ,1
পদ্মাতে,1
পৌঁছানোর,1
ভাসবো,1
জেলেদের,1
বসেই,1
দেরে,1
5জি,1
-এর,1
দুঃসাহস,1
পারছেনত,1
(প্রবাসী),1
চিরাচরিত,1
ভুইয়ে,1
রান্নাকে,1
প্রয়োগটা,1
কমবেনা,1
৪০০০,1
বাড়,1
কলাভবন,1
সাজ্জাদের,1
মেন্যুটা,1
দান্দা,1
বিংগো,1
দাখে,1
উচিদ,1
ভিক্ষাবৃত্তি,1
সমসাময়িক,1
সুশাসনের,1
অভাবেই,1
বাড়ল,1
ছাত্ররাও,1
বুদ্ধিমতি,1
পেলনা,1
চৌকশ,1
মিলিটারি,1
পোষাবে,1
কাকাতালীয়,1
শ্যামলীর,1
প্র্যাকটিস,1
এরপরের,1
বাতরা,1
স্ট্যাইল,1
হোটেলটি,1
ফৌজদারী,1
জানাজা,1
মহানুভবতার,1
করবেননা,1
বাবাকেও,1
বিজ,1
ডুকা,1
ইউটুবে,1
খসাই,1
কালেক্টরেট,1
দোকানেরটা,1
শুয়র,1
হইলি,1
অাপাদের,1
নাস্তকের,1
অনুচ্ছেদ,1
কুত্তাই,1
চেচাচ্ছিস,1
বললেইতো,1
লগিয়ে,1
কনটাক,1
বুদ্ধিদীপ্ত,1
সার্বভৌম,1
সাংবিধানিক,1
প্রতিশ্রুতি,1
31,1
43,1
সাধিত,1
পাস্তুরিত,1
উদ্ভাস,1
ভাল্লাগতো,1
জিততো,1
বহুল,1
প্রতিক্ষিত,1
হাসে,1
কুড়ার,1
নাগুর,1
শুনতাম,1
পরলো,1
ঘুসের,1
যমুমা,1
অনুপস্থিতিতে,1
আপনারটার,1
ওয়েলকাম,1
ভীডিও,1
সারসংখেপ,1
নুরুকে,1
খাউয়া,1
একটাকা,1
তফাতটা,1
সুপারহিট,1
ভাড়াকে,1
বড়নবাবের,1
ধকল,1
চাপেরই,1
সিচুয়েশনে,1
নেতায়,1
বিসয়ে,1
সজাগ,1
বিস্মিল্লাহি,1
অভিধান,1
ক্রেস্ট,1
কিনেদিলে,1
ভয়েস্টা,1
আহারকে,1
ছিনি,1
অাইনত,1
জিম্বাবুয়,1
উপজেলা,1
পরেরবারই,1
কল্যানেই,1
বারকাতিল্লা,1
অতিথিকে,1
খানাপিনার,1
তাহারা,1
আবছা,1
ছাড়স,1
সুবহানাল্লাহ,1
লাভা,1
মাংলা,1
জুহু,1
মাদারচোদেরাই,1
ওঁদের,1
অতিথিপরায়ণ,1
মুখও,1
বাঁচলো,1
বালার,1
স্টেকের,1
খায়েছি,1
ফিউচারে,1
সাদের,1
দেরাদুন,1
রাইসের,1
গোবিন্দভোগ,1
স্বাস্থ্যবান,1
বয়সের,1
দিল্লি,1
লাড্ডুর,1
স্টেকহাউজে,1
নিঃসঙ্স্হ,1
স্টক,1
সন্ধ্যায়,1
পরমানু,1
ঝলকানিতে,1
মেসেজটা,1
সামঞ্জস্যতা,1
জেনারেলাইজেশন,1
ভীড়,1
তাচ্ছিল্য,1
দেখালেও,1
জায়গাকে,1
বাড়ান,1
সিনেমাপ্লেক্স,1
সাবলীলভাবে,1
কাঁপড়,1
গড়িয়াহাট,1
সংঘাতের,1
ফিদা,1
ঠাঠাইয়ে,1
থাপপর,1
মশালটি,1
মাযা,1
মেযেরা,1
স্থানগুলো,1
বাঘা,1
ফাল,1
গরিয়াহাটে,1
কারকো,1
নর্থসিকিম,1
মাইতি,1
বারাসাত,1
আপনারই,1
খরচই,1
মজাত,1
হচ্ছে…,1
প,1
পাজি,1
উর্দুতে,1
পাউরুটি,1
এটির,1
ঝিঙে,1
কাবাবই,1
সুময়,1
নিউমার্কেটের,1
দেকলেই,1
নামটার,1
টুরটা,1
বলিনা,1
-আমার,1
ইঞ্চি,1
প্রাইজবন্ড,1
প্রাইজবন্ডের,1
অন্যথায়,1
আইওয়াশ,1
নব্বইয়ের,1
দশকে,1
একাদিক্রমে,1
বিরিয়ানীর,1
প্যান্ডেলের,1
দোকানগুলো,1
ত্রক,1
ত্রই,1
সাদ্বিনতার,1
ভারতির,1
পুলিশলিক,1
আফটার,1
ব্যাট,1
বূঝে,1
প্রতিবারেই,1
কইরেনা,1
জুম্মু,1
হাজবেন্ডকে,1
খেলমু,1
এক্ট্রেস,1
ইলিয়াস,1
মিনতি,1
আচ্চা,1
ডিজ,1
দুজনেরই,1
লোভনীয়,1
ব্যবহৃত,1
পাত্র,1
মানসম্পন্ন,1
ধুরু,1
কেলা,1
প্রিয়াঙ্কার,1
লাগেজে,1
হয়েগেল,1
পলিব্যাগে,1
নামৃবার,1
ঘরানার.,1
লোকও,1
কিন্না,1
ভাবিকেও,1
আ্যতো,1
পদের,1
চ্যানেলেও,1
চটকিয়ে,1
রূপক,1
১৮০,1
পাঠিয়েছি,1
ভাগাড়ে,1
বিড়াল,1
রায়তা,1
এনিওয়েজ,1
দিতেও,1
দেখাইতেসি,1
খাইতাসি,1
বাংলাদেশিতে,1
যাইতেসে,1
লোকজনের,1
স্যুপটার,1
কাঁকড়ার,1
খোলস,1
পারপেক্ট,1
নেতাকর্মীদেরকে,1
রকমেই,1
খন্ডে,1
ধংস্ব,1
নিলখেত,1
জেলাতে,1
মালিকে,1
আউতায়,1
রাসতার,1
কুতা,1
জড়ালো,1
বুজার,1
অনরা,1
অদের,1
১২০৪,1
নিউমার্কেটর,1
রূপকের,1
নামেদুই,1
বানার,1
প্রার্থনা,1
ঈশ্বরের,1
তিনিই,1
পরিবারকেও,1
কোপাতে,1
ধরবো,1
করিমুল্লারবাগ,1
স্খলন,1
জাইহোক,1
ড,1
মাহাথির,1
মোহাম্মদরা,1
২৫০০,1
মুস‌লিম,1
অা‌ছে,1
সাই‌কেল,1
এগোচ্ছি,1
হাগিষ্ণনাই,1
জানাযায়,1
দুর্গাপুজোর,1
কাপানো,1
প্রনালী,1
প্রস্তুতের,1
স্বরূপ,1
ব্লগারস,1
ট্রেন্ড,1
উঠলো,1
চটলেট,1
আইডিটি,1
কাব্যিক,1
হালকা-পাতলা,1
রেটিইং,1
ডূয়ার্স,1
সুটিং,1
এককথা,1
দয়াকরে,1
চ্চচরি,1
চচ্চড়ি,1
পাশবতী,1
জেলাগুলোর,1
ইন্দিয়ার,1
কল্যানি,1
শুভমের,1
রি‌কো‌য়েস্ট,1
ব্যারিটন,1
সন্নিকটে,1
ভ্রমনস্থান,1
ভ্রমনপিপাসু,1
সমৃদ্ধি,1
অতিমাত্রায়,1
ক্লান্তি,1
টাপুর,1
পিচ্চিটারে,1
পু‌লিশ,1
অা‌সত,1
সে‌টি,1
খ‌তিয়ে,1
দেখ‌লে,1
চক্ষু,1
চড়কগাছ,1
গেয়েছিলেন,1
আইস্ক্রিম,1
বোধহয়,1
একজনা,1
ওরছোট,1
এতদিনের,1
অনেককিউট,1
পারসোনাল,1
প্রোমোটের,1
ভাববেন,1
চিনিনা,1
পব্দা,1
জন্ন‌্য,1
এয়ারপোটে,1
টেক্চ্র,1
দিচি,1
শর্তাবলির,1
100%,1
হাটালেন,1
ক্ষেলেন,1
পুওর,1
শিখিনি্‌,1
জোকার,1
কামড়ের,1
দারণ,1
মানুষগুলোই,1
শস,1
⁉,1
বিবি,1
কর্মকার,1
নব,1
অানন্দ,1
প্রথমদিকে,1
গেছেমেতার,1
ইন্ট্রোতে,1
ফেইসই,1
পুৃলিশ,1
চামরার,1
আসামীরা,1
বুকপুলে,1
এটায়,1
বার্নটা,1
ঘরটা,1
দুনিয়াটা,1
স্যালামি,1
উপস্থানাকি,1
এপড়ে,1
রাফটিং,1
সামনি,1
সেজা,1
1বাটি,1
ইমেইল,1
শহস্র,1
কোর্ট,1
খালিশপুরের,1
বিরিয়ানিটা,1
কুলফির,1
বিকাশে,1
পাঠাবে,1
সামনা,1
প্রয়োজনের,1
তেনশন,1
সরু,1
শংকর,1
নেত্রালয়,1
আপোলো,1
অইডা,1
শাহজালাল,1
মাজার,1
জন্মানোর,1
এরাকিচ্ছু,1
অদেশের,1
আগাই,1
সংস্থাটি,1
এনারজেটিক,1
নোয়াখালীর,1
দেশগুলাতে,1
লাগে.,1
মোডাচুদা,1
অাশরাফুল,1
উঠলাম,1
রইছে,1
অমানুষে,1
ভূতের,1
প্রপার,1
শাওয়ার,1
বদলিয়েই,1
প্রাণোচ্ছলতা,1
ম্যাচিউর,1
মিস্টেক,1
টেলিমেডিসিনের,1
ধর্ষণকারীকে,1
ফেলেট,1
পাউক,1
শীল,1
কমেট,1
এবেপারে,1
সুদু,1
বরতা,1
প্লেটটা,1
২০-৩০,1
ফেসবুকের,1
গুয়ায়,1
বল্লেই,1
বেকা,1
করেইনা,1
আমান,1
বাবি,1
পাচাটা,1
পাপানও,1
মিলিয়ন,1
ইদুরের,1
গার্ডের,1
গোরে,1
বিহিষ্কার,1
আঁচার,1
1নাম্বার,1
বিবরণী,1
আলতু,1
দুষ্টুমি,1
আদনানকে,1
ডাকত,1
সেইটাও,1
পুলিশযে,1
হোমকি,1
যৌগ্যতা,1
টুরিস্টের,1
কুলাঙ্গাররে,1
বেটায়,1
ইলা,1
খোঁজে,1
শাউয়ার,1
ফুডারের,1
পাটকাঠির,1
যাবই,1
গোরু,1
ভ্লগারদের,1
পরিক্রমায়,1
অাপনারই,1
অাপনাকেই,1
অাশা,1
বিড়িয়ানী,1
রাষ্ট্রপতিকে,1
মেলানো,1
ভাই_______,1
৮৭,1
ছাইরা,1
মুবারক,1
বেঞ্চটা,1
ভেবেই,1
ঠকায়,1
বৈচিত্র্য,1
স্পন্দন,1
ফকিন্নিদের,1
অনুভুত,1
ম্যাক্সের,1
ডিসেম্বারেই,1
চাইল,1
মাগিদের,1
চুদবই,1
জোউস,1
পক্ষো,1
ঢুকাইব,1
রিকশাওয়ালা,1
কাইছে,1
দর্শনীয়,1
জায়গাগুলোকে,1
নেতৃত্বাধীন,1
র‌্যাব,1
সদস্যকে,1
বড়লোক্স,1
কুচির,1
কারালখি,1
গুল্ট্রাম,1
দোশকি,1
আটান্ন,1
সেঃ,1
জনম্,1
অপকরম,1
ফরিদগঞ্জ,1
বাড়ী,1
উপজেলায়,1
দাজ্জাল,1
বোরকার,1
মাদারচুদেরা,1
জানত,1
ফকিন্নী,1
স্থানীয়রা,1
এইদিকে,1
হইয়গেছেন,1
পায়ে,1
গোলামের,1
কনোদিন,1
ভক্তলোগ,1
যাতায়াতের,1
তারাশঙ্কর,1
বন্দোপাধ্যায়েরও,1
উপন্যাস,1
সপ্তপদী,1
সুচিত্রার,1
উপন্যাসের,1
ভিত্তি,1
নির্মিত,1
স্টিভ,1
জবস,1
ইনোভেশন,1
ঘুরায়,1
ফিরায়,1
গাংগুরি,1
পচন্দের,1
তমাকে,1
তেলোয়ার,1
জেতো,1
বন্যপ্রাণী,1
সাফারি,1
মালুরা,1
রাহা,1
হামলাকারীর,1
ছারতেছি,1
বড়লোকদের,1
সুস্বাধু,1
ড্রেসটা,1
হাথ,1
কাও,1
সুখই,1
মার্চ,1
_এপ্রিলে,1
প্রেজেন্টেশনটাই,1
গাইডের,1
কুমিল্লায়,1
স্কুলগামী,1
চাসপেন্ট,1
কর্তৃপক্ষের,1
গাড়ীর,1
ভূস্কির,1
বিদুদ্ধে,1
কেঠা,1
বাইংচোদ,1
অভিশপ্ত,1
চালাবেনা,1
দেবব্রত,1
চড়া,1
সকর্মকতাকে,1
পার্কে,1
ধরেছেন,1
বি.এন.পি,1
থাকবেঃ,1
সামলায়,1
আল্লাহমালুম,1
আপনারখাওয়ারআগে,1
ক্যমেরার,1
সাবারকরতাম,1
ট্রাভেলস্,1
দেখোই,1
আইজ,1
ফরযন্ত,1
খরসননি,1
প্যাকেজে,1
সাটল,1
মুখেরধৌর্য,1
গোসল,1
অভি্যান,1
হইসিল,1
দোকানকে,1
ইনফরমেশানগুলো,1
ডেলিভারী,1
টানে,1
পোতাওলা,1
একাত্তরের,1
জননী,1
সেনার,1
আপনারক্যমেরাম্যন,1
পাইলি,1
স্টাইকটা,1
দিতাম.,1
চাকচিক্যময়,1
উচ্চারণে,1
বিষয়গুলো,1
বোঝিনা,1
পাসনা,1
শুলতান্স,1
ইস্পেসাল,1
রাধে,1
হৈচৈ,1
দুনু,1
সুবেচছা,1
জুঠা,1
ভাগ্যদ্বেবী,1
ভদ্রতার,1
শিরশ্ছেদ,1
জুম্মার,1
লাখো,1
য়ে,1
কাজটাও,1
দ্বিমত,1
গেরান্তি,1
সালারপুত,1
এডনিম,1
উনিতো,1
কয়জন,1
শিশুসুলভ,1
মাজারে,1
আন’আম,1
মতবাদ,1
বায়্যিনাহ,1
221,1
বাহ__,1
হুমকি_,1
দায়বার,1
হবে_,1
থাকে__,1
কমতো,1
নষ্টও,1
তরকারী,1
পদেই,1
মেশান,1
মেয়নেজ,1
ট্যারা,1
ধণ্্যবাদ,1
আম্র,1
ছোটবেলার,1
অসম্মানিত,1
এক্টারনাল,1
কার্ল,1
মার্ক্স,1
সরনী,1
হানাদার,1
মানালো,1
কুফুরীর,1
প্রাধানমন্ন্ত্রী,1
ব্যাস্তো,1
দ্যাট,1
নামল,1
ফাতির,1
আনকাবুত,1
আহকাফ,1
116,1
সীজন,1
কামে,1
বিলাশে,1
অখাউকা,1
ছুবাহানা,1
অ্যাপার্ট,1
ইনস্টাতে,1
দৌড়ি,1
স্টোরি,1
এভেলেবেল,1
বাসকরা,1
প্রবাসেই,1
ভিদেশী,1
পেয়েছি,1
মেয়েটা,1
আন্তরিকভাবে,1
চুদনা,1
সুনা,1
দৌড়া,1
কুলাংগারের,1
সহতা,1
চাকর,1
জামালপুরে,1
ধারনভংগিতে,1
যত্নবান,1
গতানুগতিক,1
মোড়ে,1
খেও,1
রাবিন্দ্রীক,1
কাব্য,1
স্মুথ,1
দাবাইছে,1
বলতাছেন,1
শম্ভল:-,1
ভিসাকী,1
ভারতীয়দের,1
বলভেন,1
জানো.কাশ্মীর,1
সেলিব্রিটিরা,1
ফলোয়ার্স,1
সিএমসি,1
ভেলোড়,1
হোটেলগুলো,1
মাতৃভুমিটা,1
কুলাংগারদেরও,1
হিরার,1
ম্যানের,1
মাস্তানি,1
কাঙালগুলো,1
ব্যাপী,1
যাল,1
বালবেটা,1
ঝেরে,1
গেআন,1
জতুটুক,1
মুচি,1
কাংকির,1
ডাচবিনের,1
ডাস্টবিনে,1
ফেলাটা,1
গুলিতে,1
হালিমটা,1
আসতেন,1
দুর্গন্ধযুক্ত,1
বেলায়,1
ঘুমান,1
বাঙ্গে,1
*রানা,1
মিটিয়ে,1
বিনিময়,1
বিনিময়ের,1
নয়ত,1
ভিখারির,1
সংগীতটাও,1
কবির,1
ফুরক্বান,1
রা’দ,1
নাইনে,1
188,1
বমভাজা,1
আওমি,1
রেষ্টরেনটের,1
বেশীরভাগ,1
বিউ,1
প্রস্তুত,1
আকারের,1
এখা,1
সম্পন,1
য়ায,1
বেইলী,1
বেলপুরী,1
ভুলবে,1
খুব-ই,1
বল্লেও,1
জানোয়ারগুলোও,1
মায়াাময়,1
ভুগান্তির,1
যোদ্ধারা,1
ধিক্বার,1
থামাতে,1
যন্ত্রনায়,1
বিশাষ,1
রাংকিং,1
মাশআল্লাহ,1
নামগুলোও,1
লাগো,1
আন্য,1
অবো,1
ধমিও,1
ফাইল,1
বাপকেউ,1
লুচ্ছা,1
মির্জাফরদের,1
তারাইযে,1
আছছালামুআলাইকুম,1
নিয়েছি,1
চিড়িয়াখানাই,1
সামারে,1
নেটওর্য়াক,1
রক্ষোক,1
থ্যাংকইউ,1
ভক্ষোক,1
অন্ততপক্ষে,1
সম্পর্কটা,1
উর্ধেই,1
স্পর্শকাতর,1
দেখাবার,1
স্লাইস,1
দেশিয়,1
শিরকের,1
বাচতো,1
ডেফিনিটলি,1
অবয়বের,1
হাজমলা,1
শুনুন,1
আনিসুর,1
লুচছারে,1
অস্বীকার,1
পরিয়ে,1
প্রতিবেদকের,1
তারিফ,1
মারতাছে,1
সৃষিট,1
ছায়া,1
বিসিমিল্লাহ,1
ক‍্যামেরাম‍্যান,1
কোনগুলো,1
সোনারগাঁ,1
ম্লান,1
ফিরেই,1
ন্যাপিটা,1
প্রোগ্রামটা,1
ছলবে,1
বনী,1
ইসরাঈল,1
মুমিনূন,1
117,1
শুয়ারা,1
213,1
আ’রাফ,1
উপরাইবো,1
নওশীনকে,1
প্রমিত,1
সম্পক্কে,1
বলবেননা,1
খাবারটি,1
বেক্কেল,1
সতী,1
কত্তাদের,1
মস্রিন,1
অনেকককককককক,1
হাছিনার,1
কবল,1
কোল,1
খালিহতে,1
সেগুলোর,1
চলছিল,1
যাইয়েন☺,1
জংগীর,1
দেখলি,1
খুজেছে,1
রহিলো,1
ম্যাম,1
এনেও,1
1176,1
দুর্ভিক্ষের,1
ভিক্তি,1
অকাজ,1
সংযম,1
ইউনিট,1
বুঝেননা,1
একমাস,1
কর্ত,1
বুজসনা,1
মেয়েগুলো,1
ঘোমটা,1
মালিন্দ,1
ধরায়,1
চাইছিল,1
গাংগোলী,1
খায়া,1
পাংসের,1
উঠাইলে,1
রবের,1
আজই,1
রিজার্ভ,1
দুবার,1
প্রতিষ্ঠানটির,1
মরল,1
কথাসেটানা,1
নামদারি,1
পেওয়,1
ওবায়দুল্লাহকে,1
চোদরা,1
সিডর,1
মাসুদের,1
ইয়াং,1
100000৳,1
আটকাই,1
মাইক্র,1
সুযুক,1
ক্লাবগুলোতে,1
পড়তাছে,1
দেখাইতেছে,1
চলতাছে,1
কজ,1
বিলাশী,1
ফিরত,1
বিহার,1
কচি,1
রিভিওগুলো,1
অবলম্বন,1
পেড,1
অঙ্গতার,1
গোছালো,1
ক্যালকুলেট,1
পর্যবেক্ষণের,1
জ‌ন্মে,1
বাংলা‌দেশে,1
কলাপাতাও,1
কলাপাতাতে,1
পলিফেনল,1
ওয়েটারদের,1
শুধো,1
পন,1
জেনারেশন,1
রানারে,1
ট্যাস,1
ওগে,1
কাটেন,1
বোজায়,1
পেইজে,1
মনোনীত,1
হয়েছিলেন,1
সিংগাপুরে,1
নরাধম,1
পাপিষ্ঠ,1
আমলিক,1
অলো,1
ডাহাইত,1
আগায়া,1
ডেসক্রিপশনে,1
বাংলদেশে,1
পাঠাবেন,1
ভর্তুকি,1
সেন্ট্রাল,1
ভেটকাইয়া,1
বাংরেজী,1
প্রশ্নঃ,1
পাব্লো,1
চুনো,1
পুটির,1
ছোটরা,1
স্হপষ্ট,1
আইল্যান্ডে,1
বিবেচনায়,1
খানকিমাগীর,1
আশেপাশের,1
আন্কেল,1
চিন্তাশক্তি,1
প্রখর,1
ছেয়েছিলেন,1
নারির,1
টা.সোনার,1
হতো.সেলুট,1
কতৃপক্ষ,1
কুয়াকাটা,1
ওবায়দুল্লাহ,1
পটুয়াখালী,1
গুবলেট,1
কলাপাড়া,1
অইখান,1
সুজোগ,1
চিন,1
সবটিক,1
গ্রেন্ড,1
চাঁদপুরে,1
কলিগ,1
কমার্শিয়ালাইজেশানে,1
কস্টিং,1
লসের,1
ক্যসিনো,1
বেড়াচ্ছেন,1
বইতে,1
খাইবো,1
পাইনান,1
সমসসা,1
দুএকজন,1
টাকাগুলোর,1
মিলতো,1
যেটুক,1
নরপিশাচের,1
বেরাসফায়ার,1
১.৫,1
জেখানে,1
গনো,1
দোলায়,1
কায়দায়,1
সবসানত,1
স্কোর,1
ব্যাবসায়ীদের,1
সততা,1
ব্যাবসায়,1
বেকারত্ন,1
দূরীকরনে,1
জোগাতে,1
প্রথারনা,1
চাউল,1
ভাইব,1
ল্যাংগুয়েজ,1
আঁখিরাতের,1
সিমাবদ্ধতা,1
শোনেন,1
আজ‌কের,1
টাওয়ারে,1
সু্ন্দর,1
রাত্র,1
কাটলট,1
সিঙ্গাড়া,1
ঠাটারিবাজারের,1
লেন্ডার,1
অভিটার,1
ছন্দময়,1
হিন্দুর,1
ছি‌লো,1
পড়ছে,1
দুষ্প্রাপ্য,1
প্রতিকার,1
বউ‌যে,1
কাটান,1
পরামর্শের,1
পজেটিভ,1
কোর,1
হিলসা,1
ভিআইপি,1
চেহারাই,1
দেখায়সে,1
আপ্লোড,1
ব্যারিয়ারটা,1
ততোটা,1
টানছেনা,1
১৯৭৭,1
ঠোটের,1
কালাটা,1
ক্যাম্পাসটা,1
সালেও,1
ঘৃণিত,1
সংখ্যায়,1
দালালেরা,1
মসনদ,1
সংখ্যায়ও,1
অয়েল্ডান,1
ফিশফ্রাইটি,1
ক্যানিংয়ের,1
টকা,1
আনতো,1
ভ্যারাইটিও,1
যেতনা,1
আপোষ,1
পরিমিত,1
সাপট,1
জ্যন,1
রাঙামাটি,1
সজনের,1
ওহহহহহহ,1
এলিফ্যান্ট,1
নাতও,1
ধরের,1
চেইন,1
পাটায়,1
স্যাতসেতে,1
রক্ষনাবেক্ষন,1
ঐখানেই,1
এইটুকুন,1
একট,1
জ্যাকি,1
চ্যাং,1
আত,1
খাইনাই,1
রহিন্গা,1
সিলগালা,1
জাংশন,1
রাসুলুল্লাহ,1
বাইরা,1
কামাইয়া,1
মজিবর,1
শরৎ,1
দাবা,1
এছাড়াও,1
ছাড়িয়ে,1
সড়কের,1
ইলাহা,1
ইল্লাল্লাহু,1
মুহাম্মাদুর,1
সত্য্ই,1
অসাাধারন,1
যানাবেন,1
অল্টাইম,1
বাঁচার,1
বাঁচেন,1
ঝুলিতে,1
স্যাফটারের,1
বিক্কিরি,1
মুন,1
যৌনাঙ্গ,1
রাবান্দ্রনাথ,1
রবিদা,1
যাত্রাবাড়ীর,1
বর্ণমালা,1
বলকেই,1
কত্ত,1
এক্ষুনি,1
হারামীদের,1
সম্মন্ধে,1
বিসমিল্লাহ্,1
কায্যকর,1
হুর,1
মহিলা’র,1
প্যাটিটা,1
বিশেষায়ণ,1
মেট্রিক,1
টন,1
দেকিন,1
আপুদের,1
ধন্যবাদ.এমন,1
চামড়া,1
পাইস,1
সেল্ফ,1
ভালোবেসেই,1
লাগল্লো,1
কিণ্ড,1
অক্টোপাসটা,1
হাঁটাটা,1
রেজিস্ট্রেশনের,1
স্পেশালই,1
রসমঞ্জুরি,1
তাছাড়াও,1
হাল্কাপাতলা,1
নিন01307422166,1
ক্যাঙ্গারু,1
কুফরী,1
শুরুটা,1
আপডেট,1
নিয়ামত,1
ফলোয়ার,1
আইমিন,1
975,1
কাটছিলাম,1
ইন্ট্রো,1
এয়ারফোন,1
হটাৎ,1
হইলুম,1
কাংলাদেশের,1
তানালে,1
প্রতারণ,1
রেমপোতে,1
সীল,1
ননা,1
মােলেশিয়ায়,1
তমবয়,1
হলোমেয়ে,1
ইংজেকসনের,1
মাথ্যমে,1
এস্তল,1
ফু.ন.মাইরা,1
পথে-ঘাটেই,1
প্রতারকের,1
আরসাফ,1
আওতাই,1
ওওঅঅধউসে,1
ঘটাবেন,1
কুচক্র,1
দস্তরখানার,1
খলিফার,1
রক্তচোষা,1
পিচাশ,1
পাব☺,1
ফেরদৌসি,1
অ্যাওয়ার্ড,1
ভালোবাসেনা,1
মেজবান,1
নাগরিকরা,1
বোতলগুলা,1
সংঘর্ষ,1
কাঠমান্ডু,1
ইয়ার,1
উপলক্ষে,1
টাকাতেই,1
পিলে,1
চমকে,1
এরিই,1
18দিন,1
6ঘন্টা,1
মদের,1
ইন্টেক,1
হবই,1
দিছিলা,1
জিপগাড়ির,1
অশাধরন,1
5দিন,1
অনুযায়ি,1
আলসো,1
দেখালো,1
অসয্য,1
ফকি,1
ন্নি,1
কইলে,1
ইচ্ছাই,1
মাঝখানে,1
দারায়,1
এটাতেও,1
ভাউদা,1
সত্যমিথ্যা,1
মারাই,1
লগ্নি,1
চাবে,1
আবহটা,1
ডাকছেন,1
তাওরাতে,1
ধই,1
টেরাই,1
পেয়ার,1
রিকমন্ডেশানে,1
বাচবে,1
ব্যর্থ,1
লাফায়,1
হেডা,1
পাকিদের,1
দেশগুলো,1
চেনার,1
শরিশার,1
বাধে,1
শন,1
পাপড়িটা,1
ইন্দিয়ান,1
হাসব্যান্ড,1
কর্মীকে,1
জেন্ডার,1
কাপুরুষ,1
কর্মীগড়ার,1
ব্যবসায়ীরা,1
৮০০,1
দূরত্বের,1
সুনামি,1
বোর্ডিং-এ,1
"""বাড়ির",1
"খাবার""",1
ঈটার,1
সাবস্ক্রাইবারদের,1
সম্ভবতঃ,1
রিপিটে,1
হেসে,1
এতটাই,1
ক‌য়েকটা,1
সব‌চে‌য়ে,1
হাঁ‌সিটা,1
শুন‌তে,1
খাদ্যারসিক,1
নাজিরাবাজার,1
আংগুল,1
চুষছিল,1
আছে-,1
সিউলবাসীদের,1
র‍্যামেন,1
ইন্দিয়া,1
মাধ্যে,1
সোদি,1
চোর/শুয়োরছানা,1
তুলনাহীন,1
বলবার,1
গেইন,1
গাঁজাখোর,1
পুলিশেদের,1
করাটাও,1
শিংগারা,1
সুন্দরতর,1
ছু.,1
মুম্বাইতে,1
উঠেছেন,1
কেমনেই,1
এফেক্টটা,1
চটী,1
টনকটা,1
নড়ে,1
অলিগলি,1
সবকয়টিই,1
নজরদারিতে,1
কুষ্টিয়া,1
সেলফিস্টিক,1
সমেৎ,1
গোপ্রো,1
সম্বল,1
সময়েই,1
স্মোক,1
হিজলাদের,1
পাঠা,1
হিন্দুরাই,1
ঘেঁষে,1
টুখে,1
ভূড়ির,1
ব‍্যবসা,1
￰নওশিনের,1
সবসমই,1
আমাও,1
রাস্তাগুলো,1
ছেবলামো,1
জঘন্ন,1
রেখেই,1
টপিকটি,1
ওশুভকামনা,1
চেয়ারম্যানকে,1
একলাই,1
কোনহানের,1
শ্বশুর,1
টেলিভিশন'ই,1
অগ্রযাত্রায়,1
কিরুপ,1
উপরি,1
দৃস্টি,1
ভংগি,1
বাড়িতো,1
ফুডব্যাংকে,1
বা‌জি‌য়ে,1
বারাক,1
শুক্রবারেই,1
রেন্ডার,1
ডাকবেন,1
হাসবেন,1
ব্রাঞ্চের,1
ঘুরো,1
তুহ,1
অায়োযোগ,1
ছুঁলুম,1
অসকাল,1
অনুসন্ধানী,1
ক্ষমতাসীনরা,1
ফেলল,1
গিফ্ট,1
থাকিনাই,1
নুছাপিনিতে,1
ফালায়,1
সত্যগুলো,1
বুঝিই,1
শুখাই,1
কাজেও,1
৮৯,1
৭৮,1
হিসাবেই,1
জোড়,1
সুভাগ্য,1
এওয়ার্ড,1
বানিয়েছেন,1
সালায়,1
জোক,1
খান‌কির,1
পু‌তে,1
দে‌খে,1
ভোটচু‌রির,1
চো‌খে,1
পড়েনা,1
সুদুর,1
কনত,1
আপনেরে,1
সুতারং,1
রূপচাঁদা,1
সুন্দরকরে,1
করছেনা,1
রয়েল,1
ওয়ালার,1
মাযেমধ্যে,1
কারনকি,1
মুক্তিযুদ্ধে,1
দিয়েছিল,1
গাওয়ার,1
ভাগনির,1
ময়না,1
থাকোক,1
পানার,1
ছাড়বো,1
প্যরামাওন,1
গিফ্টটা,1
দুরা,1
কুষ্টিয়াবাসী,1
ক্ষ্যাপে,1
যথারীতি,1
পেকেছে,1
ইমপোর্ট,1
তাদেরও,1
অপরে,1
প্রোডাক্ট,1
বেচলে,1
অনায়াসে,1
গরিবরে,1
পুলিশরে,1
দইরা,1
ওচিত,1
মেনুতে,1
কোয়ান্টিটি,1
আল্লাহতালার,1
দজন,1
সেটটা,1
লটারিতে,1
এদেরকেও,1
জমজম,1
১৬০,1
উরা,1
চেছস্তা,1
পূতি,1
আছলে,1
ভীতি,1
বয়সেও,1
সামলায়ে,1
আগামাসি,1
কিছুক্ষন,1
ইকটু,1
পোরাটা,1
সেইভাবে,1
ইনিশিয়েটিভ,1
বুদ্ধিটা,1
আৱে,1
আলদা,1
ফাশানের,1
কাকারা,1
পক্ষপাতি,1
ভাড়ায়,1
মাওয়াঘাটের,1
নিরালা,1
ধন্যবাত,1
বানায়সে,1
বানাইসে,1
ডাকুন,1
আন্ডাররেটেড,1
ক্যামমে,1
ওবামা,1
রেন্ডিয়ান,1
দেয়ায়,1
বাড়ছে,1
বাসিন্দার,1
পযটক,1
হিসাবেবেড়াতেও,1
দু্র্নিতি,1
কাটছে,1
কইসেন,1
ল্যাব,1
শহিদ,1
আবরাব,1
দেশপ্রেমিক,1
কেনাকাটা,1
ইডিটিং,1
এভং,1
শুঁটকির,1
স্রিম্প,1
সহায্যের,1
কমু.,1
অক্টোবরে,1
ছাঙ্গুলেকে,1
এগলো,1
কামানের,1
সাইজে,1
সেভ,1
এতোবার,1
চত্তর,1
তখনতো,1
বোর্ডে,1
হারিযে,1
অাপু,1
তামশা,1
পাব্লিক্যালি,1
আব্রারের,1
মরন,1
ভিউয়ারস,1
ছিলো.,1
দিয়েছে.,1
অাহা,1
রাসিভ,1
ভাইয়া&,1
ইফসা,1
ফিরলে,1
কল্পনার,1
বুঝাযায়,1
সাশ্রয়,1
নমনীয়তা,1
লনচে,1
বলক,1
স্যাররা,1
স্বাস্থ,1
সর্বনাশ,1
বচ্ছান,1
প্রদেশের,1
*৩*,1
রিপলে,1
থাকমু,1
করাইনা,1
খাওইয়া,1
ভাবতেছিলা,1
নাজানি,1
সালামুআলাইকুম,1
বিবিসি,1
কেরানিগঞ্জ,1
আন্ডারগ্রাউন্ড,1
ফুসকার,1
রইলো☺☺☺,1
পিচ,1
মহোদয়,1
খেটে,1
বলছিনা,1
ইনজয়,1
খওয়া,1
ইনফ্রাস্ট্রাকচার,1
ইন্ডাস্ট্রি,1
পরিকাঠামো,1
ফুডিজ,1
ইন্ট্রোটা,1
অররে,1
গোলচক্করে,1
অসাস্থ্যকর,1
কাঞ্চনজঙ্ঘার,1
ক্যামেরাবন্দি,1
চু,1
সাওয়ারমা,1
বাড্ডাতে,1
ফটোশপে,1
তানভীর,1
শন্তাশ,1
ডুকে,1
দার্জেলিং,1
যেয়েও,1
হইছে.বাইক,1
স্বল্প,1
মুল্যে,1
দাড়িয়েছে,1
ভাব্বে,1
অ্যাডোব,1
থাম্বনেল,1
ডা.,1
পাপড়ি,1
যতদূর,1
পাপড়ি,1
ইউনিকোড,1
লিখব,1
মাংসটাও,1
খাওয়ায়েন,1
শেষটুকু,1
সারাবিশ্বের,1
বিষ্ময়,1
ওষুক,1
পা‌রেনা,1
ই‌ন্ড‌িয়ান‌দের,1
একবাৰ,1
কৃতি,1
বাতকানা,1
ছেংরাবান্ধা,1
25শের,1
চাপাই,1
নবাবগঞ্জ,1
খনকির,1
পোলারে,1
ফিটাইয়া,1
হাডি,1
গুড়ি,1
কইরাদে,1
বুয়েটয়ের,1
-ই,1
প্রোমো,1
বিষটি,1
ওইখানেও,1
ভালোঘরের,1
রেনাল,1
ফেইলুরের,1
পেশেন্ট,1
রেস্ট্রিকশন,1
দেওয়াতে,1
সপরিবারে,1
হুনোমান,1
জেনারেটর,1
মিটাদিয়া,1
তেনা,1
হেডাতে,1
удобнее,1
সৌভাগ্য,1
ইসলামীক,1
সাশন,1
কায়েম,1
টালা,1
তদন্তে,1
সবোর্চ্চ,1
হোক✌✌✌,1
Ложка,1
вилка,1
намного,1
изобретены,1
এদরনে,1
давно,1
করসিল,1
মৎস,1
মিজানুর,1
আজহারী,1
আলাহ,1
উম্মম,1
জমজমাট,1
এগ্লা,1
সোনারা.,1
ব্যারিসটার,1
চালাইলে,1
আকামলা,1
পুলিশগুলোরে,1
থার্ড,1
জার্মানী,1
ট্রাডিশনাল,1
জার্মানীর,1
স্টূটগার্টে,1
মোডা,1
শর্মিলা,1
ভদ্রবাবেও,1
️️,1
ভবনে,1
ভ্লগস,1
বেষ,1
ঠকবাজদের,1
পতিবেশি,1
আস্তানা,1
চেন্যালের,1
বাহারান,1
চতুর,1
ভান্ডামীর,1
অদরজ,1
কিরকমের,1
কোনার,1
যাবো,1
হোটেলগুলিতে,1
করাপটেড,1
একসিলেন্ট,1
ইতালিতে,1
নেশাদ্রব্য,1
মাঝের,1
পাচারেও,1
অনে,1
বিউলীর,1
কালাইয়ের,1
টকটার,1
তর্তরা,1
হেনস্ত,1
থাকবোনা,1
মা-কেই,1
তুমায়,1
পায়ের,1
গর্তে,1
ডেইলি,1
যাএীরা,1
চান্দে,1
কচ্ছপের,1
সবগুলার,1
খাটাশের,1
বিশ্লেষণ,1
হইতাছে✌,1
বংশালে,1
হাজ্বি,1
জুম্মন,1
আইটেমই,1
যাত্রাবাড়ীতে,1
বাচানো,1
উইস,1
ভিডিওটাও,1
করতে‌,1
এরাতো,1
ক্যডার,1
রুহিঙা,1
ডেসক্রিপশনটা,1
লিখতেও,1
এগি,1
ডেলিভারি,1
হ্লার,1
ইমিগ্রেশনের,1
বর্ডারেই,1
ল্যাপটপের,1
পাসস্পোর্টে,1
শিখাবো,1
হোয়াট,1
এবাউট,1
ডিসেন্ট,1
সেসকল,1
ঘা,1
আলসার,1
আমাশা,1
খীদে,1
যমদূতশুনুন,1
সংবরণ,1
ঘোরা,1
বন্ধ‌,1
স্টান্ডার্ড,1
শুনিনা,1
আসোল,1
গনপূর্তের,1
টেন্ডার,1
দেহি,1
দৃষ্ঠী,1
বার্ছিটি,1
থাকিসতো,1
বোঝাযায়,1
অশীক্ষত,1
ছোটলোক,1
দেষের,1
নামলেও,1
খুনির,1
হ​য়,1
বিচ্চা,1
সটিখ,1
ঘড়িবে,1
সেখানের,1
আবহাওয়ার,1
ক্যবলকার,1
গণমাধ্যমই,1
মনকে,1
আত্নাকে,1
এপ্রিসিয়েট,1
পরিপূর্ন,1
কালিংপং,1
বহরমপুর,1
চন্দননগর,1
ফুটা,1
মালদ্বীপ,1
অন্যদেশীদের,1
ডেসটিনেশন,1
প্রকৃতিপ্রেমী,1
আগ্রহের,1
কমতি,1
শাংরি,1
কলাই,1
হৈয়া,1
গ্যাছে,1
খামোশ,1
ছিরে,1
রুহিঙ্গা,1
পরছিলো,1
খোঁজাখুঁজি,1
ধরমীয়,1
মানুসে,1
জিবনটা,1
জাযাকাল্লাহ,1
কেন্টমেন্ট,1
করাতেই,1
খেলম্মু,1
পাড়ি,1
টেনশনের,1
এক্সেস,1
চালাই,1
দুর্গাপুর,1
বাঙালীয়ানাও,1
আসানসোল,1
মালদা,1
বর্ধমান,1
বসিরহাট,1
ম্যানুয়াল,1
মিত্র,1
কাফেতে,1
ফিশফ্রাই,1
নেকীর,1
দিওয়ানা,1
স্বামীকে,1
জামার,1
কনদোল,1
বোতাম,1
লিপিস্টক,1
রেস্টরেন্টে,1
প্রাইবেট,1
স্বাদিন,1
৩৮,1
টিউটোরিয়াল,1
অ্যাশচেন,1
লাগচে,1
বাত,1
চাবান,1
আচারে,1
যেদেশের,1
চুইয়ে,1
হোটেলকে,1
ষরিশা,1
তেলদিয়ে,1
গুমায়,1
ঘুমাস,1
ঘুমে,1
প্রযোজন,1
অামরাও,1
লেইট,1
হোক৷,1
মাইয়াটার,1
ছিল্লানি,1
হাতদিয়ে,1
ক্যাবেল,1
সেইটাতো,1
Уличная,1
еда,1
с,1
Но,1
я,1
её,1
люблю,1
особенно,1
তুলো.,1
জাগায়,1
কুইটা,1
তোলপাড়,1
পএিটি,1
দরাপরার,1
খেতাপুরি,1
কোনটাই,1
আপনারটা,1
আপনারটাই,1
বয়সেই,1
দরকারটা,1
দায়বদ্ধ,1
মিত্রা,1
মান্দাতা,1
প্রতিদিনে,1
দেখবি,1
ব্যাপারটি,1
উর্দু,1
ছারেও,1
এগুল,1
ধান্ধবাজ,1
আনাহোক,1
চেনাই,1
দেকে,1
সুনেও,1
এটারি,1
বাছ,1
মতিজিল,1
আওতায,1
মরেও,1
হালানের,1
নরদমার,1
পুলিশগোরে,1
পারসন,1
স্বাধীনভাবে,1
নিসত,1
ছাড়,1
বাচ্চায়,1
করতি,1
☹️☹️☹️,1
পুশু,1
ভিড়িওতেও,1
কিপ্টামি,1
বাংগালির,1
খুজেই,1
বাঁচল,1
প্রনায়ন,1
ফরম,1
ভাটপারি,1
কমা,1
কলাপাতা,1
জুটিটা,1
জেখানকার,1
আত্তহারা,1
সিমলা,1
চ্যানেলর,1
চুয়ায়,1
পরতেসে,1
নামটি,1
সত্তিকারের,1
রাব্বানীর,1
রুমি,1
56,1
বর্গ,1
মাইলের,1
অণুবীক্ষণ,1
ডামাডোলে,1
উদাহরণটাই,1
করিয়েছিলেন,1
ইনশাল্লাই,1
হিল্ল,1
47,1
মানেকি,1
হত্তার,1
সুসাশন,1
প্রেজেন্টশন,1
জাদ,1
কোনোও,1
ইহুদিও,1
থাকবেনা❤,1
আমলনামা,1
ইমুতে,1
অডিও,1
হইগেছে,1
ফুটের,1
ওঠাইয়া,1
দাবারের,1
ধানমন্ডী,1
সেদেশে,1
বনানী,1
চরকগাছে,1
উইঠ্যা,1
বেবহারটা,1
হেডার,1
চুতমারানিরা,1
"""ঘুষ",1
"গড়ো""",1
অাগেরটাই,1
পিভিআই,1
বাসাবাড়ি,1
ইলিশে,1
অবস্থাতেই,1
যাওার,1
হলুদের,1
রহিংগা,1
ভিকারী,1
কিনেদেখ,1
দেখেচিস,1
স্বপ্নকে,1
খাবারগুলা,1
ফিলিপাইনের,1
স্থানীয়,1
এপিসোডগুলোর,1
টিভিই,1
রাজী,1
সম্পন্য,1
অক্টবারের,1
মিশিয়েছি,1
ডিসেম্বর,1
ফেবুলাষ্টিক,1
ফেন্টাবুলাষ্টিক,1
মাগিরা,1
বেচো,1
হাইজেনিটি,1
অস্বাস্হ্যকর,1
মধ্যবিত্তের,1
সুদৃষ্টি,1
সুবহানাহু,1
ওয়াতাআলা,1
নারিকে,1
জর্দান,1
বিরিয়ানিতে,1
মাগলুবা,1
এখানকা,1
মস্তিষ্কে,1
এন্ডোরফিন,1
হরমোনের,1
ক্ষরণ,1
চাংগা,1
স্ট্রেস,1
লেভেলও,1
কমেই,1
পুজোয়,1
খাইছিলো,1
মুভিতে,1
মমকে,1
জাহাঙ্গীরনগরে,1
অনুরোধে,1
ডুবেছিল,1
পদ্দা,1
গিলি,1
কয়লাতো,1
বেসম্ভব,1
কান্চন,1
জংগা,1
হারালেন,1
বৈচিত্রময়,1
প্রাণে,1
শিগারেট,1
নলার,1
সত্যতে,1
রিমান্ডডে,1
মানুশকে,1
দেখাইয়েন,1
মনচাইতেছে,1
বারবিকিউএর,1
ঢাকে,1
কেহই,1
করলেইতো,1
আইওয়াস,1
ভআঁই,1
চাইবার,1
অভদ্র,1
নারীবাদীরা,1
দানদা,1
বেচেছে,1
নিরাশ,1
হয়োনা,1
পড়া-লিখা,1
আর্টিস্টিক,1
ফার্মগেট,1
মানসুর,1
আপনাদেরও,1
বিবিচি,1
নোয়াখালীর,1
আবদার,1
হিজুড়া,1
নল,1
খানকিদের,1
ইমোতে,1
ইচ্ছুক,1
হট,1
বাংগা,1
চুরা,1
ফোকাসিং,1
এখটু,1
ভাতপায়না,1
10%,1
1952,1
ভক্ষকের,1
